member_id,genealogy_id,name,gender,birth_year,death_year,biography
20000,2,朱烨,M,1725,1797,
20001,2,苏莺,F,1722,1801,
20002,2,朱晨,M,1728,1817,
20003,2,姚秀淑,F,1729,1808,
20004,2,朱奕,M,1727,,
20005,2,谢凤,F,1726,1788,
20006,2,朱刚博,M,1728,1814,
20007,2,袁薇,F,1727,1808,
20008,2,朱文,M,1724,1809,
20009,2,蒋莺,F,1724,1801,
20010,2,朱翔,M,1721,1809,
20011,2,董媛,F,1721,1787,
20012,2,朱毅明,M,1727,1768,
20013,2,邱淑,F,1724,1806,
20014,2,朱浩,M,1726,1796,
20015,2,江荣,F,1723,1806,
20016,2,朱熠,M,1728,1793,
20017,2,颜琳,F,1729,1799,
20018,2,朱磊翔,M,1724,1764,
20019,2,祝萍爱,F,1724,1787,
20020,2,朱淑,F,1741,1810,
20021,2,朱健,M,1740,1812,
20022,2,朱天,M,1736,1822,
20023,2,朱洁琪,F,1740,1811,
20024,2,朱远,M,1739,1784,
20025,2,朱蕾,F,1736,1778,
20026,2,朱凤菊,F,1737,1817,
20027,2,朱达,M,1740,1829,
20028,2,朱飞熠,M,1739,1811,
20029,2,朱卓,M,1736,1826,
20030,2,朱香,F,1738,1787,
20031,2,朱强天,M,1740,1829,
20032,2,朱菊,F,1737,1805,
20033,2,朱远,M,1738,1814,
20034,2,朱松,M,1736,1789,
20035,2,朱敏,F,1735,1786,
20036,2,朱婷薇,F,1741,1829,
20037,2,朱烨,M,1740,1788,
20038,2,朱鑫,M,1741,1789,
20039,2,朱斌,M,1741,1800,
20040,2,朱林斌,M,1737,1826,
20041,2,朱惠,F,1737,1805,
20042,2,朱月,F,1738,1804,
20043,2,朱娜,F,1741,1792,
20044,2,朱毅,M,1736,1819,
20045,2,朱燕,F,1736,1821,
20046,2,朱健松,M,1740,1786,
20047,2,朱蕾,F,1736,1779,
20048,2,朱杰,M,1741,1821,
20049,2,朱晨伟,M,1737,1803,
20050,2,朱春欣,F,1735,1776,
20051,2,朱志,M,1739,1801,
20052,2,朱远海,M,1739,1824,
20053,2,朱欣,F,1740,1812,
20054,2,朱洋,M,1737,1799,
20055,2,朱鸿,M,1738,1796,
20056,2,朱鹏,M,1740,1787,
20058,2,郭芬,F,1736,1808,
20059,2,梅玲,F,1735,1815,
20060,2,邱娥,F,1741,1831,
20061,2,安莺,F,1742,1811,
20062,2,陶雅,F,1736,1802,
20063,2,周春,F,1741,1786,
20064,2,孙艳,F,1738,1822,
20065,2,项梦,F,1735,1784,
20066,2,曹月珠,F,1739,1797,
20067,2,路凤,F,1734,1801,
20068,2,雷娜,F,1738,1788,
20069,2,于红,F,1732,1791,
20070,2,贺丽,F,1737,1823,
20071,2,宋莺,F,1741,1788,
20073,2,樊菊,F,1737,1787,
20075,2,朱琪燕,F,1756,1838,
20076,2,朱燕,F,1755,1815,
20077,2,朱驰刚,M,1756,1830,
20078,2,朱俊泽,M,1754,1801,
20079,2,朱达,M,1755,1844,
20080,2,朱蕾,F,1759,1841,
20081,2,朱刚海,M,1754,1835,
20082,2,朱宏,M,1758,1815,
20083,2,朱天,M,1759,1829,
20084,2,朱惠,F,1753,1833,
20085,2,朱宇,M,1755,1844,
20086,2,朱泽奕,M,1753,1807,
20087,2,朱毅,M,1754,1799,
20088,2,朱明俊,M,1757,1832,
20089,2,朱梦,F,1756,1831,
20090,2,朱天志,M,1755,1833,
20091,2,朱爱荣,F,1759,1840,
20092,2,朱雪燕,F,1759,1847,
20093,2,朱睿,M,1756,1828,
20094,2,朱洁莺,F,1756,1817,
20095,2,朱健,M,1759,1847,
20096,2,朱驰翔,M,1759,1823,
20097,2,朱珠,F,1756,1829,
20098,2,朱昊,M,1759,1848,
20099,2,朱文,M,1757,1817,
20100,2,朱媛颖,F,1758,1840,
20101,2,朱鹏,M,1759,1849,
20102,2,朱鸿,M,1754,1828,
20103,2,朱静,F,1756,1840,
20104,2,朱浩,M,1757,1816,
20105,2,朱琪,F,1757,1840,
20106,2,朱磊,M,1755,1827,
20107,2,朱奇军,M,1755,1805,
20108,2,朱芝颖,F,1756,1808,
20109,2,朱博,M,1756,1806,
20110,2,朱莺,F,1755,1823,
20111,2,朱轩哲,M,1753,1806,
20112,2,朱远,M,1753,1836,
20113,2,朱云云,F,1753,1834,
20114,2,朱伟,M,1755,1820,
20115,2,朱爱,F,1756,1818,
20116,2,朱浩,M,1753,1828,
20117,2,朱秀,F,1759,1842,
20118,2,朱香,F,1755,1845,
20119,2,朱磊磊,M,1753,1811,
20120,2,朱毅烨,M,1753,1821,
20121,2,朱鑫,M,1753,1798,
20122,2,朱磊,M,1755,,
20123,2,朱涛,M,1753,1826,
20124,2,朱雅,F,1759,1844,
20125,2,朱素玲,F,1756,1816,
20126,2,朱晨天,M,1757,1809,
20127,2,朱强,M,1757,1830,
20128,2,朱香,F,1754,1796,
20129,2,朱卓翔,M,1755,1842,
20130,2,朱惠,F,1759,1832,
20131,2,朱宏海,M,1759,1803,
20132,2,戴芳,F,1761,1803,
20133,2,严萍,F,1754,1829,
20134,2,戴丽,F,1752,1814,
20136,2,蒋怡,F,1757,1828,
20137,2,卫娜,F,1760,1837,
20138,2,唐欣,F,1756,1832,
20139,2,李玉,F,1753,1840,
20141,2,娄素,F,1749,1798,
20142,2,傅莲,F,1751,1791,
20144,2,汪荣菊,F,1756,1822,
20145,2,谢彩,F,1754,1838,
20146,2,严梅兰,F,1757,1811,
20147,2,杜瑶莲,F,1753,1817,
20148,2,蔡春云,F,1750,1802,
20149,2,童佳,F,1757,1800,
20150,2,蓝娥,F,1760,1826,
20151,2,盛霞,F,1755,1834,
20152,2,黄佳,F,1749,1813,
20153,2,田淑玉,F,1754,1795,
20154,2,尹娜,F,1757,1820,
20156,2,冯雅,F,1752,1834,
20157,2,阮瑞秀,F,1758,1819,
20160,2,郑怡薇,F,1750,1817,
20161,2,郝雅,F,1752,1792,
20162,2,韩蕾怡,F,1755,1818,
20163,2,朱卓,M,1773,1852,
20164,2,朱玉,F,1776,1849,
20165,2,朱健,M,1773,1852,
20166,2,朱春,F,1772,1845,
20167,2,朱玲萍,F,1773,1851,
20168,2,朱志,M,1775,1859,
20169,2,朱海,M,1776,1837,
20170,2,朱建建,M,1775,1839,
20171,2,朱芬,F,1774,1864,
20172,2,朱敏,F,1771,1840,
20173,2,朱博,M,1777,1851,
20174,2,朱健宇,M,1774,1859,
20175,2,朱静,F,1771,1822,
20176,2,朱雪佳,F,1777,1851,
20177,2,朱杰,M,1772,1816,
20178,2,朱梦,F,1771,1858,
20179,2,朱轩晨,M,1772,1847,
20180,2,朱怡,F,1774,1831,
20181,2,朱昊泽,M,1775,1840,
20182,2,朱彬,M,1775,1845,
20183,2,朱晨,M,1772,1830,
20184,2,朱志鸿,M,1775,1828,
20185,2,朱波,M,1773,1819,
20186,2,朱芳,F,1771,1815,
20187,2,朱月,F,1773,1832,
20188,2,朱浩,M,1777,1861,
20189,2,朱鑫宏,M,1773,1821,
20190,2,朱荣怡,F,1772,1835,
20191,2,朱博宏,M,1775,1833,
20192,2,朱梦怡,F,1773,1827,
20193,2,朱俊,M,1771,1820,
20194,2,朱天,M,1776,1820,
20195,2,朱静,F,1773,1857,
20196,2,朱波,M,1773,1818,
20197,2,朱杰睿,M,1771,1831,
20198,2,朱博,M,1777,1838,
20199,2,朱媛,F,1772,1855,
20200,2,朱驰,M,1775,1850,
20201,2,朱军,M,1777,1865,
20202,2,朱雪,F,1777,1844,
20203,2,朱荣颖,F,1771,1813,
20204,2,朱婷红,F,1771,1825,
20205,2,朱惠香,F,1774,1814,
20206,2,朱烨波,M,1774,1839,
20207,2,朱鹏,M,1776,1827,
20208,2,朱红,F,1774,1837,
20209,2,朱昊,M,1776,1865,
20210,2,朱凯,M,1773,1858,
20211,2,朱刚,M,1777,1867,
20212,2,朱璐春,F,1774,1860,
20213,2,朱敏,F,1775,1844,
20214,2,朱鸿磊,M,1777,1835,
20215,2,朱霞,F,1777,1850,
20216,2,朱鸿,M,1773,1820,
20217,2,朱珠菊,F,1771,1844,
20218,2,朱娥欣,F,1777,1837,
20219,2,朱睿,M,1777,1846,
20220,2,朱明俊,M,1776,1851,
20221,2,朱海,M,1774,,
20222,2,朱莺,F,1775,1863,
20223,2,朱娜静,F,1776,1824,
20224,2,朱杰,M,1777,,
20225,2,朱辉,M,1771,1849,
20226,2,朱奇,M,1772,1845,
20227,2,朱杰,M,1776,1865,
20228,2,朱淑,F,1776,1820,
20229,2,朱玲,F,1772,1844,
20230,2,朱驰伟,M,1771,1811,
20231,2,朱哲,M,1773,1825,
20232,2,朱艳敏,F,1773,1824,
20233,2,朱林,M,1771,1819,
20234,2,朱雅,F,1775,1865,
20235,2,朱红,F,1775,1825,
20236,2,朱波,M,1775,1827,
20237,2,朱奕,M,1777,1848,
20238,2,朱莺,F,1775,1838,
20239,2,朱颖,F,1773,1814,
20240,2,朱博,M,1777,1833,
20241,2,朱兰爱,F,1771,1825,
20242,2,朱军涛,M,1772,1858,
20243,2,朱欣,F,1774,1857,
20244,2,朱林,M,1774,1861,
20245,2,朱媛颖,F,1772,1822,
20246,2,朱怡琪,F,1776,1825,
20247,2,朱睿泽,M,1773,1823,
20248,2,朱奕,M,1776,1866,
20249,2,朱涛,M,1771,1831,
20250,2,朱娥怡,F,1775,1821,
20251,2,朱龙,M,1772,1823,
20252,2,朱烨,M,1776,1828,
20253,2,朱瑶,F,1776,1822,
20254,2,朱杰建,M,1774,1825,
20255,2,朱娜红,F,1774,1816,
20256,2,夏珠红,F,1774,1860,
20257,2,谢月,F,1775,1865,
20258,2,常彩,F,1768,1818,
20259,2,鲁云丽,F,1775,1843,
20262,2,季芳,F,1771,1840,
20263,2,潘欣,F,1772,1841,
20265,2,贾玲,F,1778,1820,
20266,2,许欣,F,1773,1837,
20267,2,安春,F,1778,1864,
20268,2,梅媛,F,1769,1824,
20270,2,赵香,F,1769,1845,
20271,2,金芝,F,1773,1821,
20272,2,江佳佳,F,1770,1837,
20274,2,邹璐,F,1771,1840,
20275,2,谢惠,F,1772,1825,
20276,2,卫洁,F,1774,1858,
20277,2,姚玉艳,F,1776,1838,
20278,2,严云,F,1776,1862,
20280,2,童洁玉,F,1775,1854,
20281,2,齐媛,F,1774,1845,
20282,2,邹云,F,1779,1828,
20283,2,雷丽洁,F,1772,,
20284,2,周云,F,1777,1853,
20285,2,蔡娜,F,1778,1820,
20286,2,袁惠玲,F,1772,1812,
20287,2,吴娜,F,1774,1857,
20288,2,路璐,F,1772,1853,
20289,2,陈薇,F,1770,1846,
20290,2,马洁凤,F,1777,1821,
20291,2,危蕾颖,F,1772,1820,
20292,2,江婷,F,1771,1821,
20293,2,袁玲,F,1767,1828,
20295,2,黄雅春,F,1770,1828,
20296,2,汤霞梅,F,1773,1851,
20297,2,尹珠,F,1777,1866,
20298,2,陈薇娜,F,1777,1843,
20299,2,于娜,F,1773,1836,
20300,2,颜惠,F,1773,1855,
20303,2,薛燕云,F,1767,1851,
20304,2,朱佳,F,1789,1856,
20305,2,朱燕艳,F,1792,1838,
20306,2,朱俊,M,1794,1857,
20307,2,朱博达,M,1795,1863,
20308,2,朱瑶,F,1790,1847,
20309,2,朱伟俊,M,1791,1840,
20310,2,朱奕,M,1794,1873,
20311,2,朱香,F,1789,1853,
20312,2,朱艳,F,1793,1869,
20313,2,朱翔,M,1795,1866,
20314,2,朱烨,M,1791,1849,
20315,2,朱瑶,F,1795,1877,
20316,2,朱林,M,1794,1874,
20317,2,朱奇,M,1793,1864,
20318,2,朱泽彬,M,1795,1868,
20319,2,朱素,F,1791,1843,
20320,2,朱伟军,M,1789,1837,
20321,2,朱睿达,M,1792,1852,
20322,2,朱瑶,F,1792,1853,
20323,2,朱涛,M,1792,1833,
20324,2,朱斌,M,1795,1871,
20325,2,朱燕,F,1790,1860,
20326,2,朱宇,M,1789,1846,
20327,2,朱红,F,1789,1865,
20328,2,朱明鑫,M,1791,1843,
20329,2,朱晨,M,1795,1843,
20330,2,朱玉,F,1792,1846,
20331,2,朱伟磊,M,1791,1881,
20332,2,朱兰,F,1791,1843,
20333,2,朱宇,M,1795,1883,
20334,2,朱远,M,1789,1873,
20335,2,朱飞志,M,1795,1883,
20336,2,朱娜,F,1791,1840,
20337,2,朱海,M,1794,1843,
20338,2,朱奕,M,1789,1872,
20339,2,朱佳,F,1794,1859,
20340,2,朱文晨,M,1795,1880,
20341,2,朱春,F,1792,1869,
20342,2,朱奇强,M,1791,1871,
20343,2,朱勇,M,1795,1863,
20344,2,朱睿,M,1794,1851,
20345,2,朱鑫昊,M,1790,1878,
20346,2,朱香,F,1791,1833,
20347,2,朱俊刚,M,1790,1862,
20348,2,朱菊兰,F,1790,1853,
20349,2,朱芬燕,F,1791,1846,
20350,2,朱翔,M,1791,1836,
20351,2,朱瑞,F,1794,1844,
20352,2,朱哲,M,1793,1835,
20353,2,朱萍,F,1794,1874,
20354,2,朱玲,F,1792,1873,
20355,2,朱素梦,F,1791,1879,
20356,2,朱烨,M,1795,1878,
20357,2,朱荣,F,1795,1877,
20358,2,朱瑶敏,F,1795,1855,
20359,2,朱强,M,1794,1846,
20360,2,朱鑫,M,1793,1857,
20361,2,朱浩,M,1791,1849,
20362,2,朱宇飞,M,1793,1850,
20363,2,朱芝,F,1794,1865,
20364,2,朱烨,M,1790,1855,
20365,2,朱凤,F,1792,1882,
20366,2,朱强,M,1795,1861,
20367,2,朱香,F,1794,1839,
20368,2,朱轩彬,M,1795,1873,
20369,2,朱浩,M,1792,1838,
20370,2,朱龙海,M,1792,1833,
20371,2,朱梅,F,1793,1863,
20372,2,朱涛,M,1793,1882,
20373,2,朱静彩,F,1792,1877,
20374,2,朱昊,M,1790,1850,
20375,2,朱云,F,1794,1845,
20376,2,朱刚,M,1794,1840,
20377,2,朱红,F,1792,1844,
20378,2,朱蕾颖,F,1792,1874,
20379,2,朱涛,M,1789,1834,
20380,2,朱杰,M,1795,1848,
20381,2,朱春琪,F,1790,1850,
20382,2,朱洁淑,F,1794,1841,
20383,2,朱波,M,1791,1873,
20384,2,朱娥,F,1794,1863,
20385,2,朱蕾,F,1792,1843,
20386,2,朱驰,M,1794,1856,
20387,2,朱明斌,M,1795,1840,
20388,2,朱莲,F,1792,1843,
20389,2,朱松,M,1790,1872,
20390,2,朱龙,M,1792,1836,
20391,2,朱娜,F,1793,1850,
20392,2,朱晨,M,1793,1880,
20393,2,朱飞,M,1794,1863,
20394,2,朱琪,F,1790,1852,
20395,2,朱轩,M,1795,1876,
20396,2,朱鑫,M,1789,1864,
20397,2,朱敏,F,1793,1855,
20398,2,朱云云,F,1791,1867,
20399,2,朱菊惠,F,1790,1857,
20400,2,朱飞,M,1794,1836,
20401,2,朱素,F,1793,1861,
20402,2,朱达,M,1795,1871,
20403,2,朱颖梅,F,1793,1843,
20404,2,朱斌彬,M,1794,1870,
20405,2,朱毅,M,1791,1847,
20406,2,朱怡,F,1790,1877,
20407,2,朱明烨,M,1791,1839,
20408,2,朱燕红,F,1793,1835,
20409,2,朱辉,M,1793,1861,
20410,2,朱翔,M,1792,1844,
20411,2,朱蕾,F,1791,1837,
20412,2,朱玉霞,F,1789,1849,
20413,2,朱磊,M,1792,1834,
20414,2,朱爱,F,1790,1869,
20415,2,朱彬,M,1795,1858,
20416,2,朱珠梦,F,1789,1841,
20417,2,朱俊,M,1790,1853,
20418,2,朱军凯,M,1792,1863,
20419,2,朱博,M,1792,1842,
20420,2,朱勇,M,1795,1847,
20421,2,朱晨,M,1793,1849,
20422,2,朱琳,F,1795,1863,
20423,2,朱静,F,1789,1869,
20424,2,朱辉,M,1792,1839,
20425,2,朱毅,M,1794,1855,
20426,2,朱爱,F,1791,1832,
20427,2,朱林,M,1795,1851,
20428,2,朱凤,F,1792,1859,
20429,2,朱熠,M,1794,1858,
20430,2,朱芝,F,1795,1848,
20431,2,朱哲,M,1791,1863,
20432,2,朱龙,M,1794,1840,
20433,2,朱静彩,F,1793,1835,
20434,2,朱鹏涛,M,1794,1852,
20435,2,朱浩,M,1791,1881,
20436,2,朱琪,F,1794,1862,
20437,2,朱涛,M,1795,1860,
20438,2,朱静,F,1795,1847,
20439,2,朱烨军,M,1791,1838,
20440,2,朱磊志,M,1793,1849,
20441,2,朱松,M,1792,1838,
20442,2,朱欣梦,F,1789,1840,
20443,2,朱驰,M,1791,1866,
20444,2,朱兰,F,1791,1870,
20445,2,朱娜,F,1793,1850,
20446,2,朱鹏,M,1790,1867,
20447,2,朱艳娜,F,1789,1835,
20448,2,朱月艳,F,1789,1859,
20449,2,朱昊,M,1795,1881,
20450,2,朱浩,M,1793,1876,
20451,2,朱淑,F,1794,1870,
20452,2,方雅,F,1794,1855,
20453,2,强洁琪,F,1788,1829,
20454,2,方丽梦,F,1797,1884,
20456,2,江玲,F,1795,1838,
20457,2,柳颖,F,1793,1842,
20458,2,郑婷,F,1790,1857,
20459,2,赵素,F,1794,1843,
20460,2,范媛,F,1791,1858,
20461,2,薛荣,F,1796,1848,
20462,2,袁兰,F,1794,1865,
20463,2,凌素,F,1794,1871,
20464,2,夏梅,F,1792,1870,
20465,2,童芬佳,F,1796,1838,
20467,2,凌瑞,F,1789,1841,
20468,2,傅淑兰,F,1792,1845,
20469,2,骆凤,F,1788,1859,
20470,2,沈瑶,F,1792,1845,
20471,2,邱芬,F,1794,1855,
20472,2,阮霞,F,1791,1879,
20473,2,沈兰,F,1792,1843,
20474,2,夏璐雪,F,1795,1855,
20475,2,常媛,F,1791,1850,
20476,2,伍薇,F,1794,1863,
20477,2,秦凤,F,1792,1873,
20478,2,邱霞,F,1796,1879,
20479,2,梅荣淑,F,1792,1871,
20480,2,方雪,F,1789,1831,
20481,2,贾媛彩,F,1790,1871,
20482,2,郑彩颖,F,1794,1882,
20483,2,麻雪,F,1786,1851,
20484,2,常梦,F,1793,1877,
20485,2,孔秀,F,1788,1847,
20486,2,钱兰,F,1791,1848,
20487,2,刁月,F,1793,1859,
20488,2,何兰,F,1788,1871,
20489,2,屈静琳,F,1794,1850,
20490,2,阮怡,F,1797,1842,
20491,2,麻娥雪,F,1797,1838,
20492,2,贾秀梦,F,1788,1849,
20493,2,汤欣,F,1796,1855,
20494,2,鲁雅,F,1790,1842,
20495,2,娄燕,F,1788,1843,
20496,2,方惠,F,1785,1866,
20497,2,刁蕾蕾,F,1787,1875,
20498,2,邹静,F,1790,1861,
20499,2,娄玉,F,1792,1879,
20500,2,马芝,F,1789,1871,
20501,2,童荣婷,F,1797,1863,
20503,2,舒玉,F,1790,1878,
20504,2,杨爱,F,1786,1830,
20505,2,纪婷,F,1796,1852,
20506,2,阮艳,F,1792,1849,
20507,2,鲁娜菊,F,1792,1845,
20508,2,安梦红,F,1790,1864,
20509,2,汪艳玉,F,1793,1863,
20511,2,娄爱,F,1792,1878,
20512,2,金淑,F,1795,1851,
20513,2,马云月,F,1792,1877,
20514,2,夏萍瑶,F,1791,1841,
20515,2,赵琪雅,F,1796,1850,
20516,2,赵春,F,1790,1874,
20517,2,曹彩琳,F,1794,1883,
20518,2,朱红,F,1812,1861,
20519,2,朱达,M,1812,1866,
20520,2,朱洋,M,1813,1876,
20521,2,朱霞莺,F,1811,1861,
20522,2,朱宇松,M,1807,1889,
20523,2,朱博,M,1811,,
20524,2,朱敏,F,1812,1889,
20525,2,朱宇,M,1809,1864,
20526,2,朱强,M,1808,1898,
20527,2,朱勇,M,1813,1872,
20528,2,朱松,M,1808,,
20529,2,朱静香,F,1808,1873,
20530,2,朱秀,F,1807,1864,
20531,2,朱洁素,F,1809,1875,
20532,2,朱萍,F,1811,1882,
20533,2,朱杰,M,1807,1895,
20534,2,朱强浩,M,1807,1874,
20535,2,朱芬,F,1808,1854,
20536,2,朱志,M,1811,1899,
20537,2,朱伟,M,1810,1864,
20538,2,朱红瑶,F,1810,1866,
20539,2,朱梅,F,1811,1867,
20540,2,朱伟龙,M,1808,1869,
20541,2,朱淑,F,1807,1894,
20542,2,朱驰,M,1808,1857,
20543,2,朱香雅,F,1812,1882,
20544,2,朱波,M,1810,1865,
20545,2,朱天,M,1813,1856,
20546,2,朱玲,F,1812,1856,
20547,2,朱熠,M,1808,1876,
20548,2,朱梅,F,1811,1893,
20549,2,朱松,M,1810,1893,
20550,2,朱俊,M,1810,1864,
20551,2,朱娜红,F,1809,1856,
20552,2,朱飞,M,1808,1867,
20553,2,朱萍,F,1809,1861,
20554,2,朱梦静,F,1811,1865,
20555,2,朱涛,M,1809,1868,
20556,2,朱伟,M,1813,1863,
20557,2,朱宇,M,1807,1888,
20558,2,朱璐春,F,1808,1860,
20559,2,朱菊,F,1810,1855,
20560,2,朱萍,F,1813,1901,
20561,2,朱波,M,1813,1900,
20562,2,朱春,F,1812,1902,
20563,2,朱明,M,1810,1898,
20564,2,朱辉涛,M,1812,1877,
20565,2,朱晨,M,1807,1855,
20566,2,朱玲菊,F,1811,1886,
20567,2,朱欣,F,1813,1869,
20568,2,朱志涛,M,1808,1897,
20569,2,朱雅,F,1809,1872,
20570,2,朱鹏,M,1807,1897,
20571,2,朱奕,M,1810,1891,
20572,2,朱勇,M,1809,1886,
20573,2,朱瑶莺,F,1811,1884,
20574,2,朱爱,F,1812,1895,
20575,2,朱明,M,1810,1879,
20576,2,朱凤,F,1808,1864,
20577,2,朱哲,M,1813,1853,
20578,2,朱莲佳,F,1810,1862,
20579,2,朱明,M,1808,1851,
20580,2,朱兰菊,F,1809,1883,
20581,2,朱烨松,M,1808,1882,
20582,2,朱玉,F,1812,1871,
20583,2,朱晨,M,1811,1894,
20584,2,朱云,F,1813,1865,
20585,2,朱辉,M,1812,1895,
20586,2,朱菊香,F,1810,1855,
20587,2,朱鑫伟,M,1809,1867,
20588,2,朱雪,F,1813,1882,
20589,2,朱磊,M,1807,1897,
20590,2,朱刚,M,1812,1902,
20591,2,朱香,F,1809,1875,
20592,2,朱春素,F,1809,1851,
20593,2,朱强,M,1808,1864,
20594,2,朱芳彩,F,1811,1897,
20595,2,朱波达,M,1811,1856,
20596,2,朱红,F,1807,1851,
20597,2,朱浩远,M,1813,1891,
20598,2,朱洋,M,1810,1862,
20599,2,朱爱,F,1810,1873,
20600,2,朱月,F,1811,1860,
20601,2,朱军哲,M,1812,1899,
20602,2,朱洋,M,1809,1868,
20603,2,朱霞,F,1809,1876,
20604,2,朱文,M,1810,1861,
20605,2,朱宇,M,1807,1875,
20606,2,朱芳敏,F,1813,1895,
20607,2,朱达军,M,1807,1887,
20608,2,朱丽,F,1808,1866,
20609,2,朱芳怡,F,1807,1867,
20610,2,朱雪,F,1807,1893,
20611,2,朱兰,F,1809,1859,
20612,2,朱素,F,1812,1901,
20613,2,朱红,F,1809,1883,
20614,2,朱凯,M,1807,1881,
20615,2,朱怡,F,1811,1895,
20616,2,朱建,M,1808,1885,
20617,2,朱奕鑫,M,1809,1880,
20618,2,朱洁,F,1809,1855,
20619,2,朱翔,M,1810,1896,
20620,2,朱奕,M,1813,1901,
20621,2,朱驰,M,1807,1883,
20622,2,朱荣,F,1812,1863,
20623,2,朱娥琪,F,1809,1885,
20624,2,朱浩,M,1812,1901,
20625,2,朱鑫,M,1811,1901,
20626,2,朱薇,F,1811,1893,
20627,2,朱兰,F,1807,1869,
20628,2,朱哲毅,M,1811,1862,
20629,2,朱卓,M,1810,1878,
20630,2,朱薇,F,1809,1872,
20631,2,朱秀,F,1810,1858,
20632,2,朱娜珠,F,1811,1882,
20633,2,朱辉,M,1813,1856,
20634,2,朱彬鸿,M,1810,1884,
20635,2,朱哲军,M,1813,1893,
20636,2,朱荣,F,1811,1888,
20637,2,朱梦,F,1812,1857,
20638,2,朱杰,M,1807,1862,
20639,2,朱杰,M,1808,1877,
20640,2,朱薇,F,1810,1896,
20641,2,朱云梦,F,1807,1871,
20642,2,朱秀,F,1813,1874,
20643,2,朱磊明,M,1812,1862,
20644,2,朱香,F,1809,1852,
20645,2,朱天彬,M,1810,1851,
20646,2,朱卓,M,1813,1866,
20647,2,朱翔,M,1808,1852,
20648,2,朱芳凤,F,1807,1864,
20649,2,朱香,F,1810,1877,
20650,2,朱奇泽,M,1812,1880,
20651,2,朱涛,M,1810,1866,
20652,2,朱媛,F,1807,1885,
20653,2,朱凤菊,F,1810,1857,
20654,2,朱莲梅,F,1807,1867,
20655,2,朱波,M,1813,1871,
20656,2,朱斌,M,1812,1882,
20657,2,朱睿达,M,1807,1857,
20658,2,朱毅,M,1810,1863,
20659,2,朱雅梅,F,1811,1882,
20660,2,朱凯,M,1813,1883,
20661,2,朱红芝,F,1811,1871,
20662,2,朱燕芳,F,1808,1894,
20663,2,朱达,M,1808,1853,
20664,2,朱龙,M,1809,1871,
20665,2,朱洁,F,1812,1861,
20666,2,朱琪,F,1807,1874,
20667,2,朱明,M,1812,1887,
20668,2,朱明文,M,1811,1869,
20669,2,朱志,M,1808,1894,
20670,2,朱璐,F,1812,1858,
20671,2,朱俊海,M,1807,1878,
20672,2,朱雪,F,1807,1873,
20673,2,朱文,M,1808,1892,
20674,2,朱晨,M,1809,1854,
20675,2,朱瑶,F,1810,1864,
20676,2,朱熠昊,M,1807,1869,
20677,2,朱浩,M,1810,1864,
20678,2,朱凤媛,F,1810,1888,
20679,2,朱天,M,1813,,
20680,2,朱玲燕,F,1810,1871,
20681,2,朱涛,M,1810,1854,
20682,2,朱凯,M,1808,1876,
20683,2,朱建,M,1807,1859,
20684,2,朱敏,F,1808,,
20685,2,朱凯,M,1811,1899,
20686,2,朱荣婷,F,1811,1899,
20687,2,朱磊,M,1809,1865,
20688,2,朱燕婷,F,1813,1895,
20689,2,朱卓浩,M,1811,1899,
20690,2,朱翔,M,1812,1891,
20691,2,朱雪,F,1810,1877,
20692,2,朱颖,F,1810,1879,
20693,2,朱远建,M,1808,1878,
20694,2,朱松,M,1811,1871,
20695,2,朱鹏,M,1808,1895,
20696,2,朱兰婷,F,1807,1892,
20697,2,朱玉佳,F,1810,1852,
20698,2,朱涛,M,1808,1879,
20699,2,朱健,M,1810,1890,
20700,2,朱博,M,1812,1853,
20701,2,朱怡,F,1809,1853,
20702,2,朱哲,M,1808,1895,
20703,2,朱梦,F,1813,1883,
20704,2,朱远晨,M,1808,1894,
20705,2,朱雪,F,1809,1873,
20706,2,朱敏,F,1813,1874,
20707,2,朱海,M,1808,1852,
20708,2,朱宸驰,M,1812,1858,
20709,2,朱薇,F,1807,1870,
20710,2,朱文驰,M,1809,1858,
20711,2,朱敏欣,F,1807,1895,
20712,2,朱健刚,M,1812,1898,
20713,2,朱兰艳,F,1812,1852,
20714,2,朱娜,F,1808,1860,
20715,2,朱奇,M,1812,1862,
20716,2,朱远,M,1812,1896,
20717,2,朱怡瑞,F,1809,1880,
20718,2,朱凤,F,1810,1877,
20719,2,朱卓杰,M,1812,1892,
20720,2,朱翔宏,M,1809,1874,
20721,2,朱刚,M,1811,1882,
20722,2,朱奇军,M,1809,1855,
20723,2,朱蕾惠,F,1807,1882,
20724,2,朱敏,F,1807,1888,
20725,2,朱鸿,M,1813,1896,
20726,2,朱泽,M,1812,1902,
20727,2,朱玲,F,1807,1858,
20728,2,朱松,M,1809,1881,
20729,2,朱晨宸,M,1812,1877,
20730,2,朱颖怡,F,1810,1883,
20731,2,朱飞,M,1807,1854,
20732,2,朱彩雪,F,1810,1873,
20733,2,朱淑,F,1812,1863,
20734,2,朱轩,M,1812,1863,
20735,2,朱薇芝,F,1813,1856,
20736,2,朱鹏,M,1809,1864,
20737,2,戴红,F,1806,1862,
20738,2,项蕾月,F,1812,1889,
20739,2,严欣芬,F,1804,1854,
20741,2,安红,F,1814,1854,
20742,2,颜洁,F,1809,1857,
20743,2,陈素佳,F,1804,1891,
20744,2,樊芝,F,1811,1867,
20745,2,康丽,F,1804,1874,
20747,2,麻静,F,1810,1870,
20748,2,梁雅凤,F,1810,1858,
20749,2,高颖云,F,1804,1880,
20750,2,陶佳,F,1812,1886,
20751,2,韩瑞,F,1809,1849,
20752,2,熊芳媛,F,1806,1876,
20753,2,蒋淑,F,1810,1885,
20754,2,蔡静,F,1811,1877,
20755,2,樊欣,F,1808,1886,
20756,2,魏洁佳,F,1809,1873,
20757,2,汪欣,F,1805,1881,
20758,2,徐蕾,F,1807,1856,
20759,2,席静,F,1810,1884,
20760,2,危薇佳,F,1812,1868,
20761,2,唐玉,F,1809,1859,
20763,2,刁燕,F,1812,1867,
20764,2,舒芳淑,F,1809,1885,
20765,2,蒋蕾惠,F,1807,1870,
20766,2,常菊,F,1810,1884,
20767,2,方月,F,1811,1867,
20768,2,方颖娜,F,1812,1899,
20769,2,董静玲,F,1803,1892,
20770,2,张娥瑶,F,1810,1886,
20771,2,汪婷,F,1813,1888,
20772,2,项秀,F,1811,1881,
20773,2,冯凤艳,F,1806,,
20774,2,吴怡云,F,1809,1878,
20775,2,骆瑶洁,F,1810,1889,
20776,2,路红莺,F,1812,1881,
20778,2,傅芳,F,1811,1895,
20779,2,舒燕,F,1810,1854,
20780,2,秦素,F,1810,1889,
20781,2,于颖,F,1809,1887,
20782,2,潘兰珠,F,1808,1856,
20784,2,姚芝,F,1807,1874,
20785,2,高荣燕,F,1803,1856,
20786,2,骆香彩,F,1812,1853,
20787,2,傅霞,F,1808,1887,
20788,2,薛香,F,1808,1851,
20790,2,严春,F,1806,1879,
20791,2,韩琪,F,1813,1865,
20792,2,柳珠,F,1810,1859,
20794,2,任云欣,F,1815,1871,
20795,2,余欣,F,1807,1897,
20796,2,戴蕾香,F,1814,1891,
20797,2,危霞,F,1813,1880,
20798,2,汤菊,F,1809,1852,
20799,2,任凤,F,1805,1865,
20800,2,沈丽彩,F,1807,1850,
20801,2,秦琪,F,1813,1868,
20802,2,金丽,F,1810,1857,
20803,2,于荣,F,1809,1879,
20804,2,陶敏,F,1807,1893,
20805,2,魏彩萍,F,1809,1876,
20806,2,汤珠,F,1809,1875,
20807,2,魏荣瑶,F,1807,1860,
20808,2,季梅,F,1807,1896,
20809,2,江梅,F,1813,1902,
20811,2,于颖,F,1808,1855,
20812,2,何雪,F,1805,1885,
20814,2,郑燕,F,1814,1880,
20815,2,张燕,F,1809,1882,
20816,2,秦玉,F,1810,1859,
20817,2,李瑞,F,1810,1857,
20818,2,孙瑶,F,1806,1896,
20819,2,杜惠莲,F,1804,1862,
20821,2,潘芳芳,F,1806,1889,
20823,2,李惠,F,1810,1866,
20824,2,钱凤淑,F,1809,1895,
20825,2,齐梦,F,1806,1896,
20826,2,骆素,F,1809,1871,
20827,2,凌雅,F,1811,1898,
20828,2,熊娥莲,F,1813,1893,
20829,2,沈瑞,F,1807,1882,
20833,2,周芬,F,1809,1864,
20834,2,林春,F,1813,1866,
20835,2,傅娥,F,1807,1888,
20836,2,徐洁,F,1815,1900,
20837,2,郑玲,F,1808,1874,
20838,2,杨爱,F,1808,,
20839,2,席洁,F,1811,1851,
20840,2,阮梅兰,F,1808,1864,
20841,2,陈婷丽,F,1808,1882,
20842,2,朱媛媛,F,1828,1900,
20843,2,朱达,M,1826,1871,
20844,2,朱怡霞,F,1830,1877,
20845,2,朱松,M,1826,1892,
20846,2,朱奕天,M,1826,1894,
20847,2,朱军,M,1829,1879,
20848,2,朱毅远,M,1830,1914,
20849,2,朱芝,F,1830,1912,
20850,2,朱丽,F,1829,1896,
20851,2,朱烨,M,1826,1902,
20852,2,朱彬刚,M,1826,1905,
20853,2,朱红,F,1831,1920,
20854,2,朱香惠,F,1831,1883,
20855,2,朱斌,M,1827,1897,
20856,2,朱宇,M,1829,1881,
20857,2,朱素,F,1828,1869,
20858,2,朱云,F,1825,1904,
20859,2,朱颖,F,1827,1913,
20860,2,朱晨,M,1825,1873,
20861,2,朱瑞,F,1827,1904,
20862,2,朱翔军,M,1827,1900,
20863,2,朱莲,F,1829,1869,
20864,2,朱毅,M,1828,1896,
20865,2,朱昊,M,1825,1900,
20866,2,朱颖玉,F,1831,1887,
20867,2,朱佳,F,1828,1903,
20868,2,朱烨,M,1827,1899,
20869,2,朱轩哲,M,1828,1897,
20870,2,朱轩,M,1831,1918,
20871,2,朱红,F,1831,1910,
20872,2,朱达,M,1825,1897,
20873,2,朱蕾芬,F,1828,1878,
20874,2,朱奕,M,1828,1875,
20875,2,朱毅,M,1827,1916,
20876,2,朱璐,F,1831,1876,
20877,2,朱海,M,1829,1881,
20878,2,朱璐梅,F,1827,1908,
20879,2,朱达,M,1831,1902,
20880,2,朱强博,M,1829,1917,
20881,2,朱建,M,1829,1871,
20882,2,朱娥琳,F,1825,1872,
20883,2,朱熠,M,1828,1882,
20884,2,朱梦惠,F,1825,1908,
20885,2,朱远强,M,1825,1915,
20886,2,朱娥,F,1829,1906,
20887,2,朱静娥,F,1828,1902,
20888,2,朱奇,M,1831,1884,
20889,2,朱勇,M,1827,1896,
20890,2,朱鑫,M,1825,1909,
20891,2,朱鑫,M,1825,1877,
20892,2,朱凤素,F,1827,1876,
20893,2,朱杰,M,1826,1894,
20894,2,朱凤,F,1830,1897,
20895,2,朱涛,M,1827,1873,
20896,2,朱蕾,F,1830,1915,
20897,2,朱薇,F,1825,1898,
20898,2,朱鑫,M,1826,1914,
20899,2,朱杰,M,1830,1910,
20900,2,朱瑞,F,1825,1883,
20901,2,朱熠,M,1829,1906,
20902,2,朱惠,F,1825,1887,
20903,2,朱云爱,F,1828,1883,
20904,2,朱洋,M,1828,1913,
20905,2,朱强,M,1830,1891,
20906,2,朱怡璐,F,1831,1893,
20907,2,朱斌,M,1828,1873,
20908,2,朱驰,M,1826,1882,
20909,2,朱芳,F,1828,1873,
20910,2,朱丽洁,F,1827,1915,
20911,2,朱素,F,1825,1905,
20912,2,朱磊,M,1825,1899,
20913,2,朱翔,M,1831,1885,
20914,2,朱霞,F,1831,1893,
20915,2,朱杰斌,M,1825,1872,
20916,2,朱艳梦,F,1831,1907,
20917,2,朱菊,F,1825,1908,
20918,2,朱彬,M,1830,1880,
20919,2,朱烨,M,1826,1908,
20920,2,朱建龙,M,1826,1908,
20921,2,朱芳,F,1828,1887,
20922,2,朱军明,M,1830,1918,
20923,2,朱波,M,1829,1884,
20924,2,朱文,M,1831,1889,
20925,2,朱菊,F,1829,1905,
20926,2,朱明波,M,1826,1890,
20927,2,朱磊洋,M,1831,1892,
20928,2,朱艳,F,1829,1890,
20929,2,朱达,M,1830,1897,
20930,2,朱琪璐,F,1831,1887,
20931,2,朱月,F,1828,1876,
20932,2,朱玉,F,1829,1915,
20933,2,朱磊,M,1827,1880,
20934,2,朱燕丽,F,1830,1894,
20935,2,朱建,M,1829,1909,
20936,2,朱达,M,1828,1871,
20937,2,朱驰,M,1829,1899,
20938,2,朱菊兰,F,1825,1881,
20939,2,朱龙彬,M,1831,1885,
20940,2,朱琳,F,1830,,
20941,2,朱磊杰,M,1826,1900,
20942,2,朱驰,M,1831,1916,
20943,2,朱雅,F,1828,1891,
20944,2,朱强,M,1827,1911,
20945,2,朱娜,F,1828,1877,
20946,2,朱飞,M,1830,1901,
20947,2,朱熠,M,1826,1898,
20948,2,朱菊,F,1831,1897,
20949,2,朱军,M,1825,1901,
20950,2,朱惠,F,1830,1894,
20951,2,朱鹏,M,1826,1875,
20952,2,朱瑞,F,1827,1877,
20953,2,朱波,M,1830,1911,
20954,2,朱洁彩,F,1826,1879,
20955,2,朱娜,F,1826,1882,
20956,2,朱驰,M,1828,1910,
20957,2,朱宏,M,1826,1873,
20958,2,朱梦月,F,1826,1891,
20959,2,朱驰龙,M,1830,1892,
20960,2,朱远,M,1825,1900,
20961,2,朱达,M,1831,1913,
20962,2,朱月薇,F,1829,1914,
20963,2,朱宇,M,1829,1875,
20964,2,朱瑞,F,1829,1916,
20965,2,朱伟博,M,1825,1876,
20966,2,朱淑,F,1826,,
20967,2,朱瑞,F,1826,1913,
20968,2,朱芝,F,1830,1870,
20969,2,朱哲,M,1827,1876,
20970,2,朱婷,F,1828,1901,
20971,2,朱淑,F,1830,1915,
20972,2,朱昊,M,1826,1874,
20973,2,朱芳,F,1827,1888,
20974,2,朱睿磊,M,1826,1893,
20975,2,朱芬,F,1828,1902,
20976,2,朱轩驰,M,1825,1887,
20977,2,朱俊,M,1831,1893,
20978,2,朱兰洁,F,1830,1906,
20979,2,朱翔,M,1831,1882,
20980,2,朱睿,M,1826,1902,
20981,2,朱玲梦,F,1828,1873,
20982,2,朱云,F,1829,1884,
20983,2,朱建,M,1826,1916,
20984,2,朱月璐,F,1831,1903,
20985,2,朱伟俊,M,1825,1902,
20986,2,朱荣,F,1831,1880,
20987,2,朱远,M,1829,1885,
20988,2,朱勇,M,1827,1889,
20989,2,朱敏,F,1827,1882,
20990,2,朱刚,M,1829,1888,
20991,2,朱瑞,F,1827,1917,
20992,2,朱鸿,M,1827,1907,
20993,2,朱菊,F,1830,1880,
20994,2,朱飞,M,1827,1903,
20995,2,朱彩,F,1829,1880,
20996,2,朱佳,F,1826,1873,
20997,2,朱熠波,M,1827,1903,
20998,2,朱萍,F,1827,1876,
20999,2,朱佳佳,F,1826,1871,
21000,2,朱奇,M,1827,1903,
21001,2,朱红红,F,1825,1905,
21002,2,朱鸿,M,1826,1913,
21003,2,朱雅丽,F,1826,1877,
21004,2,朱洁欣,F,1831,,
21005,2,朱建鑫,M,1827,1887,
21006,2,朱荣,F,1830,1906,
21007,2,朱雅,F,1828,1891,
21008,2,朱月玲,F,1830,1906,
21009,2,朱磊伟,M,1825,1868,
21010,2,朱彩,F,1827,1886,
21011,2,朱轩,M,1831,1905,
21012,2,朱宇,M,1827,1904,
21013,2,朱奕卓,M,1827,1874,
21014,2,朱莲,F,1827,1896,
21015,2,朱婷蕾,F,1825,,
21016,2,朱伟烨,M,1830,1914,
21017,2,朱颖,F,1826,1911,
21018,2,朱卓,M,1827,1869,
21019,2,朱晨军,M,1828,1870,
21020,2,朱颖洁,F,1825,1880,
21021,2,朱芬丽,F,1831,1875,
21022,2,朱伟,M,1826,1881,
21023,2,朱洁娜,F,1826,1884,
21024,2,朱芳,F,1828,1894,
21025,2,朱杰,M,1829,1881,
21026,2,朱香,F,1827,1901,
21027,2,朱梦,F,1831,1906,
21028,2,朱泽斌,M,1831,1890,
21029,2,朱莺,F,1826,1904,
21030,2,朱斌,M,1825,1880,
21031,2,朱泽,M,1826,1906,
21032,2,朱蕾,F,1830,1893,
21033,2,朱奇飞,M,1830,1913,
21034,2,朱奇,M,1828,1872,
21035,2,朱哲龙,M,1825,1897,
21036,2,朱敏,F,1831,1913,
21037,2,朱凯奇,M,1830,1878,
21038,2,朱怡,F,1828,1908,
21039,2,朱涛睿,M,1827,1913,
21040,2,朱云,F,1830,1912,
21041,2,朱宏,M,1826,1908,
21042,2,朱毅,M,1828,1876,
21043,2,朱波,M,1830,1885,
21044,2,朱月,F,1830,1918,
21045,2,朱林,M,1831,1903,
21046,2,朱玲,F,1829,1887,
21047,2,朱欣欣,F,1828,1910,
21048,2,朱宏洋,M,1831,1880,
21049,2,朱建,M,1830,1880,
21050,2,朱静月,F,1829,1904,
21051,2,朱奇,M,1828,1880,
21052,2,朱莺芬,F,1828,1901,
21053,2,朱怡媛,F,1825,1910,
21054,2,朱昊远,M,1828,1898,
21055,2,朱文,M,1830,1871,
21056,2,朱伟,M,1829,1915,
21057,2,朱建,M,1825,1866,
21058,2,朱奕,M,1828,1882,
21059,2,朱驰,M,1827,,
21060,2,朱兰蕾,F,1828,1916,
21061,2,朱卓,M,1828,1894,
21062,2,朱欣,F,1831,1914,
21063,2,朱天,M,1826,1886,
21064,2,朱博,M,1828,1878,
21065,2,朱晨,M,1827,1901,
21066,2,朱波,M,1829,1912,
21067,2,朱芬敏,F,1828,1869,
21068,2,朱凤,F,1826,1889,
21069,2,朱宏,M,1826,1873,
21070,2,朱军,M,1825,1898,
21071,2,朱梅,F,1831,1875,
21072,2,朱颖芳,F,1825,1904,
21073,2,朱建,M,1828,1868,
21074,2,朱雅,F,1831,1912,
21075,2,朱龙,M,1831,1916,
21076,2,朱勇浩,M,1828,1899,
21077,2,朱强文,M,1828,1871,
21078,2,朱鸿,M,1828,,
21079,2,朱驰龙,M,1828,1895,
21080,2,朱红,F,1830,,
21081,2,朱勇,M,1831,1909,
21082,2,朱博,M,1831,1913,
21083,2,朱萍,F,1829,1894,
21084,2,朱勇,M,1827,1883,
21085,2,朱鹏,M,1828,,
21086,2,朱文涛,M,1829,1897,
21087,2,朱梦梦,F,1826,1881,
21088,2,朱刚,M,1829,1874,
21089,2,朱梅,F,1831,1880,
21090,2,朱辉泽,M,1829,1876,
21091,2,朱浩,M,1831,1904,
21092,2,朱芝,F,1830,1920,
21093,2,朱晨,M,1831,1904,
21094,2,朱海远,M,1827,1914,
21095,2,朱天,M,1830,1888,
21096,2,朱春,F,1827,1909,
21097,2,朱秀荣,F,1825,1907,
21098,2,朱荣,F,1827,1887,
21099,2,朱驰泽,M,1830,1911,
21100,2,朱敏秀,F,1826,1914,
21101,2,朱鹏磊,M,1829,1909,
21102,2,朱春,F,1828,1904,
21103,2,朱鸿,M,1828,1890,
21104,2,朱莲,F,1827,1875,
21105,2,朱梅,F,1828,1911,
21106,2,朱俊,M,1831,1899,
21107,2,朱杰,M,1828,1917,
21108,2,朱欣,F,1825,1902,
21109,2,朱昊,M,1826,1890,
21110,2,朱荣,F,1829,1869,
21111,2,朱鸿,M,1827,1917,
21112,2,朱刚睿,M,1831,1872,
21113,2,朱敏,F,1827,1892,
21114,2,朱鹏斌,M,1827,1880,
21115,2,朱勇,M,1829,1902,
21116,2,朱杰俊,M,1825,1901,
21117,2,朱驰,M,1826,1893,
21118,2,朱凯,M,1831,1915,
21119,2,朱爱,F,1830,1904,
21120,2,朱海,M,1828,1913,
21121,2,朱莺,F,1828,1881,
21122,2,朱芝,F,1830,1876,
21123,2,朱天,M,1828,1870,
21124,2,朱明天,M,1827,1895,
21125,2,朱璐,F,1828,1877,
21126,2,朱璐,F,1827,1886,
21127,2,朱鸿,M,1827,1879,
21128,2,朱文,M,1829,1916,
21129,2,朱艳琪,F,1829,1880,
21130,2,朱璐,F,1830,1905,
21131,2,朱梅莲,F,1828,1892,
21132,2,朱健海,M,1828,1913,
21133,2,朱博泽,M,1825,1880,
21134,2,朱燕,F,1828,1908,
21135,2,朱达轩,M,1830,1893,
21136,2,朱军凯,M,1829,1892,
21137,2,朱辉志,M,1829,1917,
21138,2,朱磊,M,1825,1891,
21139,2,朱雪爱,F,1828,1896,
21140,2,朱天飞,M,1828,1896,
21142,2,康娜,F,1826,1887,
21143,2,贺芝雪,F,1826,1915,
21144,2,任凤,F,1828,1883,
21145,2,郑梦,F,1824,1899,
21146,2,袁媛香,F,1828,1886,
21147,2,苏梅,F,1826,1906,
21148,2,黄云娜,F,1827,1869,
21149,2,贾婷欣,F,1822,1875,
21150,2,杜菊佳,F,1822,1889,
21151,2,林芬,F,1825,1904,
21152,2,祝敏,F,1824,1867,
21153,2,娄芬,F,1826,1872,
21154,2,王璐娥,F,1822,1908,
21155,2,黄秀,F,1828,1892,
21157,2,田静,F,1823,1894,
21158,2,林欣,F,1830,1876,
21159,2,黄爱,F,1826,1906,
21160,2,戴婷,F,1825,1909,
21161,2,刁娜,F,1828,1901,
21162,2,范云,F,1829,1890,
21164,2,柳燕莲,F,1825,1879,
21165,2,冯爱,F,1825,,
21166,2,赵怡,F,1826,1915,
21167,2,柳梅素,F,1827,1913,
21168,2,冯敏,F,1829,1903,
21169,2,马彩梦,F,1827,1910,
21170,2,杜芝,F,1823,1891,
21171,2,范艳彩,F,1829,1908,
21172,2,马芬,F,1829,1914,
21173,2,卫珠,F,1827,1888,
21174,2,谢蕾,F,1828,1902,
21175,2,杜霞,F,1827,1901,
21176,2,钱瑞,F,1828,1894,
21177,2,郭惠萍,F,1827,1877,
21178,2,孔欣,F,1829,1878,
21180,2,宋云莺,F,1829,1892,
21181,2,梅雪,F,1825,1908,
21182,2,郑惠,F,1823,1890,
21184,2,蔡雅,F,1827,1886,
21185,2,娄爱,F,1827,1872,
21186,2,邹爱,F,1823,1892,
21187,2,齐瑶,F,1830,1911,
21190,2,宋丽,F,1822,1866,
21191,2,童菊,F,1831,1885,
21192,2,贾蕾,F,1829,1898,
21193,2,贺瑞,F,1830,1899,
21194,2,屈红,F,1823,1903,
21196,2,江芬璐,F,1827,1877,
21197,2,田佳莺,F,1826,1897,
21198,2,李香,F,1831,1918,
21200,2,雷珠,F,1829,1903,
21201,2,阮惠,F,1830,1872,
21202,2,梅兰,F,1831,1889,
21203,2,骆莺,F,1828,1908,
21204,2,尹玉,F,1825,1870,
21205,2,赵娥璐,F,1823,1879,
21208,2,萧洁云,F,1821,1872,
21209,2,鲁琳,F,1821,1905,
21210,2,柳丽荣,F,1830,1904,
21211,2,潘云,F,1828,1888,
21212,2,项秀,F,1827,1912,
21213,2,任怡莺,F,1822,1879,
21214,2,沈媛,F,1825,1876,
21215,2,任爱,F,1832,1900,
21216,2,蒋爱,F,1825,1909,
21217,2,张秀,F,1830,1874,
21218,2,邱瑶,F,1826,1866,
21219,2,马珠梦,F,1823,1879,
21220,2,萧芬惠,F,1827,1874,
21221,2,阮佳,F,1830,1919,
21222,2,黄惠,F,1829,1913,
21223,2,蓝春,F,1823,1889,
21224,2,梅蕾,F,1823,1911,
21226,2,季玉,F,1830,1902,
21229,2,阮梦瑶,F,1829,1893,
21231,2,孔芬,F,1823,1871,
21232,2,贾素雪,F,1824,1882,
21233,2,伍香,F,1823,1884,
21235,2,谢兰,F,1825,1903,
21236,2,汪秀,F,1826,1906,
21237,2,徐薇,F,1831,1874,
21238,2,郝芬霞,F,1828,1875,
21239,2,齐莲淑,F,1826,1909,
21240,2,安爱,F,1831,1921,
21241,2,康瑶菊,F,1826,1895,
21242,2,杨香,F,1826,1880,
21243,2,席凤,F,1831,1917,
21244,2,胡雪,F,1827,1871,
21245,2,高洁,F,1825,1869,
21246,2,金琳,F,1821,1870,
21247,2,罗薇,F,1829,1910,
21248,2,严敏,F,1823,1884,
21249,2,彭雅莺,F,1825,1912,
21250,2,骆萍蕾,F,1827,1876,
21251,2,凌芝,F,1825,1867,
21252,2,吴媛,F,1827,1882,
21254,2,蔡云,F,1829,1880,
21255,2,徐艳,F,1827,1907,
21256,2,钱芬,F,1830,1876,
21257,2,蔡红,F,1830,1916,
21258,2,陈月蕾,F,1824,1877,
21259,2,唐蕾洁,F,1825,1874,
21260,2,骆萍,F,1829,1914,
21261,2,卫梅,F,1829,1915,
21262,2,骆静,F,1824,1910,
21263,2,赵菊璐,F,1826,1910,
21264,2,凌洁,F,1823,1889,
21265,2,钟蕾,F,1827,1905,
21267,2,韩春,F,1824,1886,
21268,2,汤梦,F,1824,1866,
21269,2,常莲,F,1829,1872,
21271,2,金琳春,F,1822,1910,
21272,2,姜娜,F,1827,1908,
21273,2,田萍红,F,1830,1916,
21274,2,娄燕,F,1829,1873,
21275,2,江春,F,1828,,
21276,2,朱娜淑,F,1844,1885,
21277,2,朱涛,M,1844,1890,
21278,2,朱梦萍,F,1845,1912,
21279,2,朱轩浩,M,1844,1925,
21280,2,朱翔,M,1847,1935,
21281,2,朱雪芬,F,1846,1922,
21282,2,朱海,M,1846,1893,
21283,2,朱彬,M,1845,1935,
21284,2,朱鑫远,M,1846,1891,
21285,2,朱松,M,1846,1915,
21286,2,朱凤蕾,F,1844,,
21287,2,朱颖惠,F,1844,1923,
21288,2,朱军凯,M,1846,1921,
21289,2,朱博,M,1848,1911,
21290,2,朱瑶,F,1849,1908,
21291,2,朱奇,M,1848,1906,
21292,2,朱颖,F,1843,1916,
21293,2,朱颖瑶,F,1847,1907,
21294,2,朱磊,M,1844,1892,
21295,2,朱娥,F,1843,1891,
21296,2,朱芬,F,1843,1885,
21297,2,朱伟,M,1849,1932,
21298,2,朱琳,F,1848,1921,
21299,2,朱杰天,M,1844,1905,
21300,2,朱烨睿,M,1849,1905,
21301,2,朱蕾,F,1846,1903,
21302,2,朱明泽,M,1844,1884,
21303,2,朱兰,F,1849,1896,
21304,2,朱凯文,M,1848,1903,
21305,2,朱月,F,1848,1902,
21306,2,朱红,F,1849,1894,
21307,2,朱睿,M,1845,1899,
21308,2,朱龙,M,1849,1898,
21309,2,朱睿,M,1844,1892,
21310,2,朱洋,M,1844,1892,
21311,2,朱珠,F,1847,1926,
21312,2,朱涛,M,1847,1910,
21313,2,朱瑶荣,F,1845,1921,
21314,2,朱珠,F,1848,1926,
21315,2,朱辉睿,M,1849,1927,
21316,2,朱伟,M,1845,1921,
21317,2,朱梅洁,F,1844,1916,
21318,2,朱蕾,F,1848,1897,
21319,2,朱轩,M,1849,1905,
21320,2,朱烨,M,1845,1891,
21321,2,朱娥莺,F,1845,1899,
21322,2,朱建,M,1848,1892,
21323,2,朱爱,F,1846,,
21324,2,朱芳萍,F,1843,1900,
21325,2,朱艳,F,1845,1908,
21326,2,朱飞,M,1847,1900,
21327,2,朱红,F,1843,1908,
21328,2,朱翔睿,M,1847,1929,
21329,2,朱宇,M,1846,1936,
21330,2,朱军,M,1847,1919,
21331,2,朱红蕾,F,1847,1903,
21332,2,朱芝,F,1845,1888,
21333,2,朱梦秀,F,1843,1900,
21334,2,朱轩,M,1843,1927,
21335,2,朱宏奇,M,1843,1903,
21336,2,朱翔,M,1843,1897,
21337,2,朱洋,M,1845,1934,
21338,2,朱泽斌,M,1847,1937,
21339,2,朱媛,F,1847,1910,
21340,2,朱彩,F,1847,1922,
21341,2,朱鹏,M,1844,1901,
21342,2,朱彩兰,F,1849,1901,
21343,2,朱鸿奇,M,1847,1888,
21344,2,朱远杰,M,1843,1890,
21345,2,朱颖,F,1849,1923,
21346,2,朱杰,M,1849,1928,
21347,2,朱艳,F,1844,1925,
21348,2,朱莺,F,1843,1933,
21349,2,朱宇,M,1847,,
21350,2,朱秀,F,1845,1924,
21351,2,朱红,F,1845,1901,
21352,2,朱宇宏,M,1848,1899,
21353,2,朱斌,M,1844,1910,
21354,2,朱彬,M,1847,1905,
21355,2,朱敏,F,1847,1926,
21356,2,朱昊俊,M,1849,1901,
21357,2,朱云,F,1844,1908,
21358,2,朱秀,F,1847,1908,
21359,2,朱梅素,F,1849,1903,
21360,2,朱达,M,1849,1903,
21361,2,朱凤,F,1845,1919,
21362,2,朱俊宸,M,1849,1923,
21363,2,朱红,F,1847,1913,
21364,2,朱芬怡,F,1843,1933,
21365,2,朱彬,M,1845,1907,
21366,2,朱天,M,1849,1936,
21367,2,朱怡,F,1848,1907,
21368,2,朱珠艳,F,1844,1893,
21369,2,朱文俊,M,1844,1890,
21370,2,朱艳春,F,1844,1886,
21371,2,朱军,M,1844,,
21372,2,朱磊,M,1849,1899,
21373,2,朱伟林,M,1848,1914,
21374,2,朱瑶,F,1844,1927,
21375,2,朱睿宇,M,1848,1924,
21376,2,朱辉,M,1843,1889,
21377,2,朱兰琪,F,1846,1888,
21378,2,朱红,F,1846,1899,
21379,2,朱瑶,F,1848,1923,
21380,2,朱伟,M,1847,1888,
21381,2,朱浩涛,M,1846,1918,
21382,2,朱晨,M,1846,1889,
21383,2,朱梅,F,1843,1913,
21384,2,朱奕,M,1843,1896,
21385,2,朱伟建,M,1847,1900,
21386,2,朱萍,F,1844,1930,
21387,2,朱达鑫,M,1846,1920,
21388,2,朱天,M,1843,1929,
21389,2,朱涛军,M,1846,1923,
21390,2,朱鑫,M,1845,1902,
21391,2,朱莲静,F,1843,1887,
21392,2,朱素,F,1846,1888,
21393,2,朱远,M,1849,1919,
21394,2,朱香,F,1843,1897,
21395,2,朱敏,F,1848,1934,
21396,2,朱洋,M,1849,1920,
21397,2,朱志宇,M,1848,1926,
21398,2,朱翔,M,1845,1915,
21399,2,朱熠宏,M,1846,1920,
21400,2,朱霞,F,1848,1889,
21401,2,朱浩刚,M,1849,1913,
21402,2,朱瑞雅,F,1845,1917,
21403,2,朱磊波,M,1844,1884,
21404,2,朱荣瑞,F,1849,1899,
21405,2,朱志,M,1847,1911,
21406,2,朱璐,F,1843,1932,
21407,2,朱娜雅,F,1847,1913,
21408,2,朱林斌,M,1843,1928,
21409,2,朱雅,F,1843,1923,
21410,2,朱明强,M,1849,,
21411,2,朱远,M,1849,1915,
21412,2,朱蕾,F,1848,1895,
21413,2,朱志,M,1849,1919,
21414,2,朱秀,F,1843,1890,
21415,2,朱莺,F,1847,1914,
21416,2,朱雅,F,1845,1908,
21417,2,朱敏,F,1844,1889,
21418,2,朱达宇,M,1849,1895,
21419,2,朱香,F,1844,1912,
21420,2,朱建,M,1845,1929,
21421,2,朱烨翔,M,1849,1892,
21422,2,朱凯,M,1844,1902,
21423,2,朱红芝,F,1848,1897,
21424,2,朱辉,M,1848,1902,
21425,2,朱静,F,1849,1929,
21426,2,朱欣洁,F,1848,1931,
21427,2,朱刚睿,M,1847,1918,
21428,2,朱凯,M,1848,1913,
21429,2,朱彬宏,M,1846,1902,
21430,2,朱芳,F,1848,1925,
21431,2,朱凯,M,1845,1933,
21432,2,朱海博,M,1849,1911,
21433,2,朱佳瑶,F,1846,1920,
21434,2,朱琳,F,1849,1926,
21435,2,朱宸,M,1849,1934,
21436,2,朱秀,F,1846,1906,
21437,2,朱熠,M,1843,1912,
21438,2,朱睿,M,1846,1915,
21439,2,朱宏,M,1847,1902,
21440,2,朱香月,F,1843,1889,
21441,2,朱海,M,1848,1926,
21442,2,朱兰芝,F,1848,1905,
21443,2,朱波,M,1849,1921,
21444,2,朱燕,F,1845,1924,
21445,2,朱志天,M,1847,1927,
21446,2,朱月荣,F,1848,1910,
21447,2,朱晨,M,1846,1919,
21448,2,朱莺,F,1845,1904,
21449,2,朱涛烨,M,1849,1896,
21450,2,朱浩,M,1846,1917,
21451,2,朱艳薇,F,1843,1915,
21452,2,朱浩,M,1846,,
21453,2,朱婷珠,F,1846,1891,
21454,2,朱月,F,1849,1925,
21455,2,朱磊勇,M,1845,1924,
21456,2,朱薇素,F,1843,1924,
21457,2,朱梦,F,1849,1936,
21458,2,朱彬,M,1849,1895,
21459,2,朱轩,M,1848,1936,
21460,2,朱宇,M,1843,1922,
21461,2,朱晨伟,M,1846,1933,
21462,2,朱雅,F,1844,1900,
21463,2,朱玉莺,F,1847,1931,
21464,2,朱宇,M,1847,1926,
21465,2,朱香,F,1846,1918,
21466,2,朱奇,M,1847,1891,
21467,2,朱奕,M,1846,1908,
21468,2,朱媛,F,1846,1897,
21469,2,朱俊天,M,1848,1908,
21470,2,朱昊,M,1849,1921,
21471,2,朱强,M,1843,1918,
21472,2,朱龙熠,M,1844,1906,
21473,2,朱月,F,1847,1924,
21474,2,朱卓,M,1847,1936,
21475,2,朱佳,F,1846,1930,
21476,2,朱宸,M,1845,1931,
21477,2,朱俊文,M,1843,1887,
21478,2,朱莲,F,1849,1938,
21479,2,朱春艳,F,1843,1923,
21480,2,朱梦,F,1848,1914,
21481,2,朱宏,M,1849,1890,
21482,2,朱薇,F,1849,,
21483,2,朱宇奇,M,1848,1905,
21484,2,朱珠,F,1847,1897,
21485,2,朱远伟,M,1844,1890,
21486,2,朱宏,M,1843,1908,
21487,2,朱烨,M,1843,1909,
21488,2,朱芬,F,1845,1919,
21489,2,朱艳,F,1848,1902,
21490,2,朱健,M,1846,1891,
21491,2,朱泽卓,M,1847,1924,
21492,2,朱翔凯,M,1844,1906,
21493,2,朱玲,F,1848,1894,
21494,2,朱磊松,M,1846,1926,
21495,2,朱熠熠,M,1844,1928,
21496,2,朱飞健,M,1845,1912,
21497,2,朱昊海,M,1849,1900,
21498,2,朱娥,F,1847,1930,
21499,2,朱磊,M,1843,1883,
21500,2,朱宏毅,M,1849,1897,
21501,2,朱秀,F,1846,1900,
21502,2,朱琪,F,1849,1911,
21503,2,朱芬燕,F,1847,1903,
21504,2,朱萍燕,F,1843,1917,
21505,2,朱建,M,1847,1910,
21506,2,朱素婷,F,1848,1913,
21507,2,朱荣红,F,1848,1937,
21508,2,朱泽,M,1849,1931,
21509,2,朱宇,M,1846,1898,
21510,2,朱莲,F,1848,1935,
21511,2,朱强林,M,1849,1934,
21512,2,朱翔鸿,M,1844,1914,
21513,2,朱燕菊,F,1846,1924,
21514,2,朱文,M,1848,1928,
21515,2,朱昊,M,1847,1917,
21516,2,朱颖爱,F,1849,,
21517,2,朱宸,M,1846,1898,
21518,2,朱莺秀,F,1848,1913,
21519,2,朱烨,M,1847,1925,
21520,2,朱素璐,F,1843,1890,
21521,2,朱琳,F,1848,1893,
21522,2,朱瑶欣,F,1849,1936,
21523,2,朱伟,M,1845,1891,
21524,2,朱霞,F,1844,1896,
21525,2,朱军,M,1847,,
21526,2,朱勇,M,1843,1915,
21527,2,朱燕红,F,1846,1916,
21528,2,朱香,F,1843,1913,
21529,2,朱婷芬,F,1847,1917,
21530,2,朱博松,M,1844,1901,
21531,2,朱萍春,F,1844,1886,
21532,2,朱文,M,1847,1928,
21533,2,朱珠兰,F,1845,1896,
21534,2,朱龙建,M,1845,1885,
21535,2,朱琪娥,F,1845,1885,
21536,2,朱卓,M,1847,1915,
21537,2,朱婷,F,1846,1936,
21538,2,朱达,M,1845,1893,
21539,2,朱惠,F,1846,1927,
21540,2,朱林奇,M,1847,1902,
21541,2,朱秀,F,1845,1916,
21542,2,朱珠,F,1846,1922,
21543,2,朱天,M,1846,1926,
21544,2,朱秀,F,1844,1892,
21545,2,朱鸿,M,1843,1905,
21546,2,朱奕,M,1844,1919,
21547,2,朱薇,F,1848,1899,
21548,2,朱媛丽,F,1849,1901,
21549,2,朱强军,M,1845,1893,
21550,2,朱鹏,M,1845,1915,
21551,2,朱素,F,1844,1918,
21552,2,朱飞,M,1848,1909,
21553,2,朱蕾,F,1843,1915,
21554,2,朱惠,F,1843,1927,
21555,2,朱宏辉,M,1847,1891,
21556,2,朱芝,F,1844,1888,
21557,2,朱莺,F,1845,1888,
21558,2,朱昊,M,1843,1911,
21559,2,朱熠,M,1847,1898,
21560,2,朱雪艳,F,1849,1898,
21561,2,朱明毅,M,1846,1932,
21562,2,朱卓,M,1848,1924,
21563,2,朱琳,F,1843,1915,
21564,2,朱浩,M,1843,1919,
21565,2,朱林毅,M,1849,1900,
21566,2,朱哲,M,1847,1927,
21567,2,朱月,F,1847,1925,
21568,2,朱军,M,1845,1911,
21569,2,朱彩,F,1846,1922,
21570,2,朱林,M,1845,1919,
21571,2,朱艳,F,1846,1914,
21572,2,朱鹏,M,1844,1903,
21573,2,朱欣,F,1845,1908,
21574,2,朱卓,M,1844,1920,
21575,2,朱俊,M,1848,1938,
21576,2,朱玲,F,1847,1912,
21577,2,朱博龙,M,1845,1897,
21578,2,朱辉,M,1848,1920,
21579,2,朱梦薇,F,1847,1918,
21580,2,朱芝,F,1845,1905,
21581,2,朱文,M,1849,1934,
21582,2,朱洁,F,1847,1926,
21583,2,朱勇晨,M,1844,1910,
21584,2,朱洋文,M,1847,1908,
21585,2,朱松,M,1848,1898,
21586,2,朱颖丽,F,1845,1929,
21587,2,朱辉烨,M,1848,1902,
21588,2,朱惠,F,1843,1902,
21589,2,朱建,M,1844,1927,
21590,2,朱荣,F,1849,1922,
21591,2,朱奕,M,1845,1924,
21592,2,朱彬,M,1845,1895,
21593,2,朱怡,F,1845,1912,
21594,2,朱婷怡,F,1847,1887,
21595,2,朱洋,M,1848,,
21596,2,朱睿,M,1845,1897,
21597,2,朱欣,F,1849,1908,
21598,2,朱浩伟,M,1847,1896,
21599,2,朱杰杰,M,1849,1921,
21600,2,朱梅婷,F,1846,1891,
21601,2,朱磊宇,M,1843,1910,
21602,2,朱松,M,1844,1908,
21603,2,朱玲素,F,1846,1907,
21604,2,朱奕刚,M,1849,1933,
21605,2,朱蕾,F,1843,1925,
21606,2,朱艳怡,F,1845,1935,
21607,2,朱佳荣,F,1845,,
21608,2,朱烨,M,1843,1898,
21609,2,朱达,M,1845,1935,
21610,2,朱海,M,1845,1925,
21611,2,朱俊奕,M,1849,1919,
21612,2,朱琳,F,1846,1930,
21613,2,朱静,F,1848,1910,
21614,2,朱萍玲,F,1846,1902,
21615,2,朱明宇,M,1846,1896,
21616,2,朱龙天,M,1846,1892,
21617,2,朱菊,F,1847,1913,
21618,2,朱天,M,1849,1910,
21619,2,朱天,M,1845,1904,
21620,2,朱芬,F,1844,1919,
21621,2,朱梦,F,1849,1935,
21622,2,朱博军,M,1847,1901,
21623,2,朱奇,M,1847,1919,
21624,2,朱艳萍,F,1843,1917,
21625,2,朱烨,M,1844,1931,
21626,2,朱云,F,1848,1924,
21627,2,朱奕,M,1847,1931,
21628,2,朱玲,F,1845,1909,
21629,2,朱婷,F,1846,1934,
21630,2,朱宇宇,M,1848,1907,
21631,2,朱鹏,M,1846,1896,
21632,2,朱霞莺,F,1845,1891,
21633,2,朱素,F,1848,1903,
21634,2,朱熠,M,1847,1910,
21635,2,朱磊,M,1848,1894,
21636,2,朱宸奇,M,1846,1891,
21637,2,朱彩珠,F,1847,1887,
21638,2,朱建哲,M,1846,1903,
21639,2,朱燕,F,1844,1921,
21640,2,朱菊,F,1843,1905,
21641,2,朱志,M,1848,1908,
21642,2,朱昊,M,1848,1932,
21643,2,朱俊,M,1848,1921,
21644,2,朱静,F,1843,1929,
21645,2,朱海,M,1846,1914,
21646,2,朱菊香,F,1844,1902,
21647,2,朱佳瑶,F,1844,1928,
21648,2,朱卓,M,1847,1907,
21649,2,朱淑,F,1844,1891,
21650,2,朱卓,M,1846,1907,
21651,2,朱红莲,F,1843,1924,
21652,2,朱卓,M,1847,1918,
21653,2,朱雅,F,1846,1933,
21654,2,朱云静,F,1843,1933,
21655,2,朱奕奇,M,1843,1932,
21656,2,朱娥,F,1846,1910,
21657,2,朱天,M,1848,1888,
21658,2,朱涛宸,M,1843,1909,
21659,2,朱芳梦,F,1849,1912,
21660,2,朱健,M,1844,1920,
21661,2,朱素洁,F,1844,1908,
21662,2,朱哲,M,1845,1924,
21663,2,朱熠,M,1848,1938,
21664,2,朱浩,M,1843,1917,
21665,2,朱芬,F,1847,1923,
21666,2,朱敏蕾,F,1847,1921,
21667,2,朱建天,M,1847,1931,
21668,2,朱俊鸿,M,1843,1894,
21669,2,朱霞,F,1846,1904,
21670,2,朱兰,F,1847,1895,
21671,2,朱睿,M,1846,1893,
21672,2,朱彬志,M,1843,1910,
21673,2,朱瑶,F,1848,1933,
21674,2,朱霞,F,1843,1890,
21675,2,朱勇,M,1845,1909,
21676,2,朱熠,M,1847,1928,
21677,2,朱驰,M,1843,1917,
21678,2,朱蕾琳,F,1844,1924,
21679,2,朱玲爱,F,1846,1889,
21680,2,朱驰烨,M,1849,1897,
21681,2,朱芝,F,1843,1919,
21682,2,朱林,M,1848,1935,
21683,2,朱玲萍,F,1846,1902,
21684,2,朱洋,M,1846,1894,
21685,2,路淑,F,1845,1931,
21686,2,任兰玉,F,1844,1915,
21687,2,高霞,F,1850,1918,
21688,2,强素,F,1841,1898,
21689,2,袁莺凤,F,1846,1917,
21690,2,马秀,F,1846,1930,
21691,2,田梦,F,1850,1925,
21692,2,屈玉,F,1848,1921,
21693,2,任瑶敏,F,1842,1908,
21694,2,魏萍,F,1847,1919,
21695,2,萧素芝,F,1848,1913,
21696,2,高素,F,1848,1889,
21697,2,严璐,F,1847,1896,
21699,2,尹颖梅,F,1843,1906,
21700,2,杜颖霞,F,1843,1888,
21701,2,任莲莲,F,1840,1905,
21702,2,范素,F,1841,1890,
21703,2,钱爱,F,1843,1908,
21704,2,郑香,F,1839,1920,
21705,2,黄敏,F,1847,1898,
21706,2,唐莲,F,1847,1900,
21708,2,强云,F,1847,1907,
21709,2,严凤珠,F,1848,1928,
21710,2,袁怡婷,F,1847,1922,
21712,2,蔡雅,F,1846,1923,
21713,2,齐惠,F,1842,1923,
21714,2,何瑞,F,1845,1889,
21715,2,宋艳,F,1848,1889,
21716,2,周凤,F,1846,1932,
21717,2,强梦,F,1849,1901,
21718,2,蒋梅,F,1842,1889,
21719,2,余媛,F,1845,1933,
21720,2,冯彩,F,1846,1920,
21721,2,鲁瑶,F,1849,1936,
21722,2,伍艳,F,1842,1897,
21723,2,安玉,F,1849,1911,
21724,2,周芳,F,1846,1920,
21725,2,高玲媛,F,1841,1902,
21726,2,张秀,F,1843,1890,
21727,2,萧艳凤,F,1849,1904,
21729,2,娄琳梦,F,1849,1904,
21730,2,纪敏,F,1847,1902,
21731,2,钟惠,F,1845,1891,
21732,2,高敏璐,F,1842,1914,
21733,2,项媛,F,1843,1898,
21734,2,康薇,F,1842,1908,
21735,2,曹媛,F,1847,1911,
21736,2,纪荣素,F,1840,1907,
21737,2,吴芬荣,F,1848,1889,
21738,2,樊艳,F,1849,1928,
21739,2,余雪,F,1850,1923,
21741,2,胡婷荣,F,1843,1898,
21742,2,颜玉,F,1846,1926,
21744,2,杜洁,F,1842,1902,
21745,2,祝娥敏,F,1850,1940,
21746,2,齐秀,F,1845,1900,
21747,2,张莺莲,F,1846,1887,
21748,2,高娥瑶,F,1844,1934,
21749,2,马红彩,F,1841,1892,
21750,2,邹蕾,F,1843,1924,
21751,2,何兰燕,F,1847,1926,
21752,2,萧红,F,1846,1896,
21753,2,宋婷,F,1847,1933,
21754,2,郑娜,F,1846,1892,
21755,2,沈欣,F,1841,1924,
21756,2,罗梦,F,1842,1921,
21757,2,彭静玲,F,1840,1930,
21758,2,黄芝佳,F,1848,1928,
21759,2,吴彩,F,1842,1921,
21760,2,卫彩,F,1846,1936,
21761,2,汪芝,F,1844,1895,
21762,2,韩佳,F,1846,1888,
21764,2,郝璐,F,1849,,
21765,2,钱珠,F,1843,1886,
21766,2,麻欣,F,1848,1907,
21767,2,余兰,F,1846,1932,
21768,2,尹薇瑞,F,1845,1899,
21769,2,樊珠,F,1846,1894,
21770,2,曹梅,F,1845,1912,
21771,2,熊敏,F,1844,1908,
21772,2,柳梅梦,F,1847,1936,
21773,2,樊琪,F,1848,1916,
21774,2,杨惠佳,F,1844,1888,
21775,2,汤菊爱,F,1842,1924,
21777,2,常菊,F,1842,1929,
21778,2,路琳,F,1851,1918,
21779,2,唐芳,F,1839,1898,
21781,2,毛玉爱,F,1845,1887,
21782,2,高静凤,F,1848,1928,
21783,2,纪珠,F,1845,1927,
21784,2,何艳,F,1845,1910,
21785,2,凌凤,F,1840,1885,
21786,2,董彩,F,1847,1888,
21787,2,周敏,F,1849,1930,
21789,2,郑玉,F,1848,1895,
21790,2,纪萍,F,1841,1886,
21791,2,陶芳雅,F,1846,1916,
21792,2,柳莲,F,1844,1929,
21793,2,潘蕾,F,1845,1921,
21794,2,马娜燕,F,1844,1929,
21795,2,傅菊,F,1848,1927,
21796,2,韩萍,F,1847,1930,
21797,2,梅素,F,1845,1909,
21798,2,邱丽雪,F,1850,1939,
21799,2,盛欣娜,F,1847,1892,
21800,2,凌媛,F,1849,1931,
21801,2,胡凤,F,1846,1931,
21802,2,林春,F,1845,1932,
21803,2,张芝春,F,1841,1921,
21804,2,骆薇芬,F,1845,1922,
21805,2,阮璐红,F,1842,1910,
21807,2,颜月,F,1841,1905,
21809,2,钱雪瑶,F,1848,1933,
21810,2,郭爱素,F,1840,1907,
21811,2,汤红娜,F,1843,1908,
21812,2,任静,F,1842,1925,
21813,2,田菊,F,1847,1912,
21817,2,高洁,F,1840,,
21818,2,戴霞,F,1843,1900,
21819,2,严彩,F,1846,1920,
21821,2,梅荣,F,1846,1892,
21822,2,陶娜,F,1850,1905,
21823,2,于艳,F,1845,1899,
21824,2,孙瑶,F,1847,1896,
21826,2,鲁素,F,1847,1935,
21827,2,郑雅,F,1846,1893,
21828,2,屈红,F,1843,1897,
21829,2,孔瑞,F,1841,1930,
21830,2,陶璐萍,F,1842,1893,
21831,2,张怡,F,1848,1922,
21833,2,范兰,F,1846,1901,
21834,2,彭彩,F,1846,1894,
21835,2,汤素薇,F,1844,1892,
21836,2,韩霞萍,F,1845,1896,
21837,2,钟玉,F,1845,1901,
21838,2,江洁,F,1842,1915,
21839,2,毛雪,F,1846,1918,
21840,2,毛红,F,1843,1930,
21841,2,秦玉荣,F,1840,1900,
21842,2,蓝欣,F,1844,1915,
21843,2,蓝玉,F,1851,1897,
21844,2,韩琳,F,1844,1889,
21846,2,严艳,F,1844,1884,
21847,2,伍婷,F,1844,1892,
21848,2,麻萍兰,F,1847,1888,
21849,2,季云,F,1846,1915,
21850,2,陶洁,F,1844,1933,
21851,2,韩霞梦,F,1847,1910,
21852,2,雷淑梅,F,1844,1934,
21854,2,郭璐,F,1841,1901,
21855,2,路香彩,F,1846,1906,
21856,2,沈红,F,1851,1917,
21857,2,盛芬,F,1847,1905,
21858,2,陶燕,F,1841,1916,
21859,2,秦瑞娥,F,1844,1921,
21861,2,樊琳,F,1847,1929,
21862,2,李香,F,1843,1928,
21863,2,秦芳琪,F,1848,1910,
21864,2,樊琳,F,1845,1919,
21865,2,郑凤璐,F,1844,1920,
21866,2,危月,F,1844,1913,
21867,2,沈丽芳,F,1845,1888,
21868,2,朱莺,F,1861,1928,
21869,2,朱宇,M,1865,1950,
21870,2,朱珠欣,F,1867,1943,
21871,2,朱泽,M,1861,1930,
21872,2,朱月梅,F,1866,1915,
21873,2,朱辉,M,1863,1910,
21874,2,朱云雅,F,1861,1917,
21875,2,朱洋,M,1861,1928,
21876,2,朱鑫勇,M,1865,1952,
21877,2,朱宸,M,1862,1943,
21878,2,朱天,M,1867,1948,
21879,2,朱雅,F,1861,1905,
21880,2,朱珠萍,F,1865,1934,
21881,2,朱伟达,M,1862,1915,
21882,2,朱雅兰,F,1864,1937,
21883,2,朱建,M,1866,1948,
21884,2,朱梦,F,1864,1918,
21885,2,朱秀,F,1862,1941,
21886,2,朱鸿,M,1866,1921,
21887,2,朱玉,F,1862,1926,
21888,2,朱鹏,M,1862,1937,
21889,2,朱轩,M,1866,1930,
21890,2,朱红颖,F,1864,1913,
21891,2,朱林,M,1864,1925,
21892,2,朱飞飞,M,1864,1924,
21893,2,朱惠敏,F,1861,1940,
21894,2,朱林昊,M,1863,1947,
21895,2,朱文烨,M,1867,1924,
21896,2,朱驰涛,M,1862,1949,
21897,2,朱瑞,F,1862,1908,
21898,2,朱颖,F,1862,1931,
21899,2,朱军宸,M,1861,,
21900,2,朱琳娥,F,1867,1934,
21901,2,朱奇浩,M,1866,1944,
21902,2,朱惠素,F,1867,1937,
21903,2,朱艳芳,F,1861,1902,
21904,2,朱林,M,1867,1948,
21905,2,朱彩,F,1867,1934,
21906,2,朱艳,F,1867,1925,
21907,2,朱驰,M,1867,1956,
21908,2,朱轩,M,1867,1950,
21909,2,朱艳,F,1861,1937,
21910,2,朱波,M,1864,1921,
21911,2,朱翔,M,1866,1935,
21912,2,朱芳,F,1863,1950,
21913,2,朱鑫,M,1865,1920,
21914,2,朱荣佳,F,1866,1941,
21915,2,朱龙烨,M,1864,1935,
21916,2,朱莺惠,F,1865,1932,
21917,2,朱志,M,1867,1945,
21918,2,朱文,M,1864,1920,
21919,2,朱建卓,M,1863,1922,
21920,2,朱奕,M,1866,1938,
21921,2,朱娜霞,F,1862,1918,
21922,2,朱刚建,M,1866,1946,
21923,2,朱燕,F,1864,1935,
21924,2,朱睿,M,1861,1931,
21925,2,朱浩,M,1864,1939,
21926,2,朱娥,F,1862,1918,
21927,2,朱杰,M,1863,1914,
21928,2,朱辉波,M,1865,1934,
21929,2,朱娜,F,1861,1918,
21930,2,朱宇,M,1866,1921,
21931,2,朱毅,M,1863,1909,
21932,2,朱鸿,M,1864,1907,
21933,2,朱燕,F,1864,1914,
21934,2,朱瑞,F,1861,1927,
21935,2,朱晨,M,1866,1906,
21936,2,朱颖,F,1867,1937,
21937,2,朱涛,M,1862,1907,
21938,2,朱翔文,M,1866,1921,
21939,2,朱凯熠,M,1867,1912,
21940,2,朱磊,M,1866,1943,
21941,2,朱婷芳,F,1863,1911,
21942,2,朱薇,F,1863,1905,
21943,2,朱飞,M,1867,1945,
21944,2,朱建翔,M,1866,1932,
21945,2,朱昊,M,1861,1937,
21946,2,朱秀,F,1866,1944,
21947,2,朱珠,F,1861,1919,
21948,2,朱健,M,1866,1955,
21949,2,朱宇,M,1864,1936,
21950,2,朱佳,F,1865,1935,
21951,2,朱军,M,1861,1945,
21952,2,朱红,F,1866,1920,
21953,2,朱松俊,M,1866,1931,
21954,2,朱佳,F,1861,1925,
21955,2,朱远,M,1862,,
21956,2,朱香,F,1862,1936,
21957,2,朱松,M,1867,1923,
21958,2,朱淑,F,1864,1934,
21959,2,朱伟,M,1864,1926,
21960,2,朱芳,F,1866,1919,
21961,2,朱奕,M,1867,1934,
21962,2,朱磊军,M,1861,1926,
21963,2,朱珠爱,F,1862,1903,
21964,2,朱轩,M,1865,1926,
21965,2,朱烨,M,1863,1921,
21966,2,朱波龙,M,1864,1920,
21967,2,朱玲,F,1861,1951,
21968,2,朱燕燕,F,1862,1944,
21969,2,朱彬,M,1861,1938,
21970,2,朱春,F,1861,1939,
21971,2,朱惠,F,1861,1937,
21972,2,朱艳,F,1861,1908,
21973,2,朱翔,M,1864,1943,
21974,2,朱梦素,F,1861,1924,
21975,2,朱蕾兰,F,1866,1916,
21976,2,朱鸿,M,1866,,
21977,2,朱淑,F,1861,1926,
21978,2,朱波,M,1866,1914,
21979,2,朱敏,F,1864,1946,
21980,2,朱建辉,M,1867,1941,
21981,2,朱杰翔,M,1861,1918,
21982,2,朱瑶,F,1861,1947,
21983,2,朱志,M,1863,1922,
21984,2,朱璐,F,1862,1939,
21985,2,朱睿,M,1867,1957,
21986,2,朱林,M,1864,1954,
21987,2,朱涛,M,1862,1906,
21988,2,朱鸿,M,1864,1916,
21989,2,朱琳,F,1864,1913,
21990,2,朱丽萍,F,1864,1951,
21991,2,朱宸,M,1865,1925,
21992,2,朱博,M,1864,,
21993,2,朱瑞,F,1862,1942,
21994,2,朱泽天,M,1864,1952,
21995,2,朱熠,M,1864,1936,
21996,2,朱佳,F,1862,1923,
21997,2,朱浩,M,1867,1927,
21998,2,朱浩,M,1861,1928,
21999,2,朱涛,M,1862,1902,
22000,2,朱丽,F,1863,1921,
22001,2,朱杰磊,M,1865,1926,
22002,2,朱爱娜,F,1867,1942,
22003,2,朱彩玲,F,1865,1953,
22004,2,朱洋,M,1867,1939,
22005,2,朱燕,F,1867,1914,
22006,2,朱军,M,1867,1934,
22007,2,朱怡,F,1863,1926,
22008,2,朱海俊,M,1866,1937,
22009,2,朱颖,F,1866,1955,
22010,2,朱敏,F,1864,1934,
22011,2,朱文,M,1866,1955,
22012,2,朱梅,F,1861,1928,
22013,2,朱博,M,1866,1944,
22014,2,朱宸,M,1862,1942,
22015,2,朱莺,F,1865,1920,
22016,2,朱奕洋,M,1864,1945,
22017,2,朱宇健,M,1863,1924,
22018,2,朱素,F,1867,1950,
22019,2,朱烨,M,1864,1920,
22020,2,朱洁,F,1865,1942,
22021,2,朱玉,F,1862,1923,
22022,2,朱博,M,1863,1939,
22023,2,朱哲,M,1864,1940,
22024,2,朱秀,F,1861,1914,
22025,2,朱健,M,1863,1941,
22026,2,朱林伟,M,1862,1905,
22027,2,朱凯,M,1864,,
22028,2,朱敏蕾,F,1865,1952,
22029,2,朱奇,M,1866,1912,
22030,2,朱辉,M,1865,1911,
22031,2,朱哲,M,1866,1918,
22032,2,朱雅璐,F,1865,1947,
22033,2,朱昊,M,1863,1947,
22034,2,朱达林,M,1867,1937,
22035,2,朱燕,F,1865,1940,
22036,2,朱睿,M,1867,1941,
22037,2,朱怡琪,F,1862,1909,
22038,2,朱涛,M,1867,1953,
22039,2,朱涛建,M,1867,1910,
22040,2,朱敏惠,F,1861,1950,
22041,2,朱明,M,1866,1928,
22042,2,朱洋鸿,M,1864,1915,
22043,2,朱飞海,M,1863,1931,
22044,2,朱敏,F,1867,1954,
22045,2,朱轩,M,1861,1906,
22046,2,朱建,M,1863,1940,
22047,2,朱芳,F,1863,1943,
22048,2,朱莺爱,F,1867,1946,
22049,2,朱磊翔,M,1861,1901,
22050,2,朱芳,F,1866,1912,
22051,2,朱爱,F,1862,1950,
22052,2,朱颖,F,1863,,
22053,2,朱昊,M,1866,1921,
22054,2,朱淑,F,1864,1951,
22055,2,朱泽,M,1864,1924,
22056,2,朱蕾,F,1863,1942,
22057,2,朱辉,M,1866,1930,
22058,2,朱浩浩,M,1861,1919,
22059,2,朱磊,M,1865,1915,
22060,2,朱月,F,1867,1907,
22061,2,朱熠,M,1861,1928,
22062,2,朱秀珠,F,1861,1928,
22063,2,朱珠琪,F,1867,1919,
22064,2,朱强,M,1861,1915,
22065,2,朱薇静,F,1861,1931,
22066,2,朱静,F,1862,,
22067,2,朱达军,M,1867,1912,
22068,2,朱凤,F,1861,1932,
22069,2,朱昊,M,1864,1928,
22070,2,朱红,F,1863,1925,
22071,2,朱蕾颖,F,1864,1943,
22072,2,朱昊,M,1864,1921,
22073,2,朱熠毅,M,1865,1926,
22074,2,朱达,M,1865,1953,
22075,2,朱欣,F,1865,1955,
22076,2,朱浩,M,1861,1903,
22077,2,朱怡,F,1862,1937,
22078,2,朱辉,M,1864,1930,
22079,2,朱天志,M,1865,1954,
22080,2,朱兰珠,F,1862,1916,
22081,2,朱烨,M,1865,1954,
22082,2,朱菊,F,1863,1912,
22083,2,朱卓,M,1862,1906,
22084,2,朱龙奇,M,1862,1936,
22085,2,朱芬,F,1865,1905,
22086,2,朱惠,F,1865,1942,
22087,2,朱玉薇,F,1862,1918,
22088,2,朱轩涛,M,1862,1934,
22089,2,朱鹏,M,1862,1950,
22090,2,朱泽,M,1865,1941,
22091,2,朱毅,M,1861,1921,
22092,2,朱莺素,F,1867,1927,
22093,2,朱俊,M,1866,1933,
22094,2,朱春,F,1865,1954,
22095,2,朱琪薇,F,1861,1950,
22096,2,朱萍,F,1865,1936,
22097,2,朱昊卓,M,1865,1940,
22098,2,朱浩,M,1865,1915,
22099,2,朱红,F,1861,1944,
22100,2,朱洋,M,1867,1932,
22101,2,朱文涛,M,1862,1903,
22102,2,朱涛,M,1861,1937,
22103,2,朱莺,F,1865,1906,
22104,2,朱娜,F,1864,1912,
22105,2,朱翔,M,1865,1908,
22106,2,朱娜,F,1861,1945,
22107,2,朱红彩,F,1865,1909,
22108,2,朱宏,M,1867,1939,
22109,2,朱蕾,F,1864,1913,
22110,2,朱淑彩,F,1865,1916,
22111,2,朱珠,F,1866,,
22112,2,朱海伟,M,1867,1911,
22113,2,朱建,M,1862,1938,
22114,2,朱飞刚,M,1864,1920,
22115,2,朱秀颖,F,1866,1949,
22116,2,朱哲明,M,1865,1934,
22117,2,朱刚松,M,1866,1924,
22118,2,朱强,M,1863,1950,
22119,2,朱颖芬,F,1863,1913,
22120,2,朱斌毅,M,1867,1916,
22121,2,朱强浩,M,1861,1926,
22122,2,朱玲,F,1862,1937,
22123,2,朱凯,M,1863,1910,
22124,2,朱萍,F,1867,1956,
22125,2,朱怡,F,1862,1922,
22126,2,朱远,M,1865,1951,
22127,2,朱勇,M,1862,1947,
22128,2,朱娥玉,F,1865,1909,
22129,2,朱彩,F,1863,1938,
22130,2,朱雅,F,1866,1931,
22131,2,朱琪,F,1864,1939,
22132,2,朱军文,M,1862,1922,
22133,2,朱芝,F,1863,1944,
22134,2,朱凤琪,F,1863,1904,
22135,2,朱辉,M,1864,1912,
22136,2,朱彩香,F,1863,1904,
22137,2,朱伟建,M,1867,1921,
22138,2,朱瑶,F,1861,1916,
22139,2,朱凯,M,1863,1925,
22140,2,朱淑娜,F,1864,1937,
22141,2,朱鸿卓,M,1863,1913,
22142,2,朱文奇,M,1866,1938,
22143,2,朱健,M,1863,1908,
22144,2,朱静,F,1867,1936,
22145,2,朱毅,M,1866,1921,
22146,2,朱洋,M,1863,1915,
22147,2,朱芬娜,F,1863,1907,
22148,2,朱琳雪,F,1863,1934,
22149,2,朱磊,M,1867,1952,
22150,2,朱燕,F,1866,1939,
22151,2,朱熠,M,1867,1911,
22152,2,朱凯,M,1867,1921,
22153,2,朱驰昊,M,1862,1925,
22154,2,朱敏,F,1863,1943,
22155,2,朱宇,M,1861,1946,
22156,2,朱菊,F,1865,1935,
22157,2,朱爱霞,F,1861,1935,
22158,2,朱林,M,1864,1912,
22159,2,朱彬,M,1863,1946,
22160,2,朱伟磊,M,1866,1923,
22161,2,朱涛,M,1865,1926,
22162,2,朱达,M,1862,1910,
22163,2,朱蕾红,F,1864,1904,
22164,2,朱志,M,1863,1942,
22165,2,朱博,M,1863,1911,
22166,2,朱璐秀,F,1864,1909,
22167,2,朱海,M,1865,1943,
22168,2,朱军凯,M,1867,1908,
22169,2,朱轩杰,M,1861,1906,
22170,2,朱菊瑞,F,1866,1916,
22171,2,朱芝兰,F,1867,1950,
22172,2,朱飞,M,1867,1917,
22173,2,朱飞,M,1865,1908,
22174,2,朱香娥,F,1865,1945,
22175,2,朱晨俊,M,1861,1948,
22176,2,朱月,F,1863,,
22177,2,朱志,M,1863,1949,
22178,2,朱爱,F,1865,1907,
22179,2,朱天睿,M,1866,1910,
22180,2,朱奕,M,1862,1922,
22181,2,朱洋,M,1861,1926,
22182,2,朱蕾爱,F,1862,1934,
22183,2,朱军毅,M,1865,1915,
22184,2,朱秀,F,1866,1954,
22185,2,朱芬,F,1866,1945,
22186,2,朱健,M,1862,1916,
22187,2,朱红,F,1864,1951,
22188,2,朱志卓,M,1863,1953,
22189,2,朱松,M,1867,1954,
22190,2,朱洋,M,1867,1920,
22191,2,朱丽,F,1861,1923,
22192,2,朱芝静,F,1863,1942,
22193,2,朱晨,M,1861,1951,
22194,2,朱燕兰,F,1865,1913,
22195,2,朱涛,M,1861,1935,
22196,2,朱辉,M,1861,1934,
22197,2,朱昊,M,1862,1910,
22198,2,朱瑶,F,1866,,
22199,2,朱洁凤,F,1866,1924,
22200,2,朱海,M,1862,1933,
22201,2,朱浩,M,1861,1910,
22202,2,朱凤,F,1865,1955,
22203,2,朱艳,F,1867,1947,
22204,2,朱海,M,1865,1928,
22205,2,朱博宸,M,1867,1925,
22206,2,朱芬,F,1862,1932,
22207,2,朱卓,M,1864,1936,
22208,2,朱艳娥,F,1864,1945,
22209,2,朱莲,F,1866,,
22210,2,朱菊,F,1861,1909,
22211,2,朱军,M,1867,1935,
22212,2,朱云玉,F,1867,1924,
22213,2,朱宏,M,1867,1916,
22214,2,朱洁,F,1863,1909,
22215,2,朱蕾,F,1863,1950,
22216,2,朱波,M,1862,1907,
22217,2,朱轩,M,1867,1928,
22218,2,朱霞,F,1867,1940,
22219,2,朱娥,F,1867,1948,
22220,2,朱宏,M,1861,1935,
22221,2,朱刚凯,M,1867,1940,
22222,2,朱爱,F,1863,1903,
22223,2,朱宏,M,1861,1905,
22224,2,朱素,F,1864,1924,
22225,2,朱婷,F,1866,1944,
22226,2,朱达,M,1865,1931,
22227,2,朱春,F,1867,1924,
22228,2,朱凯健,M,1861,,
22229,2,朱颖,F,1867,1950,
22230,2,朱睿,M,1861,1938,
22231,2,朱刚,M,1861,1934,
22232,2,朱烨龙,M,1862,1909,
22233,2,朱磊,M,1867,1947,
22234,2,朱远,M,1867,1927,
22235,2,朱燕,F,1865,1944,
22236,2,朱鑫,M,1863,1943,
22237,2,朱翔,M,1862,1934,
22238,2,朱芬,F,1866,1942,
22239,2,朱晨,M,1861,1903,
22240,2,朱琳,F,1862,1914,
22241,2,朱宇,M,1862,1908,
22242,2,朱俊,M,1867,1927,
22243,2,朱林,M,1867,1924,
22244,2,朱爱,F,1864,1909,
22245,2,朱建,M,1864,1920,
22246,2,朱哲,M,1864,1933,
22247,2,朱娥,F,1861,1929,
22248,2,朱素惠,F,1864,1906,
22249,2,朱丽,F,1863,1930,
22250,2,朱磊,M,1862,1948,
22251,2,朱军,M,1864,1927,
22252,2,朱怡敏,F,1866,1908,
22253,2,朱松,M,1865,1948,
22254,2,朱敏,F,1864,1915,
22255,2,朱勇刚,M,1863,1951,
22256,2,朱秀,F,1865,1917,
22257,2,朱宸,M,1865,,
22258,2,朱琪,F,1863,1950,
22259,2,朱磊,M,1865,1925,
22260,2,朱伟,M,1861,1933,
22261,2,朱强,M,1866,1947,
22262,2,朱雪秀,F,1864,1934,
22263,2,朱荣,F,1862,1902,
22264,2,朱卓,M,1864,1907,
22265,2,朱波鸿,M,1861,1917,
22266,2,朱红丽,F,1866,1909,
22267,2,朱燕琳,F,1867,1926,
22268,2,朱佳,F,1865,1922,
22269,2,朱博,M,1867,1920,
22270,2,朱松洋,M,1865,1942,
22271,2,朱天,M,1865,1916,
22272,2,朱秀,F,1862,1934,
22273,2,朱宸,M,1862,1924,
22274,2,朱瑶,F,1867,,
22275,2,朱飞,M,1861,1915,
22276,2,朱鑫,M,1862,1947,
22277,2,朱芝,F,1862,,
22278,2,朱熠,M,1863,1920,
22279,2,朱瑞,F,1866,1936,
22280,2,朱磊,M,1864,1931,
22281,2,朱志,M,1867,1916,
22282,2,朱爱,F,1867,1921,
22283,2,朱凤,F,1863,1929,
22284,2,朱晨,M,1862,1924,
22285,2,朱健,M,1865,1942,
22286,2,朱辉,M,1867,1913,
22287,2,朱霞云,F,1861,1935,
22288,2,朱志,M,1863,1934,
22289,2,朱鑫,M,1867,1921,
22290,2,朱琪,F,1862,1947,
22291,2,朱达洋,M,1863,1915,
22292,2,朱琪,F,1863,1908,
22293,2,朱玲莺,F,1863,1915,
22294,2,朱彩,F,1864,,
22295,2,朱龙强,M,1863,1936,
22296,2,朱鑫,M,1867,1945,
22297,2,朱明健,M,1861,1945,
22298,2,朱宸睿,M,1866,1940,
22299,2,朱薇,F,1861,1939,
22300,2,朱晨,M,1866,1926,
22301,2,朱健,M,1866,1951,
22302,2,朱洁,F,1864,1946,
22303,2,朱翔,M,1863,1950,
22304,2,朱娥,F,1863,1940,
22305,2,朱芬芝,F,1866,1952,
22306,2,朱颖梅,F,1865,1907,
22307,2,朱博,M,1864,1933,
22308,2,朱天,M,1865,1944,
22309,2,朱秀燕,F,1865,1927,
22310,2,朱辉,M,1862,1921,
22311,2,朱玲,F,1863,1938,
22312,2,朱松,M,1865,1920,
22313,2,朱烨波,M,1863,1904,
22314,2,朱健,M,1866,1928,
22315,2,朱欣,F,1864,,
22316,2,朱鸿,M,1867,1907,
22317,2,朱娜,F,1865,1937,
22318,2,朱卓,M,1862,,
22319,2,朱鑫奇,M,1867,1927,
22320,2,朱彬,M,1861,,
22321,2,朱云,F,1863,1931,
22322,2,朱文,M,1865,1910,
22323,2,朱志,M,1864,1919,
22324,2,朱斌,M,1864,1905,
22325,2,朱莲,F,1863,1953,
22326,2,朱玲芬,F,1863,1930,
22327,2,朱志,M,1866,1906,
22328,2,朱霞,F,1865,1927,
22329,2,朱梅,F,1861,1908,
22330,2,朱林,M,1865,1943,
22331,2,朱静彩,F,1865,1946,
22332,2,朱宇,M,1861,1913,
22333,2,朱军毅,M,1865,1949,
22334,2,朱志,M,1867,1934,
22335,2,朱辉,M,1867,1951,
22336,2,朱芝怡,F,1861,,
22337,2,朱婷,F,1867,1931,
22338,2,朱强,M,1865,1936,
22339,2,朱宇志,M,1861,1913,
22340,2,朱伟明,M,1861,1927,
22341,2,朱琪,F,1865,1931,
22342,2,朱涛宏,M,1866,1912,
22343,2,朱松浩,M,1863,1943,
22344,2,朱泽,M,1864,1947,
22345,2,朱香,F,1866,1955,
22346,2,朱伟,M,1863,1910,
22347,2,朱林斌,M,1863,1918,
22348,2,朱娜,F,1861,1939,
22349,2,朱健斌,M,1862,1919,
22350,2,朱林博,M,1863,1939,
22351,2,朱佳,F,1865,1947,
22352,2,朱香,F,1861,1901,
22353,2,朱泽,M,1862,1942,
22354,2,朱浩,M,1864,1939,
22355,2,朱飞,M,1862,1941,
22356,2,朱丽,F,1867,1911,
22357,2,朱卓昊,M,1864,1945,
22358,2,朱珠,F,1864,1909,
22359,2,朱宏,M,1863,1924,
22360,2,朱军,M,1863,1905,
22361,2,朱颖,F,1865,1942,
22362,2,朱红,F,1866,1942,
22363,2,朱文,M,1866,1947,
22364,2,朱璐娜,F,1863,1908,
22365,2,朱卓,M,1861,1939,
22366,2,朱海,M,1866,1955,
22367,2,朱林,M,1864,1953,
22368,2,朱菊,F,1864,1933,
22369,2,朱敏,F,1861,1907,
22370,2,朱鹏,M,1863,1928,
22371,2,朱琳,F,1863,1943,
22372,2,朱蕾,F,1866,1938,
22373,2,朱俊,M,1866,1946,
22374,2,朱玉,F,1863,1945,
22375,2,朱宸,M,1864,1937,
22376,2,朱健,M,1866,1908,
22377,2,朱奕鹏,M,1861,1901,
22378,2,朱熠,M,1865,1952,
22379,2,朱芝霞,F,1863,1904,
22380,2,朱志林,M,1865,1948,
22381,2,朱娥,F,1865,1932,
22382,2,朱烨,M,1863,1919,
22383,2,朱莲洁,F,1863,1913,
22384,2,朱梅,F,1865,1906,
22385,2,朱雪,F,1862,1936,
22386,2,朱凯哲,M,1864,1944,
22387,2,朱琪彩,F,1864,1912,
22388,2,朱涛,M,1862,1914,
22389,2,朱莲香,F,1861,1917,
22390,2,朱毅,M,1863,1906,
22391,2,朱媛,F,1865,1924,
22392,2,朱惠,F,1863,1942,
22393,2,朱泽林,M,1867,1921,
22394,2,朱月,F,1861,1914,
22395,2,朱奇,M,1865,1920,
22396,2,朱奇,M,1862,,
22397,2,朱莲芝,F,1867,1913,
22398,2,朱宸,M,1862,1950,
22399,2,朱莲惠,F,1866,1950,
22400,2,朱宇宸,M,1866,1938,
22401,2,朱文卓,M,1865,1944,
22402,2,朱刚晨,M,1865,1932,
22404,2,秦香,F,1866,1918,
22405,2,胡艳燕,F,1862,1951,
22406,2,伍敏芳,F,1866,1917,
22407,2,陈璐,F,1864,1920,
22408,2,张彩,F,1861,1934,
22409,2,傅玉,F,1862,1923,
22412,2,郝月,F,1857,1900,
22413,2,刁菊,F,1860,1920,
22414,2,樊雪玉,F,1861,1910,
22415,2,许芝丽,F,1858,1923,
22416,2,阮雅,F,1868,1935,
22418,2,吴璐,F,1859,1910,
22419,2,魏梦,F,1868,1913,
22420,2,蒋霞,F,1869,1938,
22421,2,吴霞,F,1860,1903,
22422,2,胡洁,F,1864,1923,
22423,2,齐月红,F,1862,1922,
22424,2,郑红,F,1862,1910,
22425,2,柳媛,F,1864,1926,
22426,2,骆琳,F,1859,1934,
22427,2,孙莲淑,F,1862,1926,
22428,2,严莲,F,1860,1932,
22429,2,罗玉,F,1867,1919,
22430,2,杨欣,F,1863,1930,
22431,2,汪璐,F,1865,1905,
22434,2,江敏,F,1863,1912,
22435,2,夏云,F,1866,1929,
22436,2,齐玉,F,1861,1920,
22437,2,鲁菊,F,1863,1950,
22438,2,舒琳蕾,F,1858,1943,
22439,2,严艳燕,F,1863,1944,
22440,2,熊淑,F,1862,1942,
22441,2,汪莲,F,1867,1943,
22443,2,陈淑,F,1863,1941,
22444,2,金荣,F,1862,1917,
22445,2,屈香,F,1861,1903,
22446,2,邱秀,F,1865,1918,
22448,2,邹淑,F,1860,1926,
22449,2,胡瑞,F,1866,1929,
22450,2,张秀秀,F,1865,1911,
22451,2,齐梅,F,1869,1959,
22452,2,徐素,F,1861,1930,
22453,2,王素,F,1869,1909,
22454,2,范欣,F,1860,1921,
22456,2,韩娜娥,F,1861,1946,
22457,2,项莲,F,1862,1915,
22458,2,秦莲琳,F,1863,1942,
22459,2,梁婷,F,1860,1904,
22461,2,雷玲,F,1861,1906,
22462,2,杜淑云,F,1865,1909,
22463,2,常薇,F,1861,1912,
22465,2,郑雪,F,1863,1938,
22466,2,严凤,F,1862,1932,
22467,2,阮璐,F,1864,1929,
22469,2,袁佳,F,1860,1902,
22470,2,祝洁红,F,1865,1913,
22471,2,赵香,F,1859,1945,
22473,2,赵娜淑,F,1867,1927,
22474,2,潘菊芬,F,1861,1940,
22475,2,杜敏,F,1869,1924,
22476,2,毛丽丽,F,1868,1943,
22477,2,范月,F,1860,1921,
22478,2,凌爱,F,1862,1940,
22479,2,任菊菊,F,1863,1922,
22480,2,高佳,F,1861,1918,
22481,2,曹静,F,1861,1911,
22482,2,钱淑,F,1866,1955,
22484,2,伍荣,F,1865,1934,
22485,2,项雅素,F,1857,1945,
22486,2,毛薇佳,F,1863,1920,
22487,2,郑莲芬,F,1868,1942,
22488,2,何芳,F,1860,1928,
22489,2,盛凤秀,F,1861,1909,
22490,2,齐燕彩,F,1861,1947,
22491,2,袁玲怡,F,1865,1926,
22492,2,金洁,F,1859,1904,
22493,2,范梦惠,F,1868,1940,
22494,2,冯彩,F,1866,1918,
22495,2,杜惠燕,F,1858,1903,
22496,2,马莺素,F,1869,1951,
22497,2,赵素彩,F,1862,1917,
22498,2,雷红婷,F,1865,1910,
22499,2,尹媛,F,1859,1943,
22500,2,阮静,F,1864,1914,
22501,2,沈萍,F,1864,1917,
22502,2,安珠,F,1861,1917,
22503,2,宋怡燕,F,1860,1918,
22504,2,王敏,F,1863,1910,
22505,2,梁燕洁,F,1866,1944,
22506,2,谢萍,F,1859,1930,
22507,2,魏珠,F,1861,1922,
22508,2,钱芝瑞,F,1862,1902,
22509,2,傅珠,F,1859,1935,
22510,2,罗怡,F,1865,,
22512,2,蓝洁,F,1859,1938,
22513,2,陶娜,F,1869,1946,
22514,2,骆娜,F,1862,1934,
22517,2,孙丽,F,1862,1937,
22519,2,危莺,F,1863,1946,
22521,2,董娥香,F,1863,1912,
22522,2,孙芬,F,1864,1918,
22523,2,何雪,F,1863,1945,
22525,2,安琪静,F,1862,1948,
22527,2,夏梦,F,1861,1925,
22528,2,任怡爱,F,1863,1904,
22529,2,陈瑶,F,1865,1918,
22530,2,孔菊,F,1859,1911,
22531,2,罗凤,F,1864,1910,
22532,2,毛敏,F,1861,1909,
22533,2,颜娜,F,1866,1921,
22534,2,柳艳,F,1861,1938,
22535,2,郑燕佳,F,1865,1929,
22536,2,麻香洁,F,1868,1956,
22537,2,凌颖艳,F,1866,1956,
22538,2,杨丽,F,1861,1905,
22539,2,吴璐,F,1862,1928,
22540,2,鲁雪,F,1867,1931,
22541,2,范玉洁,F,1859,1919,
22542,2,戴艳,F,1860,1924,
22543,2,萧梅,F,1862,1945,
22545,2,骆颖,F,1860,1905,
22546,2,邱秀,F,1863,1946,
22547,2,许珠,F,1860,1933,
22548,2,尹璐,F,1865,1941,
22549,2,常怡,F,1865,1948,
22550,2,骆颖,F,1862,1919,
22551,2,毛琪,F,1858,1933,
22552,2,尹静,F,1861,1948,
22553,2,于爱,F,1869,1918,
22554,2,汪璐兰,F,1862,1941,
22555,2,路凤,F,1865,1955,
22556,2,危芝,F,1863,1926,
22557,2,韩萍洁,F,1859,1943,
22558,2,高媛,F,1868,1939,
22559,2,安娜,F,1864,1937,
22561,2,钱芬,F,1861,,
22562,2,田欣,F,1863,1946,
22563,2,陈凤,F,1865,1938,
22564,2,吴雅,F,1866,1910,
22565,2,苏艳,F,1860,1915,
22566,2,骆莲素,F,1864,1952,
22567,2,杨洁凤,F,1868,1955,
22568,2,梅雅璐,F,1864,1917,
22570,2,孙菊,F,1862,1940,
22571,2,陈玲,F,1868,1956,
22572,2,高凤,F,1868,1957,
22575,2,梁娥,F,1863,1913,
22576,2,盛雪,F,1868,1935,
22577,2,梁丽,F,1862,1924,
22578,2,沈娜璐,F,1860,1937,
22579,2,马莺,F,1861,1931,
22580,2,秦秀,F,1868,1957,
22581,2,秦媛凤,F,1863,1950,
22582,2,康琪,F,1864,1906,
22583,2,刁云,F,1861,1907,
22584,2,盛梦媛,F,1859,1908,
22585,2,项静,F,1864,1904,
22586,2,董霞,F,1863,1912,
22587,2,鲁静,F,1859,1924,
22589,2,孔彩,F,1865,1944,
22590,2,沈芳,F,1860,1901,
22591,2,姚香红,F,1861,1925,
22592,2,于珠芝,F,1868,1919,
22593,2,童月,F,1863,1915,
22594,2,纪婷香,F,1859,1926,
22595,2,姜萍,F,1862,1944,
22597,2,康云,F,1858,1929,
22598,2,蓝娜,F,1858,1941,
22599,2,祝淑,F,1861,1929,
22600,2,郝芳敏,F,1861,,
22601,2,潘兰,F,1862,1923,
22602,2,麻颖,F,1861,1950,
22603,2,胡莺,F,1861,1942,
22605,2,贾凤香,F,1862,1915,
22607,2,姚蕾,F,1862,1952,
22608,2,梁菊,F,1861,1912,
22609,2,郭娜,F,1863,1950,
22610,2,杨玲丽,F,1863,1929,
22611,2,强怡,F,1861,1936,
22612,2,钱萍艳,F,1863,1945,
22613,2,齐雅,F,1864,1916,
22614,2,屈梦,F,1861,1925,
22615,2,薛云,F,1868,1957,
22616,2,汤云娥,F,1863,1948,
22617,2,陈凤,F,1864,1951,
22618,2,麻琪,F,1863,1927,
22619,2,魏霞,F,1866,1923,
22620,2,邹月,F,1858,1928,
22621,2,孔香,F,1862,1935,
22622,2,周云,F,1864,1905,
22623,2,麻蕾,F,1864,1911,
22624,2,范瑶,F,1862,1927,
22625,2,林玉,F,1868,1918,
22626,2,汤芝艳,F,1863,1911,
22627,2,钱红,F,1861,1945,
22628,2,袁蕾,F,1863,1943,
22629,2,卫荣,F,1861,1951,
22630,2,冯娜,F,1862,1939,
22631,2,骆婷彩,F,1864,1927,
22632,2,郭芳,F,1859,1936,
22633,2,常云春,F,1864,1937,
22634,2,马娜,F,1863,1945,
22635,2,曹荣,F,1867,1919,
22637,2,卫萍琪,F,1861,1929,
22639,2,吴瑞,F,1866,1938,
22641,2,戴菊,F,1862,1947,
22642,2,董雪,F,1864,1952,
22643,2,卫菊,F,1864,1946,
22644,2,朱鸿,M,1881,1929,
22645,2,朱莲佳,F,1885,1952,
22646,2,朱天,M,1882,1959,
22647,2,朱琳,F,1881,1957,
22648,2,朱勇,M,1882,1933,
22649,2,朱素,F,1884,1936,
22650,2,朱璐丽,F,1879,1955,
22651,2,朱轩,M,1881,1969,
22652,2,朱雅,F,1882,1947,
22653,2,朱林,M,1884,1974,
22654,2,朱远,M,1880,1928,
22655,2,朱远烨,M,1881,1964,
22656,2,朱红,F,1885,,
22657,2,朱宸宸,M,1884,1972,
22658,2,朱翔杰,M,1882,1950,
22659,2,朱萍,F,1880,1954,
22660,2,朱健,M,1879,1943,
22661,2,朱荣,F,1879,1943,
22662,2,朱瑞薇,F,1883,1966,
22663,2,朱昊,M,1881,1934,
22664,2,朱淑,F,1879,1922,
22665,2,朱薇,F,1881,1949,
22666,2,朱凯波,M,1884,1940,
22667,2,朱熠卓,M,1880,,
22668,2,朱明,M,1880,1945,
22669,2,朱志,M,1879,1925,
22670,2,朱涛,M,1884,1970,
22671,2,朱毅,M,1883,1949,
22672,2,朱瑶,F,1880,1962,
22673,2,朱菊,F,1885,1973,
22674,2,朱远,M,1882,1929,
22675,2,朱志,M,1882,1932,
22676,2,朱颖,F,1881,1922,
22677,2,朱斌涛,M,1880,1922,
22678,2,朱雅,F,1885,1927,
22679,2,朱强,M,1884,1960,
22680,2,朱娜,F,1883,1934,
22681,2,朱杰,M,1882,1935,
22682,2,朱鹏,M,1885,1950,
22683,2,朱斌林,M,1881,1959,
22684,2,朱芝莲,F,1882,1946,
22685,2,朱媛,F,1879,1922,
22686,2,朱爱珠,F,1879,,
22687,2,朱奇,M,1881,1951,
22688,2,朱晨,M,1885,1952,
22689,2,朱文,M,1881,1956,
22690,2,朱洁,F,1884,1925,
22691,2,朱梅,F,1882,1928,
22692,2,朱昊文,M,1881,1962,
22693,2,朱宸,M,1884,1934,
22694,2,朱毅,M,1881,1934,
22695,2,朱芝,F,1879,1956,
22696,2,朱轩,M,1879,1933,
22697,2,朱建,M,1879,1954,
22698,2,朱远,M,1879,1936,
22699,2,朱艳兰,F,1880,1964,
22700,2,朱艳雅,F,1879,1930,
22701,2,朱艳,F,1882,1953,
22702,2,朱明,M,1883,1957,
22703,2,朱芬,F,1884,1962,
22704,2,朱荣霞,F,1882,1946,
22705,2,朱轩,M,1884,1957,
22706,2,朱素,F,1879,1950,
22707,2,朱奇,M,1879,1943,
22708,2,朱浩,M,1882,1950,
22709,2,朱瑞,F,1883,1933,
22710,2,朱哲,M,1880,1966,
22711,2,朱欣琪,F,1883,1932,
22712,2,朱艳芬,F,1880,1920,
22713,2,朱奕,M,1879,1949,
22714,2,朱涛,M,1885,1946,
22715,2,朱海,M,1879,1947,
22716,2,朱瑶玲,F,1881,1922,
22717,2,朱卓,M,1879,1941,
22718,2,朱鸿泽,M,1885,1926,
22719,2,朱婷,F,1880,1937,
22720,2,朱洋,M,1883,1942,
22721,2,朱健宇,M,1882,,
22722,2,朱娥静,F,1881,1950,
22723,2,朱宏,M,1881,1970,
22724,2,朱鑫,M,1883,1967,
22725,2,朱娥,F,1883,1952,
22726,2,朱涛奇,M,1880,1929,
22727,2,朱泽睿,M,1884,1968,
22728,2,朱鑫,M,1884,1924,
22729,2,朱彬,M,1883,1954,
22730,2,朱娜,F,1879,1943,
22731,2,朱烨彬,M,1883,1941,
22732,2,朱艳蕾,F,1882,1943,
22733,2,朱敏,F,1883,1931,
22734,2,朱婷雪,F,1884,1938,
22735,2,朱博,M,1880,1937,
22736,2,朱龙斌,M,1879,1955,
22737,2,朱强达,M,1882,1931,
22738,2,朱天,M,1881,1924,
22739,2,朱雪琪,F,1881,1934,
22740,2,朱娥瑞,F,1879,1959,
22741,2,朱婷,F,1881,1924,
22742,2,朱博松,M,1880,1942,
22743,2,朱春,F,1882,1924,
22744,2,朱睿,M,1883,1932,
22745,2,朱晨,M,1884,1949,
22746,2,朱浩,M,1879,1935,
22747,2,朱薇,F,1885,1935,
22748,2,朱娥梦,F,1879,1961,
22749,2,朱杰,M,1885,1957,
22750,2,朱艳,F,1879,1929,
22751,2,朱洋,M,1884,1942,
22752,2,朱瑶敏,F,1882,1927,
22753,2,朱香,F,1883,1956,
22754,2,朱静欣,F,1884,1962,
22755,2,朱轩,M,1883,1927,
22756,2,朱娥瑶,F,1884,1962,
22757,2,朱奇,M,1885,1974,
22758,2,朱毅,M,1881,1953,
22759,2,朱鸿,M,1884,1936,
22760,2,朱芳,F,1885,1973,
22761,2,朱晨,M,1879,1935,
22762,2,朱哲,M,1885,1933,
22763,2,朱兰,F,1885,1968,
22764,2,朱宇,M,1884,1926,
22765,2,朱雅,F,1881,1934,
22766,2,朱军烨,M,1883,1971,
22767,2,朱卓,M,1885,1930,
22768,2,朱军晨,M,1880,1938,
22769,2,朱菊,F,1884,1958,
22770,2,朱艳,F,1882,1958,
22771,2,朱奇毅,M,1884,1936,
22772,2,朱洋,M,1885,1975,
22773,2,朱琳荣,F,1883,1973,
22774,2,朱素,F,1880,1921,
22775,2,朱香,F,1882,1924,
22776,2,朱博伟,M,1880,1952,
22777,2,朱志斌,M,1882,1931,
22778,2,朱梅,F,1883,1970,
22779,2,朱毅,M,1880,1923,
22780,2,朱娜,F,1880,1935,
22781,2,朱莲敏,F,1880,1959,
22782,2,朱明泽,M,1883,1942,
22783,2,朱辉远,M,1885,1974,
22784,2,朱娜,F,1884,1937,
22785,2,朱磊,M,1880,1946,
22786,2,朱文,M,1882,1954,
22787,2,朱莲,F,1881,1927,
22788,2,朱凤,F,1882,1936,
22789,2,朱昊,M,1881,1955,
22790,2,朱颖蕾,F,1881,1932,
22791,2,朱龙,M,1882,1967,
22792,2,朱鸿建,M,1885,1928,
22793,2,朱珠,F,1883,1962,
22794,2,朱惠,F,1884,1943,
22795,2,朱轩军,M,1880,1957,
22796,2,朱宇,M,1885,1940,
22797,2,朱博,M,1880,1927,
22798,2,朱红,F,1883,1951,
22799,2,朱兰,F,1883,1961,
22800,2,朱晨,M,1884,1929,
22801,2,朱勇,M,1881,1965,
22802,2,朱薇,F,1883,1941,
22803,2,朱宇,M,1883,1954,
22804,2,朱泽,M,1884,1949,
22805,2,朱菊,F,1882,1970,
22806,2,朱军,M,1880,1920,
22807,2,朱磊,M,1885,1944,
22808,2,朱磊斌,M,1880,1959,
22809,2,朱哲,M,1879,1937,
22810,2,朱琳,F,1884,1938,
22811,2,朱龙,M,1883,1955,
22812,2,朱泽,M,1881,1970,
22813,2,朱艳,F,1883,1932,
22814,2,朱佳,F,1881,1953,
22815,2,朱涛,M,1882,1966,
22816,2,朱哲,M,1880,1968,
22817,2,朱凤,F,1884,1930,
22818,2,朱琳,F,1881,1954,
22819,2,朱晨,M,1879,1930,
22820,2,朱杰达,M,1882,1938,
22821,2,朱雪,F,1880,1923,
22822,2,朱轩彬,M,1883,1939,
22823,2,朱珠爱,F,1885,1975,
22824,2,朱林,M,1880,,
22825,2,朱宸轩,M,1883,1948,
22826,2,朱林,M,1885,1952,
22827,2,朱兰,F,1881,1946,
22828,2,朱健,M,1883,1944,
22829,2,朱晨,M,1879,1952,
22830,2,朱俊,M,1882,1957,
22831,2,朱璐颖,F,1880,1923,
22832,2,朱波健,M,1880,1956,
22833,2,朱海,M,1880,1941,
22834,2,朱琪,F,1884,1973,
22835,2,朱博,M,1884,1974,
22836,2,朱爱素,F,1881,1931,
22837,2,朱烨翔,M,1882,1958,
22838,2,朱林,M,1881,1938,
22839,2,朱晨天,M,1883,1927,
22840,2,朱娥梅,F,1885,1959,
22841,2,朱勇宇,M,1879,1944,
22842,2,朱春,F,1885,1928,
22843,2,朱敏芬,F,1885,1956,
22844,2,朱涛,M,1879,1966,
22845,2,朱俊,M,1880,1955,
22846,2,朱燕,F,1882,1947,
22847,2,朱博,M,1885,1933,
22848,2,朱勇驰,M,1880,1935,
22849,2,朱丽,F,1879,1949,
22850,2,朱博哲,M,1881,1931,
22851,2,朱鸿,M,1880,1929,
22852,2,朱彬宇,M,1879,1937,
22853,2,朱磊健,M,1881,1927,
22854,2,朱琪,F,1884,1933,
22855,2,朱彬,M,1885,1945,
22856,2,朱薇,F,1881,1944,
22857,2,朱飞,M,1883,1943,
22858,2,朱娥敏,F,1880,1923,
22859,2,朱惠云,F,1883,1956,
22860,2,朱雅,F,1882,1930,
22861,2,朱宇轩,M,1881,1941,
22862,2,朱彩,F,1885,1939,
22863,2,朱驰建,M,1881,1935,
22864,2,朱哲,M,1883,1925,
22865,2,朱怡,F,1883,1967,
22866,2,朱凤珠,F,1884,1973,
22867,2,朱涛,M,1884,1956,
22868,2,朱哲,M,1883,1935,
22869,2,朱强,M,1880,1922,
22870,2,朱斌勇,M,1883,1934,
22871,2,朱云芝,F,1882,1923,
22872,2,朱磊宇,M,1880,1932,
22873,2,朱佳洁,F,1884,1940,
22874,2,朱芝,F,1883,1935,
22875,2,朱梦丽,F,1882,1944,
22876,2,朱哲洋,M,1879,1942,
22877,2,朱林,M,1885,1935,
22878,2,朱哲昊,M,1880,1944,
22879,2,朱芳芝,F,1881,1954,
22880,2,朱芝,F,1879,1956,
22881,2,朱龙,M,1883,1972,
22882,2,朱凤,F,1884,1938,
22883,2,朱晨鸿,M,1884,1948,
22884,2,朱彩,F,1883,1945,
22885,2,朱宸博,M,1880,1937,
22886,2,朱哲,M,1884,1958,
22887,2,朱婷,F,1879,1936,
22888,2,朱哲,M,1882,1954,
22889,2,朱珠,F,1879,1921,
22890,2,朱鑫,M,1881,1921,
22891,2,朱怡婷,F,1879,1932,
22892,2,朱健,M,1879,1941,
22893,2,朱驰,M,1880,1944,
22894,2,朱颖,F,1884,1950,
22895,2,朱浩林,M,1881,1944,
22896,2,朱泽昊,M,1883,1925,
22897,2,朱海,M,1880,1937,
22898,2,朱爱,F,1885,1930,
22899,2,朱强,M,1880,1930,
22900,2,朱天,M,1884,1940,
22901,2,朱鑫,M,1879,1940,
22902,2,朱娥,F,1880,1937,
22903,2,朱雪,F,1882,1926,
22904,2,朱勇,M,1885,1954,
22905,2,朱达,M,1881,1938,
22906,2,朱薇,F,1880,1937,
22907,2,朱磊,M,1882,1922,
22908,2,朱香颖,F,1881,1932,
22909,2,朱欣,F,1884,1931,
22910,2,朱玲,F,1884,1939,
22911,2,朱辉,M,1879,1926,
22912,2,朱芝,F,1885,1936,
22913,2,朱瑞,F,1883,1951,
22914,2,朱素淑,F,1879,1942,
22915,2,朱海,M,1884,1940,
22916,2,朱强,M,1879,1946,
22917,2,朱春,F,1879,1921,
22918,2,朱健天,M,1881,1952,
22919,2,朱刚波,M,1882,1968,
22920,2,朱浩,M,1879,1949,
22921,2,朱卓磊,M,1880,1954,
22922,2,朱静,F,1885,1959,
22923,2,朱惠薇,F,1882,1961,
22924,2,朱玲,F,1882,1969,
22925,2,朱欣,F,1885,1971,
22926,2,朱泽,M,1881,1953,
22927,2,朱怡,F,1880,1952,
22928,2,朱丽,F,1885,1963,
22929,2,朱奕,M,1884,1951,
22930,2,朱芬,F,1884,1957,
22931,2,朱静,F,1879,1966,
22932,2,朱勇,M,1884,1930,
22933,2,朱萍,F,1880,1945,
22934,2,朱婷莲,F,1881,1932,
22935,2,朱鹏,M,1880,1949,
22936,2,朱玲,F,1882,,
22937,2,朱辉,M,1883,1973,
22938,2,朱磊松,M,1884,1929,
22939,2,朱娥梅,F,1885,1971,
22940,2,朱涛,M,1881,1959,
22941,2,朱健,M,1880,1924,
22942,2,朱艳,F,1881,1922,
22943,2,朱珠,F,1879,1934,
22944,2,朱梦,F,1881,1965,
22945,2,朱驰,M,1879,1969,
22946,2,朱惠,F,1885,1971,
22947,2,朱萍蕾,F,1880,1934,
22948,2,朱海泽,M,1885,1974,
22949,2,朱刚伟,M,1883,1957,
22950,2,朱志,M,1882,1963,
22951,2,朱彬,M,1884,1950,
22952,2,朱婷,F,1885,1925,
22953,2,朱静颖,F,1884,1960,
22954,2,朱鹏,M,1882,1935,
22955,2,朱健,M,1879,1932,
22956,2,朱轩磊,M,1882,1969,
22957,2,朱霞兰,F,1883,1947,
22958,2,朱欣,F,1884,1944,
22959,2,朱红,F,1882,1922,
22960,2,朱宸,M,1881,1938,
22961,2,朱杰,M,1880,1947,
22962,2,朱素,F,1884,1968,
22963,2,朱浩,M,1884,1940,
22964,2,朱璐,F,1881,1960,
22965,2,朱雪,F,1882,1960,
22966,2,朱龙,M,1884,1938,
22967,2,朱瑶云,F,1884,1937,
22968,2,朱刚,M,1879,1925,
22969,2,朱艳芬,F,1885,1966,
22970,2,朱辉辉,M,1885,1959,
22971,2,朱宇,M,1880,,
22972,2,朱莺,F,1885,1962,
22973,2,朱林,M,1880,1960,
22974,2,朱蕾,F,1883,1928,
22975,2,朱芝,F,1879,1939,
22976,2,朱晨,M,1884,1954,
22977,2,朱佳,F,1881,,
22978,2,朱艳,F,1882,1925,
22979,2,朱颖,F,1880,1937,
22980,2,朱彬,M,1883,1962,
22981,2,朱爱,F,1880,,
22982,2,朱昊,M,1883,1969,
22983,2,朱宏,M,1882,1964,
22984,2,朱洁,F,1879,1969,
22985,2,朱勇,M,1880,1960,
22986,2,朱雪,F,1882,1935,
22987,2,朱勇,M,1879,1957,
22988,2,朱驰,M,1883,1947,
22989,2,朱月菊,F,1883,1954,
22990,2,朱波,M,1880,1952,
22991,2,朱玲,F,1882,1928,
22992,2,朱瑞,F,1880,1959,
22993,2,朱鸿,M,1884,1933,
22994,2,朱凤,F,1883,1935,
22995,2,朱彬,M,1885,1936,
22996,2,朱梦静,F,1882,1947,
22997,2,朱磊,M,1879,1943,
22998,2,朱浩,M,1881,1928,
22999,2,朱淑,F,1880,1938,
23000,2,朱佳琪,F,1883,1971,
23001,2,朱磊军,M,1882,1950,
23002,2,朱雅,F,1880,1935,
23003,2,朱秀,F,1883,1961,
23004,2,朱博,M,1882,1942,
23005,2,朱珠,F,1882,1944,
23006,2,朱梦,F,1881,1944,
23007,2,朱宸,M,1881,1926,
23008,2,朱红,F,1879,1958,
23009,2,朱宏,M,1881,1930,
23010,2,朱凯,M,1883,1942,
23011,2,朱丽,F,1881,1926,
23012,2,朱薇,F,1879,1953,
23013,2,朱鹏海,M,1885,1969,
23014,2,朱莲娜,F,1885,1969,
23015,2,朱斌,M,1885,1928,
23016,2,朱薇,F,1879,1937,
23017,2,朱卓,M,1883,1949,
23018,2,朱杰,M,1883,1945,
23019,2,朱芳,F,1885,1925,
23020,2,朱香,F,1882,1947,
23021,2,朱燕,F,1880,1933,
23022,2,朱泽,M,1879,,
23023,2,朱月婷,F,1883,1959,
23024,2,朱静,F,1883,1944,
23025,2,朱天,M,1884,1934,
23026,2,朱宸,M,1880,,
23027,2,朱鸿,M,1882,1962,
23028,2,朱莲,F,1885,1947,
23029,2,朱宏,M,1884,1956,
23030,2,朱伟,M,1882,1943,
23031,2,朱丽,F,1879,1953,
23032,2,朱宏,M,1885,1963,
23033,2,朱雅,F,1879,1955,
23034,2,朱凯,M,1883,1948,
23035,2,朱杰,M,1880,1934,
23036,2,朱洋,M,1881,1962,
23037,2,朱薇颖,F,1879,1945,
23038,2,朱勇,M,1883,1971,
23039,2,朱丽,F,1879,1958,
23040,2,朱林,M,1883,1931,
23041,2,朱秀,F,1879,1953,
23042,2,朱飞波,M,1885,1963,
23043,2,朱凯,M,1879,1949,
23044,2,朱蕾,F,1881,1942,
23045,2,朱强,M,1883,1971,
23046,2,朱彩,F,1880,1925,
23047,2,朱欣,F,1884,1973,
23048,2,朱媛玲,F,1884,1926,
23049,2,朱天,M,1879,1946,
23050,2,朱杰,M,1883,1950,
23051,2,朱伟,M,1884,1937,
23052,2,朱梅,F,1884,1938,
23053,2,朱凯熠,M,1880,1951,
23054,2,朱松鑫,M,1880,1933,
23055,2,朱鹏,M,1880,1967,
23056,2,朱伟凯,M,1879,1959,
23057,2,朱敏雪,F,1879,1965,
23058,2,朱伟,M,1881,1944,
23059,2,朱芳,F,1884,1954,
23060,2,朱宇,M,1885,1970,
23061,2,朱涛,M,1879,1951,
23062,2,朱欣,F,1884,1926,
23063,2,朱卓,M,1880,1967,
23064,2,朱刚哲,M,1882,1968,
23065,2,朱娜,F,1884,1972,
23066,2,朱远,M,1885,1972,
23067,2,朱彩莲,F,1885,1946,
23068,2,朱彬,M,1885,1939,
23069,2,朱宏,M,1881,1970,
23070,2,朱媛欣,F,1881,1949,
23071,2,朱睿,M,1882,1922,
23072,2,朱敏,F,1883,1924,
23073,2,朱月,F,1882,1972,
23074,2,朱洋,M,1882,1950,
23075,2,朱红,F,1883,1925,
23076,2,朱宸文,M,1881,1953,
23077,2,朱文,M,1879,1923,
23078,2,朱香芝,F,1880,1941,
23079,2,朱宸奕,M,1881,1967,
23080,2,朱霞媛,F,1883,1951,
23081,2,朱蕾,F,1885,1960,
23082,2,朱鸿,M,1879,1948,
23083,2,朱萍,F,1879,1962,
23084,2,朱斌,M,1881,1926,
23085,2,朱明,M,1879,1952,
23086,2,朱昊波,M,1884,1924,
23087,2,朱云,F,1884,1929,
23088,2,朱彩,F,1879,1937,
23089,2,朱波海,M,1882,1927,
23090,2,朱惠,F,1884,1955,
23091,2,朱蕾,F,1883,1970,
23092,2,朱建毅,M,1883,1926,
23093,2,朱烨林,M,1885,1932,
23094,2,朱琳,F,1884,,
23095,2,朱强,M,1880,1960,
23096,2,朱秀雅,F,1880,1937,
23097,2,朱浩,M,1883,1957,
23098,2,朱海,M,1885,1927,
23099,2,朱达昊,M,1883,1937,
23100,2,朱欣,F,1880,1943,
23101,2,朱波,M,1883,1935,
23102,2,朱达,M,1880,1933,
23103,2,朱梅玲,F,1882,1966,
23104,2,朱玲,F,1885,1960,
23105,2,朱雪,F,1882,1969,
23106,2,朱飞宏,M,1881,1943,
23107,2,朱睿,M,1885,1958,
23108,2,朱芳雅,F,1879,1961,
23109,2,朱鑫,M,1885,1927,
23110,2,朱怡萍,F,1881,1928,
23111,2,朱泽,M,1885,1928,
23112,2,朱斌远,M,1879,1951,
23113,2,朱淑,F,1882,1928,
23114,2,朱雅,F,1879,1968,
23115,2,朱燕,F,1884,1968,
23116,2,朱健,M,1880,1951,
23117,2,朱莺娥,F,1883,1956,
23118,2,朱爱,F,1880,1939,
23119,2,朱熠,M,1880,1941,
23120,2,朱轩,M,1881,1949,
23121,2,朱玲静,F,1882,1948,
23122,2,朱俊,M,1882,1951,
23123,2,朱琳,F,1879,1956,
23124,2,朱琳,F,1884,1955,
23125,2,朱建熠,M,1880,1962,
23126,2,朱荣,F,1884,1946,
23127,2,朱俊,M,1883,1924,
23128,2,朱健,M,1882,1970,
23129,2,朱娜,F,1879,,
23130,2,朱刚博,M,1885,1929,
23131,2,朱爱,F,1879,1938,
23132,2,朱静,F,1884,1940,
23133,2,朱宇,M,1881,1929,
23134,2,朱香娜,F,1884,1953,
23135,2,朱翔烨,M,1884,1947,
23136,2,朱玉琪,F,1882,1954,
23137,2,朱莺兰,F,1882,1959,
23138,2,朱芬娜,F,1880,1970,
23139,2,朱熠,M,1882,1961,
23140,2,朱健,M,1882,1930,
23141,2,朱文,M,1883,1936,
23142,2,朱玉,F,1880,1928,
23143,2,朱宏,M,1883,1959,
23144,2,朱雪惠,F,1879,1928,
23145,2,朱艳,F,1879,1933,
23146,2,朱奕,M,1882,1923,
23147,2,朱芝,F,1883,1935,
23148,2,朱奕,M,1885,1941,
23149,2,朱佳,F,1882,1923,
23150,2,朱萍,F,1880,1955,
23151,2,朱哲轩,M,1881,1950,
23152,2,朱洁莲,F,1882,1946,
23153,2,朱明,M,1884,1932,
23154,2,朱睿松,M,1883,1961,
23155,2,朱玉,F,1883,1948,
23156,2,朱玲,F,1882,1948,
23157,2,朱宸,M,1885,1929,
23158,2,朱月,F,1884,1939,
23159,2,朱林,M,1883,1924,
23160,2,朱鑫,M,1883,1953,
23161,2,朱梦,F,1881,1967,
23162,2,朱宸,M,1880,1949,
23163,2,朱宇,M,1879,1941,
23164,2,朱梅香,F,1879,1932,
23165,2,朱龙宏,M,1883,,
23166,2,朱奕睿,M,1882,1960,
23167,2,朱珠,F,1882,1953,
23168,2,朱奇翔,M,1882,1952,
23169,2,朱敏,F,1880,1937,
23170,2,朱泽龙,M,1885,1968,
23171,2,朱芬,F,1882,1956,
23172,2,朱娥瑶,F,1882,1935,
23173,2,朱刚,M,1881,1923,
23174,2,朱杰,M,1879,1920,
23175,2,朱琪,F,1884,1936,
23176,2,朱辉,M,1881,1940,
23177,2,朱春月,F,1884,1927,
23178,2,朱奇杰,M,1883,1949,
23179,2,朱颖,F,1879,1956,
23180,2,朱林睿,M,1884,1955,
23181,2,朱颖秀,F,1880,1955,
23182,2,朱芳,F,1880,1931,
23183,2,朱春,F,1880,1930,
23184,2,朱卓,M,1882,1929,
23185,2,朱洁,F,1885,1926,
23186,2,朱斌,M,1879,1939,
23187,2,朱建,M,1879,1953,
23188,2,朱明,M,1883,1939,
23189,2,朱远健,M,1880,1943,
23190,2,朱婷,F,1885,1974,
23191,2,朱俊,M,1881,1951,
23192,2,朱萍,F,1880,1931,
23193,2,朱松,M,1880,1924,
23194,2,朱明,M,1881,1965,
23195,2,朱雅,F,1882,1965,
23196,2,朱淑,F,1880,1924,
23197,2,朱琪,F,1880,1928,
23198,2,朱睿浩,M,1880,1954,
23199,2,朱秀,F,1884,1928,
23200,2,朱明,M,1881,1936,
23201,2,朱龙,M,1881,1965,
23202,2,朱春琪,F,1881,1959,
23203,2,朱建,M,1884,1951,
23204,2,朱霞,F,1882,1954,
23205,2,朱月,F,1879,1953,
23206,2,朱彬,M,1885,1926,
23207,2,朱洁月,F,1885,1973,
23208,2,朱磊,M,1885,1935,
23209,2,朱婷洁,F,1884,1946,
23210,2,朱志涛,M,1883,1925,
23211,2,朱芳春,F,1885,1969,
23212,2,朱奇,M,1885,1928,
23213,2,朱龙波,M,1883,1938,
23214,2,朱泽建,M,1884,1965,
23215,2,朱丽,F,1881,1947,
23216,2,朱林毅,M,1879,1966,
23217,2,朱素,F,1883,1945,
23218,2,朱军龙,M,1882,1949,
23219,2,朱凯,M,1879,1943,
23220,2,朱红,F,1879,1925,
23221,2,朱鸿,M,1880,1958,
23222,2,朱海,M,1881,1926,
23223,2,朱宇,M,1880,1963,
23224,2,朱菊,F,1881,1931,
23225,2,朱婷,F,1881,1958,
23226,2,朱淑欣,F,1881,1940,
23227,2,朱斌波,M,1880,1937,
23228,2,朱娥,F,1883,1932,
23229,2,朱娜颖,F,1881,1944,
23230,2,朱刚,M,1882,1954,
23231,2,朱璐,F,1883,1940,
23232,2,朱轩,M,1882,1947,
23233,2,朱芬,F,1879,1942,
23234,2,朱彬,M,1881,1926,
23235,2,朱静,F,1879,1952,
23236,2,朱俊,M,1879,1939,
23237,2,朱林,M,1881,1964,
23238,2,朱建,M,1883,1960,
23239,2,朱淑,F,1879,1924,
23240,2,朱强,M,1883,,
23241,2,朱奇,M,1881,1924,
23242,2,朱静,F,1879,1926,
23243,2,朱文,M,1882,1939,
23244,2,朱勇龙,M,1883,1949,
23245,2,朱雅,F,1882,1924,
23246,2,朱彬,M,1883,1969,
23247,2,朱颖,F,1879,1963,
23248,2,朱宇宏,M,1879,1949,
23249,2,朱薇,F,1880,1965,
23250,2,朱杰,M,1882,1922,
23251,2,朱建,M,1884,1938,
23252,2,朱波明,M,1884,1942,
23253,2,朱梅,F,1883,1942,
23254,2,朱刚驰,M,1881,1963,
23255,2,朱鹏宏,M,1882,1933,
23256,2,朱云,F,1881,1931,
23257,2,朱梅,F,1879,1958,
23258,2,朱浩,M,1885,1949,
23259,2,朱波,M,1885,1929,
23260,2,朱林,M,1879,1920,
23261,2,朱敏,F,1881,,
23262,2,朱婷,F,1883,1951,
23263,2,朱卓,M,1882,1960,
23264,2,朱凯,M,1881,1944,
23265,2,朱强,M,1884,1970,
23266,2,朱婷,F,1881,1938,
23267,2,朱建勇,M,1884,1938,
23268,2,朱娥,F,1884,1925,
23269,2,朱雪芝,F,1880,1949,
23270,2,朱伟,M,1880,1945,
23271,2,朱宸,M,1882,1951,
23272,2,朱勇昊,M,1885,1933,
23273,2,朱瑞,F,1880,1944,
23274,2,朱海,M,1885,1967,
23275,2,朱春,F,1885,1944,
23276,2,朱天,M,1879,1947,
23277,2,朱萍,F,1885,1939,
23278,2,朱奕,M,1881,1922,
23279,2,朱伟,M,1880,1942,
23280,2,朱雪,F,1885,1930,
23281,2,朱芬,F,1884,1945,
23282,2,朱轩,M,1882,1954,
23283,2,朱浩,M,1884,1935,
23284,2,朱琳,F,1879,1934,
23285,2,朱洋飞,M,1885,1974,
23286,2,朱勇毅,M,1881,1927,
23287,2,朱欣,F,1880,1923,
23288,2,朱洋建,M,1884,1970,
23289,2,朱哲,M,1882,1963,
23290,2,朱婷月,F,1880,1958,
23291,2,朱香,F,1879,1938,
23292,2,朱文,M,1883,,
23293,2,朱奕,M,1884,1930,
23294,2,朱珠,F,1879,1943,
23295,2,朱鹏奕,M,1885,1970,
23296,2,朱飞昊,M,1879,1960,
23297,2,朱雅,F,1879,1941,
23298,2,朱洋,M,1879,1946,
23299,2,朱怡,F,1882,1965,
23300,2,朱明,M,1883,1971,
23301,2,朱艳,F,1882,1955,
23302,2,朱昊,M,1880,1946,
23303,2,朱伟浩,M,1880,1951,
23304,2,朱俊,M,1881,1949,
23305,2,朱静,F,1879,,
23306,2,朱鑫,M,1882,1970,
23307,2,朱晨磊,M,1885,1926,
23308,2,朱春,F,1879,1942,
23309,2,朱杰涛,M,1882,1949,
23310,2,朱梅,F,1883,1944,
23311,2,朱烨鸿,M,1883,1942,
23312,2,朱惠,F,1881,1956,
23313,2,朱春,F,1884,1930,
23314,2,朱芬娥,F,1884,1947,
23315,2,朱松,M,1883,1957,
23316,2,朱宸,M,1881,1923,
23317,2,朱宸,M,1880,1930,
23318,2,朱浩,M,1885,1961,
23319,2,朱军翔,M,1882,1960,
23320,2,朱雪,F,1879,1921,
23321,2,朱勇,M,1885,1958,
23322,2,朱春雅,F,1880,1970,
23323,2,朱凯,M,1882,1962,
23324,2,朱敏,F,1883,1961,
23325,2,朱飞军,M,1881,1957,
23326,2,朱荣瑶,F,1880,1970,
23327,2,朱红薇,F,1883,1972,
23328,2,朱哲,M,1879,1946,
23329,2,朱凤红,F,1883,1930,
23330,2,朱昊,M,1880,1931,
23331,2,朱鑫,M,1885,1969,
23332,2,朱琳霞,F,1882,1924,
23333,2,朱熠军,M,1885,1953,
23334,2,朱薇,F,1880,1923,
23335,2,朱达,M,1881,1945,
23336,2,朱兰丽,F,1881,1921,
23337,2,朱杰奇,M,1882,1953,
23338,2,朱娥,F,1881,1951,
23339,2,朱军,M,1879,1946,
23340,2,朱芬,F,1882,1935,
23341,2,朱飞翔,M,1884,1950,
23342,2,朱欣,F,1880,1956,
23343,2,朱奕凯,M,1881,1951,
23344,2,朱达,M,1879,1936,
23345,2,朱静薇,F,1879,1948,
23346,2,朱海,M,1881,1948,
23347,2,朱瑶,F,1882,1940,
23348,2,朱远,M,1880,1953,
23349,2,朱惠梅,F,1883,1926,
23350,2,朱鸿睿,M,1881,1950,
23351,2,朱颖,F,1880,1965,
23352,2,朱凯,M,1879,1946,
23353,2,朱璐艳,F,1885,1953,
23354,2,朱鹏,M,1881,1950,
23355,2,朱芬丽,F,1881,1941,
23356,2,朱芳,F,1883,1946,
23357,2,朱远,M,1884,1965,
23358,2,朱雅,F,1883,1967,
23359,2,朱鸿,M,1881,1939,
23360,2,朱健,M,1883,1956,
23361,2,朱驰宏,M,1879,1959,
23362,2,朱艳,F,1882,1959,
23363,2,朱洋达,M,1882,1935,
23364,2,朱萍静,F,1885,1937,
23365,2,朱昊,M,1881,1960,
23366,2,朱媛,F,1882,1949,
23367,2,朱春云,F,1880,1959,
23368,2,朱鹏,M,1883,1944,
23369,2,朱荣瑶,F,1882,1932,
23370,2,朱云,F,1881,1951,
23371,2,朱波,M,1881,1943,
23372,2,朱鹏,M,1882,1953,
23373,2,朱玲,F,1880,1942,
23374,2,朱林,M,1885,1972,
23375,2,朱爱,F,1879,1949,
23376,2,朱媛芝,F,1884,1966,
23377,2,朱俊,M,1881,1956,
23378,2,朱香,F,1881,1932,
23379,2,朱兰,F,1879,1927,
23380,2,朱丽,F,1881,1954,
23381,2,朱建彬,M,1880,1935,
23382,2,朱芬雪,F,1884,1945,
23383,2,朱奕,M,1885,1970,
23384,2,傅惠,F,1883,1942,
23385,2,秦艳,F,1880,1934,
23389,2,郝瑞萍,F,1885,1964,
23390,2,季珠,F,1883,1971,
23391,2,蒋静,F,1878,1933,
23393,2,邹红,F,1880,1939,
23395,2,许月,F,1883,1938,
23396,2,高莲,F,1882,1946,
23397,2,熊娥,F,1879,1936,
23398,2,柳娥,F,1878,1953,
23400,2,于霞,F,1880,1943,
23402,2,郭璐,F,1882,1940,
23403,2,毛红,F,1880,1956,
23404,2,夏燕,F,1882,1939,
23405,2,骆梅,F,1883,1953,
23407,2,罗香月,F,1880,1920,
23408,2,冯雪,F,1875,1944,
23409,2,戴珠琳,F,1881,1971,
23410,2,贺彩,F,1881,1947,
23411,2,纪莲,F,1879,1940,
23412,2,任菊,F,1877,1960,
23413,2,骆霞欣,F,1882,1951,
23414,2,陶婷雅,F,1879,1955,
23415,2,蒋媛,F,1885,1927,
23416,2,凌芝,F,1883,1928,
23417,2,何梅,F,1875,1931,
23418,2,周洁,F,1886,1935,
23419,2,鲁雪梅,F,1882,1968,
23422,2,常芬,F,1878,1949,
23423,2,贾玉,F,1875,1915,
23424,2,汪凤佳,F,1879,1927,
23425,2,邹娜燕,F,1878,1959,
23426,2,雷月菊,F,1887,1936,
23428,2,邹娜,F,1879,1945,
23429,2,余蕾,F,1886,1963,
23431,2,郭芳,F,1881,1967,
23432,2,雷颖静,F,1879,1943,
23433,2,凌丽,F,1878,1954,
23435,2,彭莺,F,1881,1927,
23436,2,康蕾素,F,1878,1946,
23437,2,汤娥,F,1879,1936,
23438,2,樊梅,F,1880,,
23439,2,毛梅,F,1879,1959,
23440,2,凌燕爱,F,1879,1961,
23441,2,凌红玉,F,1880,1957,
23442,2,刁瑶,F,1880,1920,
23443,2,祝静,F,1881,1936,
23444,2,梅芝怡,F,1882,1934,
23445,2,尹香,F,1882,1934,
23446,2,马欣,F,1877,1953,
23447,2,杜菊婷,F,1883,1931,
23448,2,贾敏,F,1882,1934,
23449,2,黄媛,F,1885,1935,
23450,2,汤红,F,1879,1958,
23451,2,路兰,F,1880,1925,
23452,2,傅梅,F,1881,1927,
23454,2,常玉,F,1878,1923,
23456,2,马琳,F,1880,1967,
23457,2,席梦彩,F,1878,1956,
23458,2,骆丽芝,F,1885,1975,
23459,2,李香,F,1881,1960,
23460,2,徐欣莲,F,1880,1937,
23462,2,舒霞,F,1878,1939,
23463,2,纪怡淑,F,1883,1929,
23464,2,谢燕,F,1880,1953,
23465,2,董媛,F,1881,1929,
23466,2,孙秀,F,1878,1937,
23467,2,熊雪佳,F,1879,1923,
23468,2,曹月,F,1878,1947,
23469,2,陶丽,F,1883,1956,
23470,2,樊月,F,1877,,
23471,2,盛爱,F,1881,1954,
23472,2,祝梦婷,F,1882,1961,
23473,2,董颖,F,1879,1921,
23474,2,郝婷彩,F,1880,1929,
23475,2,方秀,F,1878,1941,
23476,2,杜梅珠,F,1887,1944,
23477,2,胡梦燕,F,1880,1937,
23479,2,毛雪,F,1881,1932,
23480,2,危荣颖,F,1881,1968,
23481,2,贺雅,F,1878,1942,
23482,2,赵娥,F,1879,1927,
23483,2,陈丽爱,F,1879,1960,
23486,2,常珠雅,F,1882,,
23488,2,曹红,F,1884,1927,
23489,2,凌欣,F,1881,1928,
23490,2,梁莲洁,F,1881,1944,
23491,2,郭婷,F,1881,1941,
23492,2,童璐惠,F,1879,1940,
23493,2,钱艳,F,1881,1956,
23494,2,陈玲媛,F,1879,1968,
23495,2,蔡媛,F,1877,1965,
23496,2,冯莲芝,F,1881,1967,
23497,2,严瑶,F,1877,1950,
23498,2,吴丽,F,1881,1922,
23501,2,尹燕,F,1885,1944,
23502,2,安淑,F,1879,1949,
23503,2,薛欣,F,1886,1926,
23504,2,潘丽瑞,F,1880,1953,
23505,2,娄芳,F,1876,1966,
23506,2,汤香,F,1878,1953,
23507,2,齐琪琪,F,1879,1963,
23509,2,钱秀,F,1877,1958,
23510,2,曹彩瑞,F,1886,1927,
23511,2,孙玲,F,1879,1923,
23512,2,贾怡,F,1879,1929,
23513,2,伍玲,F,1883,1926,
23514,2,田爱,F,1879,1928,
23515,2,毛玲,F,1881,1947,
23516,2,陈蕾,F,1877,1932,
23517,2,高雪,F,1881,1927,
23519,2,任雅芝,F,1881,1928,
23520,2,周艳,F,1878,1968,
23521,2,鲁菊,F,1877,1963,
23522,2,范璐芝,F,1877,1939,
23523,2,戴荣凤,F,1879,1951,
23525,2,韩爱雪,F,1884,1937,
23526,2,鲁瑞,F,1881,1969,
23527,2,童霞瑶,F,1880,1943,
23529,2,陈兰,F,1879,1922,
23530,2,樊芬媛,F,1880,1952,
23531,2,刁月静,F,1876,1935,
23532,2,安惠,F,1883,1973,
23533,2,贾梦,F,1880,1935,
23534,2,严燕,F,1884,1954,
23535,2,沈萍,F,1882,1944,
23536,2,熊婷,F,1879,1947,
23537,2,王欣雅,F,1877,1942,
23540,2,冯瑶,F,1878,1947,
23541,2,陈霞,F,1881,1962,
23542,2,江彩,F,1880,1933,
23543,2,强璐,F,1877,1936,
23544,2,祝红,F,1881,1946,
23547,2,赵薇,F,1881,1938,
23548,2,张佳,F,1881,1950,
23549,2,项萍,F,1876,1966,
23550,2,潘丽,F,1876,1959,
23551,2,柳瑞,F,1881,1953,
23552,2,杜菊,F,1879,1950,
23553,2,颜玉月,F,1882,1967,
23554,2,常玉,F,1875,1930,
23555,2,何媛,F,1883,1938,
23556,2,钟怡,F,1885,1962,
23557,2,姜玲璐,F,1877,1965,
23558,2,盛娥,F,1877,1937,
23559,2,项红,F,1882,1953,
23561,2,吴素素,F,1881,,
23563,2,席艳,F,1880,1947,
23564,2,姜艳梅,F,1876,1936,
23565,2,何芬,F,1881,1932,
23566,2,李红月,F,1883,1928,
23567,2,席雅,F,1883,1959,
23568,2,雷梅,F,1878,1941,
23570,2,冯娜,F,1886,1957,
23571,2,樊雪,F,1881,1923,
23572,2,王艳梦,F,1878,1968,
23573,2,徐春,F,1876,1937,
23575,2,袁芬,F,1881,1963,
23576,2,魏媛红,F,1881,1939,
23577,2,梅彩,F,1883,1952,
23578,2,郭淑,F,1887,1970,
23579,2,樊颖莲,F,1883,1924,
23580,2,余怡,F,1881,1961,
23581,2,姚怡,F,1883,1927,
23583,2,蓝惠洁,F,1881,1929,
23584,2,唐素,F,1886,1944,
23585,2,曹敏,F,1880,1935,
23586,2,樊芬,F,1883,1960,
23588,2,谢艳芳,F,1882,1924,
23589,2,唐艳,F,1880,1951,
23590,2,魏凤瑞,F,1880,1924,
23591,2,魏媛,F,1877,1962,
23592,2,汪雅爱,F,1880,1960,
23593,2,孙敏,F,1882,1945,
23594,2,彭莺,F,1883,1969,
23595,2,李静,F,1881,1934,
23596,2,沈萍彩,F,1879,1926,
23597,2,熊玲,F,1880,1950,
23598,2,娄霞莺,F,1879,1969,
23600,2,马媛,F,1882,1959,
23601,2,雷香玉,F,1885,1959,
23602,2,凌爱,F,1882,1928,
23603,2,秦璐,F,1881,1951,
23604,2,胡琪芝,F,1881,1932,
23605,2,萧兰,F,1883,1968,
23606,2,卫惠,F,1885,1942,
23608,2,孙娜婷,F,1877,1967,
23610,2,钟艳,F,1879,1927,
23611,2,汪霞,F,1880,1930,
23612,2,王琳燕,F,1883,1971,
23613,2,雷云,F,1882,1953,
23614,2,蓝萍,F,1883,1960,
23615,2,贾雪,F,1880,1964,
23616,2,齐怡,F,1876,1955,
23617,2,邱佳,F,1877,1952,
23618,2,齐琳,F,1880,1928,
23619,2,宋婷瑶,F,1881,1937,
23620,2,蔡媛,F,1879,1949,
23621,2,强秀,F,1885,1974,
23622,2,宋惠,F,1883,1949,
23623,2,钱秀月,F,1879,1948,
23624,2,蓝颖,F,1884,1953,
23625,2,吴素琪,F,1885,1930,
23626,2,宋淑,F,1877,1919,
23627,2,胡彩,F,1879,1945,
23628,2,柳婷,F,1886,1929,
23630,2,姜雅芬,F,1879,1934,
23631,2,危丽,F,1882,1954,
23632,2,娄梦,F,1880,1970,
23633,2,江雅云,F,1882,1956,
23634,2,董春,F,1882,1923,
23635,2,胡娜,F,1884,1940,
23636,2,雷珠,F,1875,1927,
23638,2,胡佳,F,1876,1934,
23639,2,魏秀,F,1875,1942,
23640,2,柳燕红,F,1886,1956,
23641,2,任玉媛,F,1881,1942,
23642,2,杨莺,F,1882,1951,
23643,2,孔菊莲,F,1881,1934,
23644,2,秦淑,F,1879,1939,
23645,2,彭琳,F,1877,1963,
23646,2,严芬,F,1885,1945,
23647,2,安云,F,1880,1925,
23648,2,杨莺萍,F,1880,1948,
23649,2,姚梦,F,1880,1940,
23650,2,项璐,F,1886,1940,
23651,2,方颖,F,1881,1971,
23652,2,韩艳,F,1881,1949,
23653,2,李佳,F,1881,1970,
23654,2,阮云,F,1876,1928,
23655,2,魏凤敏,F,1876,1924,
23656,2,唐怡,F,1882,1937,
23657,2,郝芬爱,F,1880,1933,
23658,2,杜佳芬,F,1886,1963,
23659,2,康瑶,F,1882,1951,
23660,2,刁珠芬,F,1879,1960,
23661,2,吴梅,F,1884,1964,
23662,2,熊婷,F,1883,1952,
23663,2,刁秀丽,F,1881,1958,
23664,2,蔡媛颖,F,1886,1936,
23665,2,伍燕,F,1882,1954,
23666,2,彭雅,F,1880,1961,
23667,2,汪云雪,F,1879,1945,
23668,2,项琪,F,1884,1940,
23670,2,鲁璐,F,1879,1969,
23671,2,傅璐,F,1878,1936,
23672,2,陶瑶月,F,1882,1951,
23674,2,安玉,F,1880,1921,
23675,2,胡淑,F,1882,1924,
23676,2,田香,F,1882,1946,
23677,2,祝蕾芬,F,1880,1933,
23678,2,雷芝素,F,1880,1944,
23679,2,江珠,F,1879,1938,
23680,2,梁婷,F,1878,1957,
23681,2,郭淑香,F,1877,1922,
23682,2,蒋梦,F,1882,1959,
23683,2,孔玲,F,1883,1935,
23686,2,秦春,F,1881,1930,
23687,2,袁薇,F,1877,1917,
23688,2,田娥,F,1876,1942,
23689,2,盛莲,F,1879,1931,
23690,2,盛静敏,F,1881,1948,
23691,2,盛香,F,1882,1949,
23692,2,路艳,F,1885,1933,
23693,2,吴爱月,F,1882,1923,
23695,2,纪莲荣,F,1883,1959,
23696,2,马娜,F,1881,1958,
23697,2,董彩,F,1880,1938,
23698,2,项欣,F,1884,1961,
23700,2,伍洁,F,1883,1926,
23701,2,陈凤,F,1883,1965,
23702,2,钟雅,F,1887,1933,
23703,2,蔡月,F,1880,1938,
23704,2,骆薇静,F,1886,1934,
23706,2,范淑,F,1887,1932,
23709,2,胡雪,F,1883,1939,
23710,2,彭燕,F,1887,1973,
23711,2,高菊,F,1880,1940,
23712,2,周秀凤,F,1883,1964,
23713,2,朱宏,M,1899,1962,
23714,2,朱宏,M,1897,1981,
23715,2,朱兰娥,F,1901,1978,
23716,2,朱荣璐,F,1898,1940,
23717,2,朱月琪,F,1901,1941,
23718,2,朱秀,F,1898,1986,
23719,2,朱波奇,M,1899,1984,
23720,2,朱熠,M,1900,1945,
23721,2,朱静,F,1897,1986,
23722,2,朱宸,M,1902,1988,
23723,2,朱毅,M,1903,1968,
23724,2,朱荣,F,1900,1974,
23725,2,朱兰,F,1898,1945,
23726,2,朱欣,F,1900,1963,
23727,2,朱辉,M,1900,1982,
23728,2,朱勇,M,1897,1967,
23729,2,朱刚林,M,1898,1959,
23730,2,朱健,M,1898,,
23731,2,朱芳,F,1898,1938,
23732,2,朱勇,M,1898,1956,
23733,2,朱文,M,1897,1965,
23734,2,朱洁,F,1897,1979,
23735,2,朱梦,F,1897,1947,
23736,2,朱莺,F,1899,1942,
23737,2,朱志,M,1900,1987,
23738,2,朱佳,F,1903,1967,
23739,2,朱宇,M,1899,1989,
23740,2,朱松,M,1902,1965,
23741,2,朱敏,F,1901,1986,
23742,2,朱海,M,1901,1945,
23743,2,朱梅菊,F,1901,1966,
23744,2,朱菊,F,1898,1941,
23745,2,朱波,M,1903,1943,
23746,2,朱彩,F,1899,1967,
23747,2,朱鸿,M,1900,1968,
23748,2,朱翔,M,1900,1945,
23749,2,朱敏芳,F,1900,1952,
23750,2,朱杰,M,1897,1938,
23751,2,朱荣娜,F,1903,1968,
23752,2,朱泽伟,M,1903,1977,
23753,2,朱军,M,1898,1980,
23754,2,朱达,M,1899,,
23755,2,朱宏,M,1899,1979,
23756,2,朱敏,F,1898,1970,
23757,2,朱轩,M,1901,1987,
23758,2,朱蕾琳,F,1899,1969,
23759,2,朱静,F,1902,1952,
23760,2,朱玲,F,1902,1983,
23761,2,朱淑莺,F,1897,1966,
23762,2,朱浩,M,1901,1966,
23763,2,朱凤,F,1901,1957,
23764,2,朱志,M,1901,1966,
23765,2,朱卓,M,1903,1988,
23766,2,朱杰龙,M,1899,1966,
23767,2,朱雅,F,1901,1950,
23768,2,朱驰飞,M,1898,1988,
23769,2,朱红,F,1897,1957,
23770,2,朱瑞,F,1903,1971,
23771,2,朱彬,M,1902,1989,
23772,2,朱霞,F,1903,1957,
23773,2,朱芳荣,F,1900,1983,
23774,2,朱鑫,M,1902,1976,
23775,2,朱达,M,1899,1945,
23776,2,朱宸勇,M,1903,1972,
23777,2,朱欣,F,1900,1967,
23778,2,朱宸宏,M,1902,1987,
23779,2,朱琪,F,1903,1955,
23780,2,朱天,M,1903,1974,
23781,2,朱雅,F,1897,1944,
23782,2,朱俊,M,1900,1979,
23783,2,朱天,M,1897,1956,
23784,2,朱驰,M,1898,1959,
23785,2,朱媛,F,1900,1979,
23786,2,朱璐,F,1899,1940,
23787,2,朱鑫强,M,1902,1976,
23788,2,朱琪燕,F,1899,1948,
23789,2,朱烨,M,1898,1962,
23790,2,朱鑫明,M,1901,1973,
23791,2,朱爱,F,1897,1951,
23792,2,朱荣瑞,F,1897,1965,
23793,2,朱熠军,M,1901,1957,
23794,2,朱文,M,1902,1970,
23795,2,朱莺,F,1901,1967,
23796,2,朱天,M,1899,1966,
23797,2,朱丽,F,1900,1966,
23798,2,朱哲,M,1897,1962,
23799,2,朱芬,F,1899,1951,
23800,2,朱奕驰,M,1897,1963,
23801,2,朱欣,F,1899,1984,
23802,2,朱鹏浩,M,1897,1980,
23803,2,朱薇,F,1898,1978,
23804,2,朱建,M,1901,1967,
23805,2,朱梅淑,F,1901,1970,
23806,2,朱璐兰,F,1902,1987,
23807,2,朱翔,M,1899,1955,
23808,2,朱波轩,M,1900,1952,
23809,2,朱梅,F,1898,1950,
23810,2,朱梦莺,F,1903,1966,
23811,2,朱松,M,1901,1983,
23812,2,朱洋,M,1897,1971,
23813,2,朱爱,F,1899,1977,
23814,2,朱磊军,M,1903,1979,
23815,2,朱洋,M,1898,1955,
23816,2,朱天,M,1900,1943,
23817,2,朱彬,M,1902,1971,
23818,2,朱婷,F,1897,1937,
23819,2,朱翔,M,1902,1942,
23820,2,朱媛娥,F,1899,1966,
23821,2,朱红玉,F,1897,1948,
23822,2,朱海龙,M,1899,1969,
23823,2,朱琪,F,1899,1967,
23824,2,朱芝瑞,F,1901,1966,
23825,2,朱浩,M,1901,1950,
23826,2,朱婷,F,1903,1974,
23827,2,朱烨,M,1897,1943,
23828,2,朱佳娥,F,1903,1976,
23829,2,朱泽涛,M,1901,1986,
23830,2,朱燕媛,F,1897,1941,
23831,2,朱荣,F,1903,1990,
23832,2,朱志,M,1902,1958,
23833,2,朱爱瑶,F,1903,1972,
23834,2,朱瑶,F,1900,1960,
23835,2,朱文强,M,1897,1967,
23836,2,朱雅惠,F,1900,1985,
23837,2,朱哲轩,M,1897,1937,
23838,2,朱鑫,M,1902,1979,
23839,2,朱磊凯,M,1898,1979,
23840,2,朱兰,F,1898,1944,
23841,2,朱涛,M,1902,1942,
23842,2,朱珠,F,1900,1958,
23843,2,朱瑞,F,1901,1981,
23844,2,朱勇,M,1901,1984,
23845,2,朱晨,M,1901,1970,
23846,2,朱宸驰,M,1903,1962,
23847,2,朱芝,F,1901,1954,
23848,2,朱娥婷,F,1901,1944,
23849,2,朱香,F,1897,1954,
23850,2,朱飞,M,1902,1959,
23851,2,朱博,M,1898,1986,
23852,2,朱睿,M,1898,1967,
23853,2,朱红玉,F,1902,1956,
23854,2,朱婷,F,1901,1976,
23855,2,朱晨松,M,1899,1974,
23856,2,朱洋松,M,1897,1951,
23857,2,朱伟,M,1901,1963,
23858,2,朱昊,M,1900,1962,
23859,2,朱兰秀,F,1901,1957,
23860,2,朱莲,F,1898,1985,
23861,2,朱奇卓,M,1898,1948,
23862,2,朱燕,F,1901,1947,
23863,2,朱芬,F,1898,1969,
23864,2,朱奕,M,1899,1970,
23865,2,朱翔勇,M,1901,1978,
23866,2,朱霞,F,1898,1942,
23867,2,朱健,M,1898,1986,
23868,2,朱昊,M,1901,1989,
23869,2,朱凯,M,1897,1939,
23870,2,朱文,M,1897,1980,
23871,2,朱月,F,1900,1971,
23872,2,朱驰,M,1903,1990,
23873,2,朱伟,M,1902,1983,
23874,2,朱菊香,F,1902,1947,
23875,2,朱强军,M,1897,1982,
23876,2,朱奕熠,M,1899,1945,
23877,2,朱蕾彩,F,1897,1977,
23878,2,朱洁,F,1897,1967,
23879,2,朱宏昊,M,1899,1976,
23880,2,朱天,M,1902,1973,
23881,2,朱驰,M,1897,1964,
23882,2,朱雅爱,F,1902,1943,
23883,2,朱娥雅,F,1902,1942,
23884,2,朱敏,F,1903,1948,
23885,2,朱健,M,1903,1950,
23886,2,朱丽素,F,1900,1945,
23887,2,朱轩,M,1898,1981,
23888,2,朱远,M,1899,,
23889,2,朱林龙,M,1900,1979,
23890,2,朱蕾,F,1901,1983,
23891,2,朱宸泽,M,1903,1978,
23892,2,朱玉,F,1900,1972,
23893,2,朱哲,M,1902,1950,
23894,2,朱远彬,M,1900,1963,
23895,2,朱秀,F,1901,1941,
23896,2,朱素,F,1903,1971,
23897,2,朱涛浩,M,1899,1986,
23898,2,朱瑞,F,1897,1949,
23899,2,朱轩,M,1897,1975,
23900,2,朱惠,F,1901,1990,
23901,2,朱强俊,M,1903,1991,
23902,2,朱秀,F,1898,1942,
23903,2,朱军,M,1901,1956,
23904,2,朱秀,F,1903,1965,
23905,2,朱萍,F,1897,1969,
23906,2,朱娜荣,F,1899,1958,
23907,2,朱哲杰,M,1899,1939,
23908,2,朱鸿,M,1897,1953,
23909,2,朱宇,M,1902,1989,
23910,2,朱玉,F,1897,1971,
23911,2,朱鑫宏,M,1903,1982,
23912,2,朱霞,F,1900,1958,
23913,2,朱毅博,M,1898,1961,
23914,2,朱颖,F,1902,1945,
23915,2,朱宏,M,1902,1982,
23916,2,朱晨,M,1897,1961,
23917,2,朱琳,F,1903,1966,
23918,2,朱斌涛,M,1903,1960,
23919,2,朱磊,M,1897,1972,
23920,2,朱云珠,F,1902,1987,
23921,2,朱远卓,M,1897,1980,
23922,2,朱松,M,1898,1947,
23923,2,朱欣,F,1902,1957,
23924,2,朱宸,M,1898,1939,
23925,2,朱颖,F,1902,1949,
23926,2,朱琳,F,1902,1964,
23927,2,朱哲,M,1899,1946,
23928,2,朱奇,M,1899,1957,
23929,2,朱远,M,1899,1982,
23930,2,朱雪,F,1902,1956,
23931,2,朱敏,F,1900,1958,
23932,2,朱波,M,1901,1985,
23933,2,朱浩建,M,1903,1968,
23934,2,朱静,F,1898,1940,
23935,2,朱丽爱,F,1897,1953,
23936,2,朱宸,M,1897,1976,
23937,2,朱凯,M,1899,1972,
23938,2,朱芝,F,1902,1957,
23939,2,朱天,M,1902,1958,
23940,2,朱艳,F,1900,1970,
23941,2,朱军,M,1901,1943,
23942,2,朱凤,F,1903,1949,
23943,2,朱洁,F,1903,1946,
23944,2,朱洋,M,1900,1978,
23945,2,朱翔,M,1902,1955,
23946,2,朱洋,M,1899,1946,
23947,2,朱松,M,1903,1974,
23948,2,朱惠琳,F,1903,1990,
23949,2,朱洁,F,1900,1951,
23950,2,朱远,M,1902,1968,
23951,2,朱博,M,1899,1963,
23952,2,朱玉,F,1901,1968,
23953,2,朱俊,M,1903,1947,
23954,2,朱毅志,M,1899,1981,
23955,2,朱琳,F,1897,1937,
23956,2,朱奇,M,1903,1949,
23957,2,朱鸿,M,1903,1984,
23958,2,朱烨强,M,1903,1965,
23959,2,朱秀,F,1898,1970,
23960,2,朱娥媛,F,1901,1945,
23961,2,朱洋宏,M,1899,1945,
23962,2,朱爱,F,1900,1965,
23963,2,朱洁燕,F,1898,1947,
23964,2,朱龙,M,1902,1992,
23965,2,朱艳,F,1898,1946,
23966,2,朱杰,M,1903,,
23967,2,朱芝燕,F,1901,1952,
23968,2,朱佳,F,1897,1941,
23969,2,朱健晨,M,1897,1946,
23970,2,朱春,F,1902,1944,
23971,2,朱瑞,F,1899,1968,
23972,2,朱达,M,1903,1964,
23973,2,朱敏,F,1902,,
23974,2,朱凤,F,1899,1981,
23975,2,朱刚,M,1900,1942,
23976,2,朱斌,M,1902,1976,
23977,2,朱烨驰,M,1902,1942,
23978,2,朱磊,M,1897,1946,
23979,2,朱燕,F,1902,1966,
23980,2,朱月彩,F,1898,1975,
23981,2,朱驰,M,1903,1967,
23982,2,朱燕,F,1901,1982,
23983,2,朱涛健,M,1899,1965,
23984,2,朱鹏辉,M,1898,1981,
23985,2,朱怡凤,F,1903,1944,
23986,2,朱刚,M,1902,1970,
23987,2,朱凤,F,1900,1951,
23988,2,朱博,M,1901,1972,
23989,2,朱海,M,1900,1958,
23990,2,朱瑶玲,F,1899,1951,
23991,2,朱哲奇,M,1903,1978,
23992,2,朱薇,F,1898,1963,
23993,2,朱林,M,1903,1982,
23994,2,朱爱,F,1901,1987,
23995,2,朱欣颖,F,1903,1957,
23996,2,朱霞,F,1900,1952,
23997,2,朱驰,M,1899,1954,
23998,2,朱驰飞,M,1903,1972,
23999,2,朱春雪,F,1899,1975,
24000,2,朱明,M,1903,1990,
24001,2,朱薇燕,F,1903,1971,
24002,2,朱飞,M,1902,1983,
24003,2,朱刚睿,M,1901,1961,
24004,2,朱素,F,1903,1986,
24005,2,朱凤,F,1898,1944,
24006,2,朱红,F,1901,1952,
24007,2,朱博,M,1898,1976,
24008,2,朱艳,F,1902,1974,
24009,2,朱健,M,1898,1970,
24010,2,朱燕淑,F,1897,1952,
24011,2,朱昊,M,1897,1944,
24012,2,朱婷,F,1900,1967,
24013,2,朱雅,F,1897,1967,
24014,2,朱文杰,M,1902,1965,
24015,2,朱瑞,F,1900,1940,
24016,2,朱鑫,M,1897,1982,
24017,2,朱涛泽,M,1899,1957,
24018,2,朱蕾,F,1903,1983,
24019,2,朱翔熠,M,1899,1962,
24020,2,朱志涛,M,1898,1985,
24021,2,朱梅,F,1900,1986,
24022,2,朱松,M,1898,1961,
24023,2,朱凤,F,1898,1970,
24024,2,朱玉玉,F,1898,1962,
24025,2,朱轩烨,M,1897,1944,
24026,2,朱蕾,F,1897,1957,
24027,2,朱达,M,1903,1980,
24028,2,朱刚,M,1898,1963,
24029,2,朱哲达,M,1903,1953,
24030,2,朱香,F,1902,1950,
24031,2,朱颖,F,1901,1957,
24032,2,朱珠,F,1902,1950,
24033,2,朱波,M,1899,1959,
24034,2,朱宸,M,1901,1946,
24035,2,朱洁,F,1897,1973,
24036,2,朱远,M,1901,1969,
24037,2,朱春,F,1898,1982,
24038,2,朱翔,M,1898,1962,
24039,2,朱静,F,1898,1965,
24040,2,朱琪,F,1898,1974,
24041,2,朱刚昊,M,1902,1962,
24042,2,朱淑,F,1898,1951,
24043,2,朱熠,M,1898,1968,
24044,2,朱莺婷,F,1901,1974,
24045,2,朱晨烨,M,1901,1957,
24046,2,朱娥淑,F,1899,1969,
24047,2,朱秀,F,1897,1976,
24048,2,朱松,M,1897,1950,
24049,2,朱鑫凯,M,1897,1951,
24050,2,朱琳,F,1902,1979,
24051,2,朱波,M,1898,1959,
24052,2,朱驰,M,1901,1981,
24053,2,朱爱,F,1901,1950,
24054,2,朱军,M,1898,,
24055,2,朱霞,F,1902,1945,
24056,2,朱珠,F,1899,1986,
24057,2,朱烨,M,1901,1978,
24058,2,朱怡,F,1902,1960,
24059,2,朱勇文,M,1897,1957,
24060,2,朱莲菊,F,1903,1993,
24061,2,朱宏,M,1898,1943,
24062,2,朱颖,F,1901,1946,
24063,2,朱博,M,1897,1986,
24064,2,朱芬,F,1902,1989,
24065,2,朱凯,M,1899,1949,
24066,2,朱建,M,1903,1960,
24067,2,朱琳,F,1898,1961,
24068,2,朱欣欣,F,1901,1983,
24069,2,朱俊,M,1898,1976,
24070,2,朱芳彩,F,1902,1991,
24071,2,朱卓,M,1900,1950,
24072,2,朱毅杰,M,1901,1950,
24073,2,朱林,M,1898,1961,
24074,2,朱婷,F,1901,1976,
24075,2,朱俊,M,1901,1941,
24076,2,朱奕,M,1901,1970,
24077,2,朱磊,M,1901,1986,
24078,2,朱梦,F,1899,1948,
24079,2,朱艳萍,F,1901,1972,
24080,2,朱艳,F,1903,1956,
24081,2,朱健洋,M,1898,1973,
24082,2,朱敏,F,1897,1965,
24083,2,朱松浩,M,1897,1957,
24084,2,朱彩蕾,F,1899,1946,
24085,2,朱奕,M,1903,1955,
24086,2,朱鹏,M,1902,1951,
24087,2,朱鹏辉,M,1899,1982,
24088,2,朱薇颖,F,1903,1983,
24089,2,朱晨,M,1899,1974,
24090,2,朱璐,F,1901,1975,
24091,2,朱洋,M,1898,1984,
24092,2,朱洋毅,M,1902,1946,
24093,2,朱秀,F,1899,1983,
24094,2,朱洋洋,M,1900,1982,
24095,2,朱静,F,1900,1990,
24096,2,朱勇波,M,1900,1988,
24097,2,朱霞红,F,1899,1949,
24098,2,朱海宏,M,1899,1981,
24099,2,朱瑞,F,1898,1970,
24100,2,朱梅,F,1901,1950,
24101,2,朱凯,M,1903,1975,
24102,2,朱洋鸿,M,1902,1972,
24103,2,朱娥怡,F,1898,1962,
24104,2,朱晨,M,1903,1970,
24105,2,朱远奇,M,1897,1944,
24106,2,朱鸿,M,1901,1976,
24107,2,朱玉瑞,F,1899,1962,
24108,2,朱宇,M,1899,1989,
24109,2,朱烨,M,1903,1988,
24110,2,朱莲,F,1901,1963,
24111,2,朱芝芝,F,1901,1977,
24112,2,朱敏,F,1900,1960,
24113,2,朱远,M,1901,1970,
24114,2,朱娜,F,1902,1983,
24115,2,朱明昊,M,1898,1978,
24116,2,朱海,M,1897,1949,
24117,2,朱娜娜,F,1897,1967,
24118,2,朱爱,F,1903,,
24119,2,朱飞,M,1899,1989,
24120,2,朱爱萍,F,1900,1979,
24121,2,朱军毅,M,1901,1959,
24122,2,朱梅,F,1899,,
24123,2,朱辉,M,1902,1964,
24124,2,朱瑞,F,1901,1984,
24125,2,朱海驰,M,1898,1938,
24126,2,朱鸿涛,M,1897,1982,
24127,2,朱娥,F,1900,1976,
24128,2,朱丽芳,F,1903,1978,
24129,2,朱萍,F,1898,1986,
24130,2,朱斌,M,1903,1969,
24131,2,朱婷,F,1901,1982,
24132,2,朱翔军,M,1898,1958,
24133,2,朱娜,F,1903,1967,
24134,2,朱彬,M,1901,1967,
24135,2,朱爱,F,1903,,
24136,2,朱艳萍,F,1900,1941,
24137,2,朱睿博,M,1902,1960,
24138,2,朱辉,M,1897,1975,
24139,2,朱怡,F,1902,1967,
24140,2,朱蕾,F,1903,1977,
24141,2,朱鹏泽,M,1899,1984,
24142,2,朱佳珠,F,1898,1945,
24143,2,朱鑫,M,1902,1967,
24144,2,朱宇,M,1899,1943,
24145,2,朱奕,M,1901,1960,
24146,2,朱莲薇,F,1903,1993,
24147,2,朱凤,F,1897,1969,
24148,2,朱伟,M,1898,1962,
24149,2,朱熠,M,1903,,
24150,2,朱颖,F,1903,1976,
24151,2,朱娥,F,1903,1959,
24152,2,朱丽,F,1901,1949,
24153,2,朱浩,M,1900,1958,
24154,2,朱娥,F,1903,1973,
24155,2,朱斌,M,1903,1961,
24156,2,朱毅宏,M,1897,1980,
24157,2,朱伟,M,1903,1975,
24158,2,朱艳,F,1899,1978,
24159,2,朱芳,F,1899,1980,
24160,2,朱鹏,M,1898,1952,
24161,2,朱文,M,1902,1965,
24162,2,朱彩佳,F,1901,1980,
24163,2,朱娥,F,1901,1980,
24164,2,朱璐,F,1897,1937,
24165,2,朱鸿斌,M,1903,1945,
24166,2,朱婷颖,F,1898,1966,
24167,2,朱波,M,1900,1990,
24168,2,朱宸,M,1898,1962,
24169,2,朱蕾,F,1900,1952,
24170,2,朱达,M,1901,1991,
24171,2,朱淑,F,1901,,
24172,2,朱兰,F,1899,1961,
24173,2,朱林,M,1897,1959,
24174,2,朱飞,M,1902,1966,
24175,2,朱飞,M,1899,1940,
24176,2,朱蕾,F,1901,1965,
24177,2,朱珠,F,1899,1969,
24178,2,朱秀,F,1901,1991,
24179,2,朱梅惠,F,1899,1976,
24180,2,朱建洋,M,1897,1959,
24181,2,朱兰,F,1902,1956,
24182,2,朱天,M,1900,1988,
24183,2,朱颖,F,1899,1940,
24184,2,朱雅霞,F,1902,1973,
24185,2,朱波,M,1900,1975,
24186,2,朱远,M,1900,1960,
24187,2,朱泽,M,1902,1991,
24188,2,朱薇,F,1899,1961,
24189,2,朱彬,M,1900,1964,
24190,2,朱霞,F,1903,1960,
24191,2,朱毅,M,1898,1963,
24192,2,朱建,M,1900,1942,
24193,2,朱淑,F,1899,1964,
24194,2,朱林,M,1901,1975,
24195,2,朱磊,M,1903,1953,
24196,2,朱莺,F,1899,1955,
24197,2,朱驰文,M,1903,1964,
24198,2,朱珠,F,1900,1974,
24199,2,朱素彩,F,1903,1958,
24200,2,朱远,M,1899,1945,
24201,2,朱宏海,M,1899,1946,
24202,2,朱宇,M,1903,1954,
24203,2,朱菊月,F,1898,1956,
24204,2,朱浩,M,1903,1982,
24205,2,朱昊,M,1900,1954,
24206,2,朱翔磊,M,1898,1951,
24207,2,朱伟,M,1901,1959,
24208,2,朱娜,F,1898,1975,
24209,2,朱媛,F,1901,1961,
24210,2,朱凤琪,F,1899,1956,
24211,2,朱颖,F,1897,1955,
24212,2,朱宇波,M,1901,1948,
24213,2,朱文建,M,1901,1981,
24214,2,朱杰林,M,1901,1986,
24215,2,朱文毅,M,1903,1968,
24216,2,朱薇,F,1900,1970,
24217,2,朱琪芝,F,1898,1967,
24218,2,朱惠,F,1902,1972,
24219,2,朱天,M,1902,1944,
24220,2,朱驰,M,1900,1948,
24221,2,朱娥,F,1897,1952,
24222,2,朱珠,F,1903,1961,
24223,2,朱珠彩,F,1902,1944,
24224,2,朱芳,F,1902,,
24225,2,朱军昊,M,1901,1982,
24226,2,朱哲,M,1897,1984,
24227,2,朱远,M,1897,1965,
24228,2,朱珠,F,1903,1977,
24229,2,朱媛,F,1902,1957,
24230,2,朱松,M,1899,1942,
24231,2,朱明彬,M,1900,1947,
24232,2,朱杰,M,1897,1968,
24233,2,朱熠,M,1901,1977,
24234,2,朱香,F,1900,1960,
24235,2,朱静,F,1898,1942,
24236,2,朱轩,M,1902,1981,
24237,2,朱宸,M,1898,1976,
24238,2,朱荣娥,F,1897,1958,
24239,2,朱达,M,1903,1957,
24240,2,朱彩婷,F,1897,1961,
24241,2,朱勇,M,1899,1962,
24242,2,朱哲,M,1899,1979,
24243,2,朱蕾,F,1898,1985,
24244,2,朱轩,M,1901,1958,
24245,2,朱杰,M,1898,,
24246,2,朱玉,F,1898,1968,
24247,2,朱淑,F,1898,1973,
24248,2,朱明,M,1899,1989,
24249,2,朱琳云,F,1898,1945,
24250,2,朱毅,M,1900,1949,
24251,2,朱斌,M,1902,1961,
24252,2,朱香,F,1903,1951,
24253,2,朱天昊,M,1897,1986,
24254,2,朱天,M,1902,1979,
24255,2,朱红爱,F,1897,1947,
24256,2,朱远,M,1902,1954,
24257,2,朱海,M,1900,1961,
24258,2,朱建强,M,1900,1952,
24259,2,朱瑶,F,1898,1974,
24260,2,朱磊,M,1901,1975,
24261,2,朱瑞,F,1903,1973,
24262,2,朱奕明,M,1897,1985,
24263,2,朱娥怡,F,1900,1957,
24264,2,朱驰,M,1901,1963,
24265,2,朱佳,F,1898,1979,
24266,2,朱晨毅,M,1901,1967,
24267,2,朱奕,M,1900,1984,
24268,2,朱云,F,1898,1943,
24269,2,朱博,M,1899,1947,
24270,2,朱宏,M,1902,1955,
24271,2,朱鹏,M,1902,1978,
24272,2,朱晨,M,1898,1953,
24273,2,朱洁,F,1900,1942,
24274,2,朱菊,F,1902,1983,
24275,2,朱晨天,M,1899,1947,
24276,2,朱薇,F,1897,1986,
24277,2,朱卓,M,1902,1983,
24278,2,朱辉,M,1898,,
24279,2,朱玉,F,1900,1969,
24280,2,朱轩志,M,1903,1984,
24281,2,朱毅,M,1902,1974,
24282,2,朱辉,M,1897,1960,
24283,2,朱静爱,F,1900,1990,
24284,2,朱雪,F,1899,1966,
24285,2,朱鸿,M,1900,1966,
24286,2,朱媛,F,1899,1960,
24287,2,朱哲,M,1903,1959,
24288,2,朱怡,F,1900,1970,
24289,2,朱建,M,1897,1947,
24290,2,朱惠,F,1901,1980,
24291,2,朱芝,F,1901,1976,
24292,2,朱博,M,1897,1954,
24293,2,朱兰彩,F,1899,1974,
24294,2,朱爱,F,1902,1954,
24295,2,朱鹏,M,1898,1975,
24296,2,朱刚昊,M,1901,1952,
24297,2,朱芝,F,1900,1975,
24298,2,朱波波,M,1898,1955,
24299,2,朱烨,M,1903,1981,
24300,2,朱强,M,1899,,
24301,2,朱浩建,M,1901,1969,
24302,2,朱素,F,1902,1948,
24303,2,朱奇,M,1898,1975,
24304,2,朱龙鸿,M,1897,1973,
24305,2,朱敏玲,F,1902,1989,
24306,2,朱天鹏,M,1902,1978,
24307,2,朱伟,M,1901,1948,
24308,2,朱娥,F,1902,1960,
24309,2,朱艳,F,1903,1970,
24310,2,朱萍,F,1900,1970,
24311,2,朱波彬,M,1900,1955,
24312,2,朱健,M,1901,1981,
24313,2,朱志鑫,M,1898,1952,
24314,2,朱军,M,1900,1958,
24315,2,朱文,M,1902,1964,
24316,2,朱芝,F,1903,1991,
24317,2,朱敏云,F,1902,1950,
24318,2,朱波,M,1899,1984,
24319,2,朱佳,F,1898,1947,
24320,2,朱博,M,1901,1980,
24321,2,朱淑,F,1903,1964,
24322,2,朱志昊,M,1898,1939,
24323,2,朱霞,F,1899,1988,
24324,2,朱远洋,M,1902,1942,
24325,2,朱秀,F,1901,1976,
24326,2,朱建晨,M,1901,1959,
24327,2,朱军,M,1902,1987,
24328,2,朱俊志,M,1902,1955,
24329,2,朱媛梦,F,1901,,
24330,2,朱军,M,1901,1968,
24331,2,朱天,M,1899,1941,
24332,2,朱欣,F,1899,1978,
24333,2,朱瑞,F,1900,1980,
24334,2,朱璐,F,1898,1952,
24335,2,朱泽,M,1899,1947,
24336,2,朱毅,M,1903,1974,
24337,2,朱璐,F,1901,1974,
24338,2,朱薇,F,1902,1957,
24339,2,朱宇,M,1899,1949,
24340,2,朱瑶,F,1898,1965,
24341,2,朱浩明,M,1900,1951,
24342,2,朱玲,F,1903,1957,
24343,2,朱林波,M,1900,1960,
24344,2,朱娥,F,1898,1966,
24345,2,朱宏志,M,1902,1962,
24346,2,朱瑶,F,1897,1979,
24347,2,朱文强,M,1897,1972,
24348,2,朱荣,F,1899,1940,
24349,2,朱军,M,1902,1974,
24350,2,朱雅,F,1900,1953,
24351,2,朱远彬,M,1899,1946,
24352,2,朱萍,F,1898,1959,
24353,2,朱菊,F,1899,1942,
24354,2,朱睿,M,1897,1954,
24355,2,朱芳玉,F,1899,1970,
24356,2,朱香玉,F,1902,1946,
24357,2,朱艳,F,1899,1986,
24358,2,朱晨,M,1898,1969,
24359,2,朱淑,F,1898,1981,
24360,2,朱俊伟,M,1903,1944,
24361,2,朱爱,F,1899,1953,
24362,2,朱飞磊,M,1898,1959,
24363,2,朱萍,F,1899,1957,
24364,2,朱博,M,1901,1990,
24365,2,朱烨,M,1902,1960,
24366,2,朱洁,F,1899,1985,
24367,2,朱怡,F,1900,,
24368,2,朱斌,M,1901,1953,
24369,2,朱婷惠,F,1901,1969,
24370,2,朱飞,M,1902,1960,
24371,2,朱晨,M,1900,1946,
24372,2,朱霞,F,1900,1967,
24373,2,朱彬,M,1902,1968,
24374,2,朱驰,M,1897,1986,
24375,2,朱兰,F,1901,1972,
24376,2,朱静,F,1901,1956,
24377,2,朱龙,M,1901,1959,
24378,2,朱娜,F,1901,1986,
24379,2,朱燕,F,1903,1971,
24380,2,朱烨,M,1901,1986,
24381,2,朱奇,M,1898,1963,
24382,2,朱奇,M,1900,1947,
24383,2,朱荣,F,1898,1968,
24384,2,朱晨博,M,1903,1965,
24385,2,朱勇,M,1903,1990,
24386,2,朱菊,F,1903,1981,
24387,2,朱蕾,F,1902,1977,
24388,2,朱毅,M,1900,1990,
24389,2,朱飞,M,1903,1951,
24390,2,朱娜,F,1900,1973,
24391,2,朱翔涛,M,1902,1964,
24392,2,朱秀玉,F,1899,1946,
24393,2,朱文,M,1897,1971,
24394,2,朱松强,M,1898,1952,
24395,2,朱玉,F,1899,1941,
24396,2,朱建,M,1901,1973,
24397,2,朱菊怡,F,1903,1984,
24398,2,朱天,M,1898,1939,
24399,2,朱淑,F,1903,1963,
24400,2,朱海,M,1897,1942,
24401,2,朱明,M,1902,1990,
24402,2,朱宏,M,1902,1965,
24403,2,朱志博,M,1903,1974,
24404,2,朱瑶凤,F,1902,1984,
24405,2,朱伟轩,M,1897,1983,
24406,2,朱淑,F,1901,1951,
24407,2,朱斌,M,1901,1986,
24408,2,朱轩,M,1900,1940,
24409,2,朱佳荣,F,1901,1984,
24410,2,朱宏,M,1897,1960,
24411,2,朱健,M,1901,1951,
24412,2,朱凤蕾,F,1898,1979,
24413,2,朱驰,M,1899,1988,
24414,2,朱泽,M,1899,1985,
24415,2,朱芝,F,1900,1983,
24416,2,朱鑫,M,1903,1956,
24417,2,朱婷,F,1902,1988,
24418,2,朱飞,M,1901,1972,
24419,2,朱雅,F,1903,1967,
24420,2,朱芝静,F,1900,1987,
24421,2,朱勇,M,1900,1958,
24422,2,朱静春,F,1898,1952,
24423,2,朱昊,M,1903,1982,
24424,2,朱鹏,M,1898,1986,
24425,2,朱彩,F,1901,1979,
24426,2,朱飞,M,1897,1943,
24427,2,朱荣,F,1900,1977,
24428,2,朱婷,F,1897,1961,
24429,2,朱静,F,1898,1945,
24430,2,朱鸿,M,1898,1950,
24431,2,朱涛,M,1899,1985,
24432,2,朱颖月,F,1898,1969,
24433,2,朱洋,M,1902,1990,
24434,2,朱毅鑫,M,1900,1947,
24435,2,朱轩刚,M,1902,1969,
24436,2,朱素,F,1899,1979,
24437,2,朱伟,M,1903,1979,
24438,2,朱卓,M,1903,1947,
24439,2,朱琪瑶,F,1902,1954,
24440,2,朱海飞,M,1903,1969,
24441,2,朱莺,F,1899,1961,
24442,2,朱宏鹏,M,1900,1969,
24443,2,朱昊,M,1901,1953,
24444,2,朱薇,F,1899,1968,
24445,2,朱红香,F,1897,1937,
24446,2,朱鸿,M,1902,1984,
24447,2,朱怡,F,1897,1978,
24448,2,朱文,M,1898,1976,
24449,2,朱俊磊,M,1898,1945,
24450,2,朱泽俊,M,1898,,
24451,2,朱斌,M,1899,1963,
24452,2,朱芳,F,1897,1972,
24453,2,朱博博,M,1899,1943,
24454,2,朱龙,M,1900,1960,
24455,2,朱秀秀,F,1900,1968,
24456,2,朱博,M,1899,1966,
24457,2,朱玲萍,F,1898,1982,
24458,2,朱斌,M,1900,1984,
24459,2,朱媛红,F,1903,1952,
24460,2,朱玉,F,1897,1974,
24461,2,朱波,M,1899,1978,
24462,2,朱龙,M,1897,1979,
24463,2,朱霞颖,F,1901,1990,
24464,2,朱林龙,M,1902,1952,
24465,2,朱宇毅,M,1902,1950,
24466,2,朱凤,F,1899,1946,
24467,2,朱熠,M,1899,1947,
24468,2,朱宇,M,1898,1962,
24469,2,朱毅,M,1900,1985,
24470,2,朱佳,F,1897,1970,
24471,2,朱宏,M,1899,1969,
24472,2,朱怡娥,F,1901,1950,
24473,2,朱红,F,1900,1946,
24474,2,朱莲云,F,1898,1954,
24475,2,朱文,M,1897,1965,
24476,2,朱怡,F,1901,,
24477,2,朱娥玉,F,1900,1976,
24478,2,朱波,M,1901,1943,
24479,2,朱勇,M,1903,1992,
24480,2,朱强,M,1903,1984,
24481,2,朱天,M,1902,1991,
24482,2,朱莺玉,F,1899,1986,
24483,2,朱伟文,M,1900,1969,
24484,2,朱琪,F,1902,1970,
24485,2,朱娥,F,1902,1955,
24486,2,朱松,M,1899,1960,
24487,2,朱梦,F,1902,1991,
24488,2,朱宸,M,1903,1952,
24489,2,朱建,M,1902,1948,
24490,2,朱宸强,M,1900,1978,
24491,2,朱云,F,1902,1958,
24492,2,朱哲,M,1899,1954,
24493,2,朱玲,F,1902,1975,
24494,2,朱菊,F,1900,1987,
24495,2,朱浩宸,M,1902,1947,
24496,2,朱睿波,M,1897,1972,
24497,2,朱杰志,M,1899,1945,
24498,2,朱云,F,1898,1964,
24499,2,朱建博,M,1903,1966,
24500,2,朱宏,M,1902,1976,
24501,2,朱勇杰,M,1901,1966,
24502,2,朱瑞,F,1898,1947,
24503,2,朱素,F,1897,1939,
24504,2,朱琪,F,1897,,
24505,2,朱轩勇,M,1900,1969,
24506,2,朱琳,F,1902,1947,
24507,2,朱海,M,1899,1960,
24508,2,朱熠,M,1903,1965,
24509,2,朱博鹏,M,1901,1957,
24510,2,朱松烨,M,1902,1957,
24511,2,朱毅,M,1901,1958,
24512,2,朱媛,F,1898,1976,
24513,2,朱彬,M,1900,1958,
24514,2,朱瑞,F,1899,1939,
24515,2,朱龙鹏,M,1898,1969,
24516,2,朱莺蕾,F,1897,1945,
24517,2,朱敏,F,1903,1947,
24518,2,朱泽磊,M,1903,1945,
24519,2,朱凤淑,F,1901,1984,
24520,2,朱琳,F,1900,1966,
24521,2,朱芬,F,1903,1992,
24522,2,朱强博,M,1897,1945,
24523,2,朱珠萍,F,1901,1989,
24524,2,朱玲,F,1901,1951,
24525,2,朱波,M,1901,1955,
24526,2,朱波,M,1900,1962,
24527,2,朱欣,F,1902,1987,
24528,2,朱素,F,1901,1946,
24529,2,朱卓建,M,1898,1971,
24530,2,朱志,M,1898,1961,
24531,2,朱红荣,F,1903,1964,
24532,2,朱军,M,1899,1967,
24533,2,朱磊,M,1898,1951,
24534,2,朱敏,F,1897,1951,
24535,2,朱博,M,1900,1962,
24536,2,朱芝,F,1900,1987,
24537,2,朱健毅,M,1899,1958,
24538,2,朱磊俊,M,1897,1967,
24539,2,朱睿,M,1901,1949,
24540,2,朱雪娥,F,1900,1978,
24541,2,朱洋,M,1900,1972,
24542,2,朱达,M,1901,1974,
24543,2,朱彩,F,1903,1949,
24544,2,朱毅鹏,M,1897,1950,
24545,2,朱文,M,1901,1942,
24546,2,朱兰,F,1903,1968,
24547,2,朱哲,M,1903,,
24548,2,朱昊,M,1902,1952,
24549,2,朱娥,F,1898,,
24550,2,朱璐,F,1902,1956,
24551,2,朱泽,M,1900,1989,
24552,2,朱健鸿,M,1902,1979,
24553,2,朱飞志,M,1898,1940,
24554,2,朱媛,F,1897,1937,
24555,2,朱睿,M,1898,1955,
24556,2,朱淑,F,1903,1965,
24557,2,朱明天,M,1901,1951,
24558,2,朱军卓,M,1901,1968,
24559,2,朱薇,F,1898,1951,
24560,2,朱梦,F,1900,1950,
24561,2,朱芳婷,F,1903,1951,
24562,2,朱远,M,1902,1965,
24563,2,朱轩,M,1902,1986,
24564,2,朱珠,F,1897,1978,
24565,2,朱宇,M,1899,1974,
24566,2,朱爱,F,1898,1977,
24567,2,朱斌昊,M,1902,1981,
24568,2,朱静,F,1901,1986,
24569,2,朱敏,F,1902,1967,
24570,2,朱俊,M,1901,1948,
24571,2,朱兰,F,1902,1983,
24572,2,朱宏晨,M,1897,1978,
24573,2,朱健,M,1901,,
24574,2,朱瑞,F,1903,1952,
24575,2,朱梅淑,F,1900,1980,
24576,2,朱毅,M,1898,1947,
24577,2,朱哲松,M,1903,1963,
24578,2,朱瑞,F,1898,1942,
24579,2,朱兰,F,1897,1958,
24580,2,朱天哲,M,1903,1979,
24581,2,朱睿林,M,1897,1973,
24582,2,朱云,F,1898,1976,
24583,2,朱芳琳,F,1902,1964,
24584,2,朱建,M,1901,1984,
24585,2,朱晨宇,M,1903,1947,
24586,2,朱梅怡,F,1898,1956,
24587,2,朱芬,F,1901,1984,
24588,2,朱卓文,M,1903,1954,
24589,2,朱轩,M,1897,1983,
24590,2,朱芬敏,F,1901,1941,
24591,2,朱辉辉,M,1902,,
24592,2,朱秀,F,1897,1942,
24593,2,朱鸿,M,1903,,
24594,2,朱兰,F,1902,1967,
24595,2,朱秀,F,1901,1950,
24596,2,朱艳瑶,F,1897,1975,
24597,2,朱毅鹏,M,1899,1982,
24598,2,朱奕,M,1898,1945,
24599,2,朱志,M,1899,1948,
24600,2,朱熠,M,1900,1952,
24601,2,朱凤,F,1898,1980,
24602,2,朱婷怡,F,1903,1966,
24603,2,朱莺,F,1902,1963,
24604,2,朱睿,M,1897,1960,
24605,2,朱军,M,1900,1944,
24606,2,朱睿,M,1899,1969,
24607,2,朱珠,F,1902,1989,
24608,2,朱鹏,M,1903,1968,
24609,2,朱莺,F,1900,1979,
24610,2,朱洁,F,1901,1963,
24611,2,朱瑞,F,1901,1980,
24612,2,朱晨松,M,1903,1969,
24613,2,朱杰,M,1897,1969,
24614,2,朱娥,F,1901,1945,
24615,2,朱伟,M,1898,1959,
24616,2,朱荣,F,1900,1949,
24617,2,朱毅,M,1897,1978,
24618,2,朱晨宇,M,1898,1966,
24619,2,朱松林,M,1898,1949,
24620,2,朱春雪,F,1898,1982,
24621,2,朱驰文,M,1898,1981,
24622,2,朱佳雪,F,1898,1985,
24623,2,朱建龙,M,1903,1990,
24624,2,朱波,M,1903,1992,
24625,2,朱敏,F,1899,1958,
24626,2,朱俊,M,1902,1950,
24627,2,朱鑫宸,M,1902,1980,
24628,2,朱婷,F,1901,1947,
24629,2,朱毅,M,1899,1981,
24630,2,朱明,M,1900,1953,
24631,2,朱伟,M,1899,1958,
24632,2,朱伟飞,M,1900,1950,
24633,2,朱惠,F,1900,1971,
24634,2,朱健,M,1902,1951,
24635,2,朱兰,F,1903,1960,
24636,2,朱彩菊,F,1899,1961,
24637,2,朱斌,M,1897,1968,
24638,2,朱云,F,1902,1983,
24639,2,朱磊俊,M,1898,1941,
24640,2,朱秀,F,1900,1972,
24641,2,朱荣,F,1900,,
24642,2,朱怡,F,1903,1979,
24643,2,朱浩波,M,1900,1989,
24644,2,朱毅天,M,1903,1979,
24645,2,朱春云,F,1902,1981,
24646,2,朱奇卓,M,1903,1951,
24647,2,朱素莲,F,1900,1964,
24648,2,朱轩,M,1902,1960,
24649,2,朱轩,M,1903,1944,
24650,2,朱芝香,F,1897,1975,
24651,2,朱香雅,F,1897,1957,
24652,2,朱伟,M,1901,1970,
24653,2,朱天轩,M,1903,1967,
24654,2,朱丽,F,1899,1975,
24655,2,朱芳,F,1903,1958,
24656,2,朱文辉,M,1900,1971,
24657,2,朱春,F,1902,1948,
24658,2,朱海睿,M,1900,1959,
24659,2,朱爱,F,1902,1969,
24660,2,朱翔勇,M,1899,1941,
24661,2,朱霞,F,1900,1955,
24662,2,朱驰轩,M,1903,1981,
24663,2,朱远,M,1903,1979,
24664,2,朱文,M,1899,1950,
24665,2,朱军卓,M,1897,1979,
24666,2,朱媛,F,1897,1952,
24667,2,黄春春,F,1897,1976,
24668,2,陶雅,F,1895,1984,
24669,2,强霞,F,1900,1990,
24671,2,郑芬,F,1900,1973,
24672,2,席璐,F,1904,1952,
24673,2,樊雪,F,1902,1964,
24674,2,阮静菊,F,1897,1963,
24675,2,尹兰,F,1898,1945,
24676,2,安丽荣,F,1898,1968,
24677,2,齐兰敏,F,1903,1988,
24678,2,杜莲雅,F,1902,1952,
24679,2,彭敏雪,F,1899,1970,
24681,2,李静,F,1903,1985,
24682,2,童淑,F,1896,1981,
24684,2,祝芬,F,1895,1977,
24685,2,周娜,F,1896,1982,
24686,2,季琳艳,F,1899,1947,
24687,2,田珠,F,1904,1945,
24688,2,何芳,F,1903,1944,
24689,2,毛静,F,1902,1989,
24690,2,姜琪玲,F,1899,1975,
24691,2,伍雅,F,1901,1956,
24692,2,熊萍,F,1901,1946,
24693,2,梅琳,F,1897,1971,
24694,2,席香,F,1900,1966,
24695,2,祝春,F,1898,1953,
24696,2,潘娥,F,1901,1963,
24697,2,罗惠莺,F,1898,1945,
24698,2,杜丽,F,1899,1966,
24699,2,傅雪霞,F,1903,1984,
24700,2,张琪,F,1902,1985,
24701,2,何静,F,1900,1940,
24702,2,卫娥燕,F,1900,1981,
24703,2,于春爱,F,1905,1949,
24704,2,齐瑶,F,1895,1945,
24705,2,阮玲,F,1898,1940,
24706,2,孔颖,F,1901,1946,
24707,2,蓝梅,F,1896,1968,
24708,2,骆爱,F,1899,1946,
24709,2,邹雪洁,F,1897,1971,
24710,2,孙蕾,F,1896,1959,
24711,2,季莲,F,1901,1952,
24712,2,刁淑,F,1901,1958,
24713,2,秦素,F,1905,1987,
24714,2,高素,F,1894,1960,
24715,2,沈芝,F,1894,1966,
24716,2,姚佳,F,1899,1946,
24718,2,薛琪,F,1901,1959,
24719,2,危瑶,F,1900,1955,
24720,2,屈素,F,1897,1953,
24721,2,路薇瑞,F,1902,1950,
24722,2,郭玲,F,1895,1976,
24723,2,熊颖,F,1899,1955,
24724,2,严瑞,F,1894,1968,
24725,2,麻怡瑶,F,1894,1944,
24726,2,魏芝彩,F,1903,1991,
24728,2,钱雅,F,1899,1951,
24730,2,董梦莲,F,1901,1942,
24731,2,胡婷,F,1896,1976,
24733,2,强玲梦,F,1902,1956,
24734,2,傅萍,F,1898,1954,
24735,2,伍玉,F,1896,1937,
24736,2,于婷蕾,F,1899,1972,
24737,2,姚兰娜,F,1897,1983,
24740,2,盛瑶,F,1898,1958,
24742,2,姜娜,F,1896,1969,
24743,2,蔡丽,F,1900,1975,
24744,2,黄莺,F,1896,1982,
24745,2,席瑞荣,F,1897,1976,
24746,2,姚素,F,1896,1979,
24747,2,雷荣,F,1898,1947,
24748,2,邹莲,F,1898,,
24749,2,陈雪,F,1903,1957,
24750,2,冯凤芝,F,1902,1955,
24751,2,危素,F,1900,1941,
24752,2,常莲,F,1901,1977,
24753,2,韩云,F,1897,1979,
24754,2,柳佳,F,1901,1982,
24755,2,夏媛,F,1898,1952,
24756,2,冯梦,F,1901,1974,
24757,2,尹薇,F,1900,1975,
24758,2,蓝雪莺,F,1896,,
24759,2,安春琳,F,1902,1959,
24760,2,田兰云,F,1893,1977,
24761,2,周玲,F,1901,1955,
24762,2,宋瑞,F,1899,1950,
24763,2,田静,F,1900,1983,
24764,2,凌红,F,1899,1971,
24765,2,钟芬,F,1904,1976,
24767,2,卫秀,F,1899,1986,
24768,2,贾雪,F,1897,1953,
24769,2,舒霞,F,1899,1988,
24771,2,范瑞,F,1899,1975,
24772,2,贾玲,F,1899,1979,
24773,2,萧芝洁,F,1897,1950,
24774,2,柳艳,F,1899,1983,
24775,2,熊芬珠,F,1902,1978,
24776,2,柳彩婷,F,1896,1939,
24777,2,张惠洁,F,1901,1962,
24778,2,潘敏,F,1899,1942,
24779,2,胡香莺,F,1897,1961,
24780,2,马淑,F,1900,1983,
24783,2,田玲梅,F,1899,1962,
24784,2,吴春,F,1900,1962,
24785,2,陈芬,F,1899,1980,
24786,2,郑静,F,1899,1945,
24787,2,黄芳,F,1903,1990,
24788,2,金爱,F,1902,1990,
24789,2,凌玲珠,F,1903,1949,
24790,2,宋彩雪,F,1894,1937,
24791,2,宋芝琳,F,1900,1983,
24792,2,路婷,F,1898,1961,
24793,2,柳媛,F,1895,1983,
24794,2,贾梅,F,1903,1987,
24795,2,祝瑞,F,1901,1981,
24796,2,余琪,F,1896,1940,
24797,2,赵媛,F,1895,1972,
24798,2,梁霞娜,F,1902,1989,
24800,2,童月,F,1901,1984,
24801,2,骆璐春,F,1899,1953,
24802,2,许燕,F,1900,1971,
24803,2,蓝芬,F,1900,1987,
24804,2,钟梅,F,1899,1953,
24805,2,彭云,F,1901,1945,
24806,2,柳雪,F,1899,1962,
24808,2,杨雅,F,1897,1947,
24809,2,唐莲璐,F,1900,1964,
24810,2,冯珠芳,F,1898,1977,
24811,2,阮萍,F,1899,1981,
24812,2,高琪,F,1902,1950,
24813,2,秦菊,F,1903,1954,
24815,2,童爱,F,1900,1967,
24816,2,田香月,F,1897,1975,
24817,2,梁佳,F,1901,1980,
24819,2,方菊,F,1904,1972,
24821,2,舒爱芝,F,1900,1963,
24822,2,潘莲颖,F,1899,1987,
24823,2,陶芝淑,F,1897,1977,
24826,2,曹云雪,F,1899,1958,
24827,2,戴燕,F,1894,1940,
24828,2,姜蕾,F,1899,1985,
24829,2,贾兰,F,1900,1958,
24830,2,傅兰芬,F,1902,1961,
24831,2,路莲,F,1903,1969,
24832,2,盛薇,F,1898,1970,
24833,2,田瑞薇,F,1897,,
24834,2,蓝莺云,F,1900,1989,
24835,2,赵静霞,F,1900,1976,
24836,2,魏瑞,F,1901,1976,
24837,2,颜梅,F,1898,1962,
24838,2,王梅,F,1897,1970,
24839,2,钟梅,F,1898,1978,
24840,2,戴云,F,1898,1942,
24841,2,杨怡,F,1901,1968,
24842,2,林璐,F,1895,1974,
24843,2,纪瑞,F,1895,1984,
24844,2,薛燕燕,F,1894,1966,
24846,2,纪荣,F,1895,1940,
24848,2,戴蕾,F,1896,1965,
24849,2,徐梅,F,1897,1969,
24850,2,舒芳怡,F,1901,1982,
24851,2,陶秀雪,F,1899,1985,
24852,2,蓝璐,F,1902,1944,
24853,2,胡梅,F,1899,1950,
24854,2,戴菊,F,1902,1990,
24857,2,罗燕,F,1900,1956,
24858,2,汤珠,F,1899,1978,
24859,2,凌莲雅,F,1899,1981,
24860,2,蓝莲琪,F,1899,1979,
24861,2,贾玉,F,1901,1947,
24862,2,钟兰,F,1893,1935,
24863,2,齐雅,F,1896,1947,
24865,2,危娜,F,1899,1945,
24866,2,许香,F,1901,1965,
24867,2,唐媛,F,1903,1953,
24869,2,陈娜琳,F,1898,1978,
24870,2,田红莺,F,1898,1972,
24871,2,胡琪,F,1897,1972,
24872,2,汪欣,F,1897,1947,
24873,2,伍淑,F,1902,1979,
24874,2,纪秀燕,F,1896,1984,
24876,2,娄素,F,1899,1952,
24877,2,蔡雅燕,F,1902,1959,
24878,2,安芳,F,1896,,
24879,2,伍颖,F,1899,1945,
24881,2,路香,F,1903,1978,
24882,2,伍菊颖,F,1898,1943,
24883,2,赵洁,F,1900,1956,
24884,2,梅珠,F,1896,1943,
24885,2,姜淑琳,F,1895,1941,
24886,2,董芳,F,1900,1973,
24887,2,安春,F,1900,1953,
24888,2,舒芳,F,1900,1942,
24889,2,伍薇,F,1900,1974,
24890,2,孙薇,F,1900,1955,
24891,2,贺敏,F,1898,1988,
24893,2,李香莺,F,1901,1973,
24894,2,郭静芳,F,1901,1944,
24895,2,薛萍,F,1895,1958,
24896,2,项敏,F,1904,1962,
24897,2,郑春,F,1897,1982,
24898,2,林怡,F,1901,1952,
24899,2,杨荣云,F,1902,1977,
24900,2,方艳,F,1899,1988,
24901,2,杨娜,F,1896,1961,
24902,2,何燕,F,1895,1941,
24903,2,黄婷,F,1900,1980,
24904,2,郝云,F,1899,1971,
24905,2,姚梦薇,F,1900,1948,
24906,2,萧薇,F,1899,1988,
24907,2,赵琪,F,1903,1983,
24908,2,郭欣静,F,1904,1987,
24909,2,范萍,F,1898,1987,
24910,2,彭丽春,F,1901,1983,
24911,2,郑芝,F,1893,1969,
24912,2,安薇,F,1898,1987,
24913,2,秦珠,F,1900,1973,
24914,2,董春,F,1898,1988,
24915,2,蓝云媛,F,1895,1946,
24916,2,徐淑,F,1900,1980,
24917,2,任凤,F,1896,1970,
24918,2,周琪,F,1895,1938,
24919,2,于瑞,F,1902,1981,
24920,2,邱芳,F,1895,1943,
24922,2,汪月,F,1902,1978,
24923,2,阮梦,F,1898,1982,
24924,2,梅月,F,1902,1987,
24925,2,周素萍,F,1893,1960,
24926,2,盛霞,F,1897,1937,
24928,2,季珠,F,1901,1975,
24929,2,彭玲兰,F,1901,1953,
24930,2,鲁菊,F,1899,1989,
24931,2,梁佳玉,F,1899,1986,
24932,2,任欣,F,1900,1971,
24933,2,童凤,F,1900,1990,
24934,2,钟彩,F,1897,1949,
24935,2,张瑶璐,F,1899,1969,
24936,2,康云,F,1902,1986,
24938,2,杨玲娜,F,1899,1954,
24939,2,席洁,F,1898,1981,
24940,2,黄娜,F,1903,1950,
24942,2,魏静荣,F,1894,1949,
24943,2,尹雪媛,F,1902,1960,
24944,2,何芳,F,1904,1954,
24946,2,罗云,F,1901,1990,
24948,2,屈萍,F,1902,1949,
24949,2,齐琪云,F,1898,1985,
24950,2,盛敏,F,1897,1976,
24951,2,苏薇颖,F,1897,1955,
24952,2,强芝,F,1896,1946,
24953,2,麻月,F,1899,1959,
24954,2,谢雪洁,F,1900,1970,
24956,2,谢兰,F,1901,1942,
24957,2,周蕾,F,1899,1953,
24958,2,麻梦娥,F,1904,1982,
24959,2,齐玲,F,1899,1947,
24961,2,姚怡,F,1902,1974,
24962,2,路娜,F,1902,1953,
24963,2,熊凤,F,1899,1964,
24964,2,徐蕾,F,1898,1961,
24965,2,傅佳,F,1900,1982,
24967,2,柳璐蕾,F,1902,1957,
24969,2,雷婷娜,F,1900,1958,
24970,2,曹静,F,1895,1955,
24971,2,鲁芝,F,1897,1943,
24973,2,阮丽,F,1901,1946,
24974,2,蓝丽,F,1895,1979,
24975,2,柳媛,F,1899,1971,
24976,2,胡玉,F,1896,1957,
24977,2,童璐,F,1897,1983,
24978,2,郑凤,F,1901,1987,
24979,2,林莲,F,1899,1973,
24980,2,周璐,F,1901,1953,
24981,2,薛玲,F,1898,1940,
24982,2,李婷,F,1899,1948,
24983,2,宋梅,F,1904,1948,
24984,2,危香艳,F,1900,1964,
24986,2,安怡,F,1903,1952,
24987,2,傅珠,F,1898,1987,
24988,2,胡梦彩,F,1900,1988,
24989,2,于洁,F,1902,1953,
24990,2,康佳,F,1894,1945,
24992,2,余静莺,F,1894,1960,
24993,2,韩蕾,F,1899,1965,
24994,2,蓝雅兰,F,1896,1969,
24996,2,沈玉,F,1901,1980,
24999,2,尹月,F,1898,1954,
25000,2,马欣菊,F,1900,1990,
25002,2,卫雪静,F,1900,1952,
25003,2,余雅,F,1898,1951,
25004,2,唐佳,F,1898,1966,
25005,2,彭月,F,1895,1963,
25006,2,沈琪,F,1902,,
25007,2,鲁瑞雪,F,1903,1968,
25008,2,金梦,F,1901,1975,
25009,2,张娥,F,1900,1941,
25010,2,胡琪素,F,1897,1977,
25011,2,熊静,F,1899,1970,
25012,2,凌雪,F,1905,1976,
25013,2,彭娥芳,F,1902,1970,
25015,2,陶蕾,F,1894,1958,
25016,2,薛玉,F,1896,1952,
25018,2,熊惠婷,F,1899,1959,
25019,2,蓝兰,F,1895,1977,
25021,2,危玉娥,F,1900,1976,
25022,2,危颖,F,1899,1949,
25023,2,潘梅颖,F,1902,1975,
25024,2,贺芬,F,1902,1951,
25025,2,纪瑞,F,1896,,
25026,2,阮惠,F,1904,1967,
25027,2,范梅琪,F,1904,1945,
25028,2,萧瑞,F,1900,1945,
25029,2,黄莲,F,1894,1964,
25030,2,沈丽雪,F,1898,1975,
25032,2,雷怡,F,1898,1964,
25034,2,路雅,F,1902,,
25035,2,王静,F,1895,1950,
25036,2,伍惠,F,1898,1967,
25037,2,张婷雅,F,1901,1975,
25038,2,尹瑞娜,F,1903,1978,
25039,2,陈蕾艳,F,1900,1943,
25040,2,童艳,F,1896,1984,
25041,2,任惠颖,F,1893,1973,
25043,2,屈梦,F,1900,1975,
25044,2,杜香素,F,1896,1977,
25045,2,范梅,F,1897,1968,
25046,2,梅薇,F,1900,1977,
25047,2,郝芳,F,1895,1940,
25048,2,袁菊,F,1899,1958,
25049,2,阮兰霞,F,1899,1959,
25050,2,方欣淑,F,1899,1970,
25051,2,雷芬,F,1903,1963,
25052,2,曹萍琪,F,1897,1942,
25053,2,罗淑,F,1904,1962,
25054,2,项璐,F,1895,1975,
25055,2,任梅,F,1897,1987,
25056,2,宋梦,F,1904,1993,
25057,2,盛霞,F,1894,1942,
25058,2,余爱,F,1897,1965,
25059,2,罗燕,F,1900,1961,
25061,2,齐艳,F,1895,1978,
25062,2,阮媛荣,F,1899,1953,
25063,2,宋洁,F,1905,1985,
25064,2,陶雅秀,F,1896,1974,
25065,2,江凤,F,1899,1946,
25066,2,祝霞彩,F,1903,1949,
25067,2,杨玲萍,F,1901,1987,
25068,2,严雪凤,F,1899,1967,
25069,2,方云,F,1899,1975,
25070,2,汤燕,F,1899,1973,
25071,2,汪颖,F,1899,1957,
25072,2,贺玲,F,1902,1966,
25073,2,毛敏,F,1894,1984,
25075,2,安芬,F,1898,1938,
25076,2,颜琪,F,1893,1981,
25078,2,季春,F,1896,1949,
25079,2,傅琪,F,1899,1971,
25081,2,任爱,F,1899,1969,
25082,2,孔欣,F,1903,1980,
25083,2,卫莺,F,1897,1971,
25084,2,朱梅娥,F,1921,1979,
25085,2,朱璐,F,1915,2004,
25086,2,朱毅,M,1921,1989,
25087,2,朱璐兰,F,1919,1985,
25088,2,朱晨,M,1921,1991,
25089,2,朱博,M,1918,1987,
25090,2,朱伟,M,1919,2003,
25091,2,朱梦,F,1921,1990,
25092,2,朱建林,M,1915,1956,
25093,2,朱瑶,F,1919,2004,
25094,2,朱婷香,F,1918,1979,
25095,2,朱宇,M,1917,1961,
25096,2,朱宇,M,1918,1958,
25097,2,朱香,F,1921,1972,
25098,2,朱明浩,M,1919,2000,
25099,2,朱佳芝,F,1920,2006,
25100,2,朱鑫,M,1917,1980,
25101,2,朱凤,F,1915,1979,
25102,2,朱毅辉,M,1918,1973,
25103,2,朱宏,M,1919,1989,
25104,2,朱强,M,1919,1994,
25105,2,朱霞,F,1921,2002,
25106,2,朱志,M,1919,2005,
25107,2,朱艳,F,1916,1967,
25108,2,朱斌,M,1921,2003,
25109,2,朱毅,M,1921,1978,
25110,2,朱欣,F,1918,1976,
25111,2,朱文,M,1921,1963,
25112,2,朱宇,M,1915,1977,
25113,2,朱荣,F,1918,1985,
25114,2,朱明达,M,1916,1991,
25115,2,朱媛芬,F,1916,1984,
25116,2,朱波,M,1920,1979,
25117,2,朱浩志,M,1921,1971,
25118,2,朱斌建,M,1916,,
25119,2,朱婷,F,1920,1998,
25120,2,朱军,M,1917,1962,
25121,2,朱雅,F,1921,1983,
25122,2,朱烨远,M,1920,1994,
25123,2,朱红,F,1916,1988,
25124,2,朱涛,M,1916,1981,
25125,2,朱菊,F,1921,2010,
25126,2,朱远,M,1919,1993,
25127,2,朱波,M,1921,1987,
25128,2,朱莲,F,1919,2009,
25129,2,朱燕,F,1915,1957,
25130,2,朱俊,M,1919,1970,
25131,2,朱蕾,F,1917,1978,
25132,2,朱睿,M,1917,1960,
25133,2,朱婷,F,1915,1956,
25134,2,朱彩彩,F,1919,1976,
25135,2,朱鹏,M,1920,1985,
25136,2,朱静,F,1918,1966,
25137,2,朱驰,M,1917,1998,
25138,2,朱芳兰,F,1915,1978,
25139,2,朱毅,M,1921,2011,
25140,2,朱凯,M,1917,1985,
25141,2,朱彬,M,1918,2000,
25142,2,朱敏,F,1920,1965,
25143,2,朱建泽,M,1915,1983,
25144,2,朱娥洁,F,1921,1968,
25145,2,朱哲,M,1916,1979,
25146,2,朱玉娜,F,1916,1975,
25147,2,朱松,M,1920,1999,
25148,2,朱海,M,1920,1979,
25149,2,朱洁,F,1918,2006,
25150,2,朱涛,M,1918,1960,
25151,2,朱博,M,1918,2008,
25152,2,朱敏,F,1917,1959,
25153,2,朱健,M,1921,1967,
25154,2,朱秀,F,1917,1960,
25155,2,朱翔斌,M,1915,1978,
25156,2,朱莺芳,F,1916,1994,
25157,2,朱鑫鸿,M,1915,1978,
25158,2,朱军辉,M,1919,1996,
25159,2,朱丽,F,1915,1974,
25160,2,朱宸,M,1919,1998,
25161,2,朱婷,F,1917,2005,
25162,2,朱俊,M,1918,1986,
25163,2,朱娜,F,1917,1963,
25164,2,朱健天,M,1919,1962,
25165,2,朱天,M,1921,1987,
25166,2,朱芬,F,1917,1980,
25167,2,朱霞玉,F,1919,2009,
25168,2,朱涛博,M,1918,1965,
25169,2,朱红月,F,1919,1969,
25170,2,朱翔,M,1920,1974,
25171,2,朱艳爱,F,1918,1969,
25172,2,朱凤,F,1921,1970,
25173,2,朱睿松,M,1917,1969,
25174,2,朱莺,F,1915,1971,
25175,2,朱爱,F,1918,1963,
25176,2,朱博,M,1917,1973,
25177,2,朱宇,M,1918,1960,
25178,2,朱宇,M,1917,2005,
25179,2,朱林俊,M,1915,1965,
25180,2,朱雪,F,1917,1972,
25181,2,朱梅,F,1921,1972,
25182,2,朱燕,F,1921,2001,
25183,2,朱林,M,1917,1999,
25184,2,朱翔,M,1919,1992,
25185,2,朱荣秀,F,1917,2006,
25186,2,朱媛,F,1921,1992,
25187,2,朱芝,F,1917,2007,
25188,2,朱俊,M,1917,1994,
25189,2,朱睿,M,1919,1980,
25190,2,朱明,M,1921,1997,
25191,2,朱欣,F,1916,,
25192,2,朱翔,M,1920,1986,
25193,2,朱惠芳,F,1915,1978,
25194,2,朱浩烨,M,1921,1986,
25195,2,朱达,M,1918,2008,
25196,2,朱彬,M,1915,1959,
25197,2,朱龙,M,1915,1958,
25198,2,朱静,F,1917,1990,
25199,2,朱芝,F,1921,1995,
25200,2,朱飞,M,1917,1980,
25201,2,朱秀,F,1920,1991,
25202,2,朱达,M,1916,1975,
25203,2,朱杰,M,1916,1990,
25204,2,朱莲,F,1921,1981,
25205,2,朱芝颖,F,1916,1965,
25206,2,朱磊,M,1921,1976,
25207,2,朱蕾欣,F,1917,1970,
25208,2,朱睿,M,1915,1960,
25209,2,朱杰,M,1916,1960,
25210,2,朱辉,M,1916,1993,
25211,2,朱怡芝,F,1918,2006,
25212,2,朱奇,M,1915,1976,
25213,2,朱熠,M,1919,1997,
25214,2,朱艳,F,1920,1981,
25215,2,朱艳,F,1916,1970,
