parent_id,child_id,relation_type
20000,20020,father
20001,20020,mother
20000,20021,father
20001,20021,mother
20000,20022,father
20001,20022,mother
20000,20023,father
20001,20023,mother
20002,20024,father
20003,20024,mother
20002,20025,father
20003,20025,mother
20002,20026,father
20003,20026,mother
20002,20027,father
20003,20027,mother
20004,20028,father
20005,20028,mother
20004,20029,father
20005,20029,mother
20004,20030,father
20005,20030,mother
20006,20031,father
20007,20031,mother
20006,20032,father
20007,20032,mother
20006,20033,father
20007,20033,mother
20006,20034,father
20007,20034,mother
20008,20035,father
20009,20035,mother
20008,20036,father
20009,20036,mother
20008,20037,father
20009,20037,mother
20008,20038,father
20009,20038,mother
20010,20039,father
20011,20039,mother
20010,20040,father
20011,20040,mother
20010,20041,father
20011,20041,mother
20012,20042,father
20013,20042,mother
20012,20043,father
20013,20043,mother
20012,20044,father
20013,20044,mother
20012,20045,father
20013,20045,mother
20014,20046,father
20015,20046,mother
20014,20047,father
20015,20047,mother
20014,20048,father
20015,20048,mother
20016,20049,father
20017,20049,mother
20016,20050,father
20017,20050,mother
20016,20051,father
20017,20051,mother
20016,20052,father
20017,20052,mother
20018,20053,father
20019,20053,mother
20018,20054,father
20019,20054,mother
20018,20055,father
20019,20055,mother
20018,20056,father
20019,20056,mother
20046,20075,father
20058,20075,mother
20046,20076,father
20058,20076,mother
20046,20077,father
20058,20077,mother
20046,20078,father
20058,20078,mother
20052,20079,father
20059,20079,mother
20052,20080,father
20059,20080,mother
20052,20081,father
20059,20081,mother
20052,20082,father
20059,20082,mother
20051,20083,father
20060,20083,mother
20051,20084,father
20060,20084,mother
20051,20085,father
20060,20085,mother
20048,20086,father
20061,20086,mother
20048,20087,father
20061,20087,mother
20048,20088,father
20061,20088,mother
20048,20089,father
20061,20089,mother
20022,20090,father
20062,20090,mother
20022,20091,father
20062,20091,mother
20022,20092,father
20062,20092,mother
20024,20093,father
20063,20093,mother
20024,20094,father
20063,20094,mother
20024,20095,father
20063,20095,mother
20024,20096,father
20063,20096,mother
20038,20097,father
20064,20097,mother
20038,20098,father
20064,20098,mother
20038,20099,father
20064,20099,mother
20054,20100,father
20065,20100,mother
20054,20101,father
20065,20101,mother
20054,20102,father
20065,20102,mother
20054,20103,father
20065,20103,mother
20027,20104,father
20066,20104,mother
20027,20105,father
20066,20105,mother
20027,20106,father
20066,20106,mother
20055,20107,father
20067,20107,mother
20055,20108,father
20067,20108,mother
20055,20109,father
20067,20109,mother
20031,20110,father
20030,20110,mother
20031,20111,father
20030,20111,mother
20031,20112,father
20030,20112,mother
20031,20113,father
20030,20113,mother
20056,20114,father
20068,20114,mother
20056,20115,father
20068,20115,mother
20056,20116,father
20068,20116,mother
20044,20117,father
20069,20117,mother
20044,20118,father
20069,20118,mother
20044,20119,father
20069,20119,mother
20044,20120,father
20069,20120,mother
20021,20121,father
20070,20121,mother
20021,20122,father
20070,20122,mother
20021,20123,father
20070,20123,mother
20021,20124,father
20070,20124,mother
20037,20125,father
20071,20125,mother
20037,20126,father
20071,20126,mother
20037,20127,father
20071,20127,mother
20037,20128,father
20071,20128,mother
20049,20129,father
20073,20129,mother
20049,20130,father
20073,20130,mother
20049,20131,father
20073,20131,mother
20095,20163,father
20132,20163,mother
20095,20164,father
20132,20164,mother
20095,20165,father
20132,20165,mother
20093,20166,father
20133,20166,mother
20093,20167,father
20133,20167,mother
20093,20168,father
20133,20168,mother
20093,20169,father
20133,20169,mother
20081,20170,father
20134,20170,mother
20081,20171,father
20134,20171,mother
20081,20172,father
20134,20172,mother
20081,20173,father
20134,20173,mother
20102,20174,father
20128,20174,mother
20102,20175,father
20128,20175,mother
20102,20176,father
20128,20176,mother
20106,20177,father
20136,20177,mother
20106,20178,father
20136,20178,mother
20106,20179,father
20136,20179,mother
20096,20180,father
20137,20180,mother
20096,20181,father
20137,20181,mother
20096,20182,father
20137,20182,mother
20096,20183,father
20137,20183,mother
20104,20184,father
20138,20184,mother
20104,20185,father
20138,20185,mother
20104,20186,father
20138,20186,mother
20127,20187,father
20139,20187,mother
20127,20188,father
20139,20188,mother
20127,20189,father
20139,20189,mother
20086,20190,father
20141,20190,mother
20086,20191,father
20141,20191,mother
20086,20192,father
20141,20192,mother
20086,20193,father
20141,20193,mother
20112,20194,father
20142,20194,mother
20112,20195,father
20142,20195,mother
20112,20196,father
20142,20196,mother
20109,20197,father
20144,20197,mother
20109,20198,father
20144,20198,mother
20109,20199,father
20144,20199,mother
20082,20200,father
20145,20200,mother
20082,20201,father
20145,20201,mother
20082,20202,father
20145,20202,mother
20082,20203,father
20145,20203,mother
20077,20204,father
20146,20204,mother
20077,20205,father
20146,20205,mother
20077,20206,father
20146,20206,mother
20077,20207,father
20146,20207,mother
20123,20208,father
20147,20208,mother
20123,20209,father
20147,20209,mother
20123,20210,father
20147,20210,mother
20123,20211,father
20147,20211,mother
20087,20212,father
20148,20212,mother
20087,20213,father
20148,20213,mother
20087,20214,father
20148,20214,mother
20114,20215,father
20149,20215,mother
20114,20216,father
20149,20216,mother
20114,20217,father
20149,20217,mother
20114,20218,father
20149,20218,mother
20083,20219,father
20150,20219,mother
20083,20220,father
20150,20220,mother
20083,20221,father
20150,20221,mother
20083,20222,father
20150,20222,mother
20129,20223,father
20151,20223,mother
20129,20224,father
20151,20224,mother
20129,20225,father
20151,20225,mother
20120,20226,father
20152,20226,mother
20120,20227,father
20152,20227,mother
20120,20228,father
20152,20228,mother
20099,20229,father
20100,20229,mother
20099,20230,father
20100,20230,mother
20099,20231,father
20100,20231,mother
20116,20232,father
20153,20232,mother
20116,20233,father
20153,20233,mother
20116,20234,father
20153,20234,mother
20131,20235,father
20154,20235,mother
20131,20236,father
20154,20236,mother
20131,20237,father
20154,20237,mother
20131,20238,father
20154,20238,mother
20107,20239,father
20156,20239,mother
20107,20240,father
20156,20240,mother
20107,20241,father
20156,20241,mother
20101,20242,father
20157,20242,mother
20101,20243,father
20157,20243,mother
20101,20244,father
20157,20244,mother
20101,20245,father
20157,20245,mother
20111,20246,father
20160,20246,mother
20111,20247,father
20160,20247,mother
20111,20248,father
20160,20248,mother
20079,20249,father
20161,20249,mother
20079,20250,father
20161,20250,mother
20079,20251,father
20161,20251,mother
20079,20252,father
20161,20252,mother
20121,20253,father
20162,20253,mother
20121,20254,father
20162,20254,mother
20121,20255,father
20162,20255,mother
20207,20304,father
20256,20304,mother
20207,20305,father
20256,20305,mother
20207,20306,father
20256,20306,mother
20231,20307,father
20257,20307,mother
20231,20308,father
20257,20308,mother
20231,20309,father
20257,20309,mother
20177,20310,father
20258,20310,mother
20177,20311,father
20258,20311,mother
20177,20312,father
20258,20312,mother
20177,20313,father
20258,20313,mother
20188,20314,father
20259,20314,mother
20188,20315,father
20259,20315,mother
20188,20316,father
20259,20316,mother
20188,20317,father
20259,20317,mother
20249,20318,father
20262,20318,mother
20249,20319,father
20262,20319,mother
20249,20320,father
20262,20320,mother
20247,20321,father
20263,20321,mother
20247,20322,father
20263,20322,mother
20247,20323,father
20263,20323,mother
20247,20324,father
20263,20324,mother
20220,20325,father
20265,20325,mother
20220,20326,father
20265,20326,mother
20220,20327,father
20265,20327,mother
20221,20328,father
20266,20328,mother
20221,20329,father
20266,20329,mother
20221,20330,father
20266,20330,mother
20221,20331,father
20266,20331,mother
20194,20332,father
20267,20332,mother
20194,20333,father
20267,20333,mother
20194,20334,father
20267,20334,mother
20194,20335,father
20267,20335,mother
20189,20336,father
20268,20336,mother
20189,20337,father
20268,20337,mother
20189,20338,father
20268,20338,mother
20189,20339,father
20268,20339,mother
20242,20340,father
20270,20340,mother
20242,20341,father
20270,20341,mother
20242,20342,father
20270,20342,mother
20242,20343,father
20270,20343,mother
20198,20344,father
20271,20344,mother
20198,20345,father
20271,20345,mother
20198,20346,father
20271,20346,mother
20198,20347,father
20271,20347,mother
20196,20348,father
20272,20348,mother
20196,20349,father
20272,20349,mother
20196,20350,father
20272,20350,mother
20193,20351,father
20274,20351,mother
20193,20352,father
20274,20352,mother
20193,20353,father
20274,20353,mother
20193,20354,father
20274,20354,mother
20179,20355,father
20275,20355,mother
20179,20356,father
20275,20356,mother
20179,20357,father
20275,20357,mother
20248,20358,father
20276,20358,mother
20248,20359,father
20276,20359,mother
20248,20360,father
20276,20360,mother
20210,20361,father
20212,20361,mother
20210,20362,father
20212,20362,mother
20210,20363,father
20212,20363,mother
20244,20364,father
20277,20364,mother
20244,20365,father
20277,20365,mother
20244,20366,father
20277,20366,mother
20244,20367,father
20277,20367,mother
20214,20368,father
20278,20368,mother
20214,20369,father
20278,20369,mother
20214,20370,father
20278,20370,mother
20214,20371,father
20278,20371,mother
20211,20372,father
20229,20372,mother
20211,20373,father
20229,20373,mother
20211,20374,father
20229,20374,mother
20211,20375,father
20229,20375,mother
20169,20376,father
20175,20376,mother
20169,20377,father
20175,20377,mother
20169,20378,father
20175,20378,mother
20173,20379,father
20280,20379,mother
20173,20380,father
20280,20380,mother
20173,20381,father
20280,20381,mother
20173,20382,father
20280,20382,mother
20163,20383,father
20281,20383,mother
20163,20384,father
20281,20384,mother
20163,20385,father
20281,20385,mother
20163,20386,father
20281,20386,mother
20219,20387,father
20282,20387,mother
20219,20388,father
20282,20388,mother
20219,20389,father
20282,20389,mother
20219,20390,father
20282,20390,mother
20183,20391,father
20283,20391,mother
20183,20392,father
20283,20392,mother
20183,20393,father
20283,20393,mother
20183,20394,father
20283,20394,mother
20181,20395,father
20284,20395,mother
20181,20396,father
20284,20396,mother
20181,20397,father
20284,20397,mother
20240,20398,father
20285,20398,mother
20240,20399,father
20285,20399,mother
20240,20400,father
20285,20400,mother
20240,20401,father
20285,20401,mother
20184,20402,father
20286,20402,mother
20184,20403,father
20286,20403,mother
20184,20404,father
20286,20404,mother
20251,20405,father
20287,20405,mother
20251,20406,father
20287,20406,mother
20251,20407,father
20287,20407,mother
20170,20408,father
20288,20408,mother
20170,20409,father
20288,20409,mother
20170,20410,father
20288,20410,mother
20170,20411,father
20288,20411,mother
20206,20412,father
20289,20412,mother
20206,20413,father
20289,20413,mother
20206,20414,father
20289,20414,mother
20206,20415,father
20289,20415,mother
20237,20416,father
20290,20416,mother
20237,20417,father
20290,20417,mother
20237,20418,father
20290,20418,mother
20237,20419,father
20290,20419,mother
20185,20420,father
20291,20420,mother
20185,20421,father
20291,20421,mother
20185,20422,father
20291,20422,mother
20191,20423,father
20292,20423,mother
20191,20424,father
20292,20424,mother
20191,20425,father
20292,20425,mother
20197,20426,father
20293,20426,mother
20197,20427,father
20293,20427,mother
20197,20428,father
20293,20428,mother
20165,20429,father
20295,20429,mother
20165,20430,father
20295,20430,mother
20165,20431,father
20295,20431,mother
20165,20432,father
20295,20432,mother
20224,20433,father
20296,20433,mother
20224,20434,father
20296,20434,mother
20224,20435,father
20296,20435,mother
20209,20436,father
20297,20436,mother
20209,20437,father
20297,20437,mother
20209,20438,father
20297,20438,mother
20209,20439,father
20297,20439,mother
20236,20440,father
20298,20440,mother
20236,20441,father
20298,20441,mother
20236,20442,father
20298,20442,mother
20254,20443,father
20299,20443,mother
20254,20444,father
20299,20444,mother
20254,20445,father
20299,20445,mother
20230,20446,father
20300,20446,mother
20230,20447,father
20300,20447,mother
20230,20448,father
20300,20448,mother
20225,20449,father
20303,20449,mother
20225,20450,father
20303,20450,mother
20225,20451,father
20303,20451,mother
20352,20518,father
20452,20518,mother
20352,20519,father
20452,20519,mother
20352,20520,father
20452,20520,mother
20396,20521,father
20453,20521,mother
20396,20522,father
20453,20522,mother
20324,20523,father
20454,20523,mother
20324,20524,father
20454,20524,mother
20324,20525,father
20454,20525,mother
20324,20526,father
20454,20526,mother
20362,20527,father
20456,20527,mother
20362,20528,father
20456,20528,mother
20362,20529,father
20456,20529,mother
20321,20530,father
20457,20530,mother
20321,20531,father
20457,20531,mother
20321,20532,father
20457,20532,mother
20321,20533,father
20457,20533,mother
20379,20534,father
20414,20534,mother
20379,20535,father
20414,20535,mother
20379,20536,father
20414,20536,mother
20342,20537,father
20458,20537,mother
20342,20538,father
20458,20538,mother
20342,20539,father
20458,20539,mother
20342,20540,father
20458,20540,mother
20440,20541,father
20459,20541,mother
20440,20542,father
20459,20542,mother
20410,20543,father
20460,20543,mother
20410,20544,father
20460,20544,mother
20425,20545,father
20461,20545,mother
20425,20546,father
20461,20546,mother
20425,20547,father
20461,20547,mother
20425,20548,father
20461,20548,mother
20449,20549,father
20462,20549,mother
20449,20550,father
20462,20550,mother
20449,20551,father
20462,20551,mother
20313,20552,father
20463,20552,mother
20313,20553,father
20463,20553,mother
20313,20554,father
20463,20554,mother
20313,20555,father
20463,20555,mother
20368,20556,father
20426,20556,mother
20368,20557,father
20426,20557,mother
20368,20558,father
20426,20558,mother
20404,20559,father
20464,20559,mother
20404,20560,father
20464,20560,mother
20404,20561,father
20464,20561,mother
20415,20562,father
20465,20562,mother
20415,20563,father
20465,20563,mother
20415,20564,father
20465,20564,mother
20415,20565,father
20465,20565,mother
20383,20566,father
20467,20566,mother
20383,20567,father
20467,20567,mother
20383,20568,father
20467,20568,mother
20383,20569,father
20467,20569,mother
20337,20570,father
20468,20570,mother
20337,20571,father
20468,20571,mother
20337,20572,father
20468,20572,mother
20337,20573,father
20468,20573,mother
20390,20574,father
20469,20574,mother
20390,20575,father
20469,20575,mother
20421,20576,father
20406,20576,mother
20421,20577,father
20406,20577,mother
20421,20578,father
20406,20578,mother
20421,20579,father
20406,20579,mother
20446,20580,father
20470,20580,mother
20446,20581,father
20470,20581,mother
20360,20582,father
20471,20582,mother
20360,20583,father
20471,20583,mother
20360,20584,father
20471,20584,mother
20356,20585,father
20401,20585,mother
20356,20586,father
20401,20586,mother
20356,20587,father
20401,20587,mother
20356,20588,father
20401,20588,mother
20443,20589,father
20472,20589,mother
20443,20590,father
20472,20590,mother
20443,20591,father
20472,20591,mother
20443,20592,father
20472,20592,mother
20345,20593,father
20473,20593,mother
20345,20594,father
20473,20594,mother
20340,20595,father
20474,20595,mother
20340,20596,father
20474,20596,mother
20340,20597,father
20474,20597,mother
20340,20598,father
20474,20598,mother
20370,20599,father
20475,20599,mother
20370,20600,father
20475,20600,mother
20370,20601,father
20475,20601,mother
20370,20602,father
20475,20602,mother
20395,20603,father
20476,20603,mother
20395,20604,father
20476,20604,mother
20395,20605,father
20476,20605,mother
20395,20606,father
20476,20606,mother
20418,20607,father
20477,20607,mother
20418,20608,father
20477,20608,mother
20418,20609,father
20477,20609,mother
20418,20610,father
20477,20610,mother
20376,20611,father
20478,20611,mother
20376,20612,father
20478,20612,mother
20376,20613,father
20478,20613,mother
20376,20614,father
20478,20614,mother
20389,20615,father
20479,20615,mother
20389,20616,father
20479,20616,mother
20389,20617,father
20479,20617,mother
20407,20618,father
20480,20618,mother
20407,20619,father
20480,20619,mother
20407,20620,father
20480,20620,mother
20419,20621,father
20481,20621,mother
20419,20622,father
20481,20622,mother
20419,20623,father
20481,20623,mother
20393,20624,father
20482,20624,mother
20393,20625,father
20482,20625,mother
20393,20626,father
20482,20626,mother
20326,20627,father
20483,20627,mother
20326,20628,father
20483,20628,mother
20326,20629,father
20483,20629,mother
20326,20630,father
20483,20630,mother
20392,20631,father
20484,20631,mother
20392,20632,father
20484,20632,mother
20392,20633,father
20484,20633,mother
20441,20634,father
20485,20634,mother
20441,20635,father
20485,20635,mother
20441,20636,father
20485,20636,mother
20441,20637,father
20485,20637,mother
20439,20638,father
20486,20638,mother
20439,20639,father
20486,20639,mother
20439,20640,father
20486,20640,mother
20439,20641,father
20486,20641,mother
20402,20642,father
20487,20642,mother
20402,20643,father
20487,20643,mother
20361,20644,father
20488,20644,mother
20361,20645,father
20488,20645,mother
20429,20646,father
20489,20646,mother
20429,20647,father
20489,20647,mother
20429,20648,father
20489,20648,mother
20429,20649,father
20489,20649,mother
20427,20650,father
20490,20650,mother
20427,20651,father
20490,20651,mother
20427,20652,father
20490,20652,mother
20437,20653,father
20491,20653,mother
20437,20654,father
20491,20654,mother
20437,20655,father
20491,20655,mother
20309,20656,father
20492,20656,mother
20309,20657,father
20492,20657,mother
20309,20658,father
20492,20658,mother
20309,20659,father
20492,20659,mother
20400,20660,father
20493,20660,mother
20400,20661,father
20493,20661,mother
20405,20662,father
20494,20662,mother
20405,20663,father
20494,20663,mother
20405,20664,father
20494,20664,mother
20347,20665,father
20495,20665,mother
20347,20666,father
20495,20666,mother
20347,20667,father
20495,20667,mother
20347,20668,father
20495,20668,mother
20320,20669,father
20496,20669,mother
20320,20670,father
20496,20670,mother
20386,20671,father
20339,20671,mother
20386,20672,father
20339,20672,mother
20386,20673,father
20339,20673,mother
20374,20674,father
20497,20674,mother
20374,20675,father
20497,20675,mother
20374,20676,father
20497,20676,mother
20306,20677,father
20498,20677,mother
20306,20678,father
20498,20678,mother
20306,20679,father
20498,20679,mother
20307,20680,father
20499,20680,mother
20307,20681,father
20499,20681,mother
20307,20682,father
20499,20682,mother
20307,20683,father
20499,20683,mother
20435,20684,father
20500,20684,mother
20435,20685,father
20500,20685,mother
20420,20686,father
20501,20686,mother
20420,20687,father
20501,20687,mother
20323,20688,father
20397,20688,mother
20323,20689,father
20397,20689,mother
20323,20690,father
20397,20690,mother
20323,20691,father
20397,20691,mother
20359,20692,father
20503,20692,mother
20359,20693,father
20503,20693,mother
20359,20694,father
20503,20694,mother
20334,20695,father
20504,20695,mother
20334,20696,father
20504,20696,mother
20387,20697,father
20505,20697,mother
20387,20698,father
20505,20698,mother
20387,20699,father
20505,20699,mother
20364,20700,father
20506,20700,mother
20364,20701,father
20506,20701,mother
20364,20702,father
20506,20702,mother
20317,20703,father
20507,20703,mother
20317,20704,father
20507,20704,mother
20317,20705,father
20507,20705,mother
20431,20706,father
20508,20706,mother
20431,20707,father
20508,20707,mother
20431,20708,father
20508,20708,mother
20366,20709,father
20509,20709,mother
20366,20710,father
20509,20710,mother
20366,20711,father
20509,20711,mother
20366,20712,father
20509,20712,mother
20434,20713,father
20511,20713,mother
20434,20714,father
20511,20714,mother
20434,20715,father
20511,20715,mother
20372,20716,father
20512,20716,mother
20372,20717,father
20512,20717,mother
20331,20718,father
20513,20718,mother
20331,20719,father
20513,20719,mother
20331,20720,father
20513,20720,mother
20331,20721,father
20513,20721,mother
20338,20722,father
20394,20722,mother
20338,20723,father
20394,20723,mother
20338,20724,father
20394,20724,mother
20338,20725,father
20394,20725,mother
20409,20726,father
20514,20726,mother
20409,20727,father
20514,20727,mother
20329,20728,father
20515,20728,mother
20329,20729,father
20515,20729,mother
20329,20730,father
20515,20730,mother
20413,20731,father
20516,20731,mother
20413,20732,father
20516,20732,mother
20413,20733,father
20516,20733,mother
20413,20734,father
20516,20734,mother
20333,20735,father
20517,20735,mother
20333,20736,father
20517,20736,mother
20645,20842,father
20737,20842,mother
20645,20843,father
20737,20843,mother
20590,20844,father
20738,20844,mother
20590,20845,father
20738,20845,mother
20614,20846,father
20739,20846,mother
20614,20847,father
20739,20847,mother
20614,20848,father
20739,20848,mother
20614,20849,father
20739,20849,mother
20624,20850,father
20741,20850,mother
20624,20851,father
20741,20851,mother
20734,20852,father
20742,20852,mother
20734,20853,father
20742,20853,mother
20607,20854,father
20743,20854,mother
20607,20855,father
20743,20855,mother
20656,20856,father
20744,20856,mother
20656,20857,father
20744,20857,mother
20552,20858,father
20745,20858,mother
20552,20859,father
20745,20859,mother
20552,20860,father
20745,20860,mother
20687,20861,father
20747,20861,mother
20687,20862,father
20747,20862,mother
20687,20863,father
20747,20863,mother
20687,20864,father
20747,20864,mother
20660,20865,father
20748,20865,mother
20660,20866,father
20748,20866,mother
20660,20867,father
20748,20867,mother
20660,20868,father
20748,20868,mother
20731,20869,father
20749,20869,mother
20731,20870,father
20749,20870,mother
20731,20871,father
20749,20871,mother
20667,20872,father
20750,20872,mother
20667,20873,father
20750,20873,mother
20667,20874,father
20750,20874,mother
20621,20875,father
20751,20875,mother
20621,20876,father
20751,20876,mother
20704,20877,father
20752,20877,mother
20704,20878,father
20752,20878,mother
20540,20879,father
20753,20879,mother
20540,20880,father
20753,20880,mother
20540,20881,father
20753,20881,mother
20540,20882,father
20753,20882,mother
20604,20883,father
20754,20883,mother
20604,20884,father
20754,20884,mother
20604,20885,father
20754,20885,mother
20668,20886,father
20755,20886,mother
20668,20887,father
20755,20887,mother
20668,20888,father
20755,20888,mother
20638,20889,father
20618,20889,mother
20638,20890,father
20618,20890,mother
20638,20891,father
20618,20891,mother
20638,20892,father
20618,20892,mother
20693,20893,father
20756,20893,mother
20693,20894,father
20756,20894,mother
20639,20895,father
20757,20895,mother
20639,20896,father
20757,20896,mother
20629,20897,father
20758,20897,mother
20629,20898,father
20758,20898,mother
20555,20899,father
20759,20899,mother
20555,20900,father
20759,20900,mother
20561,20901,father
20760,20901,mother
20561,20902,father
20760,20902,mother
20699,20903,father
20761,20903,mother
20699,20904,father
20761,20904,mother
20619,20905,father
20763,20905,mother
20619,20906,father
20763,20906,mother
20565,20907,father
20764,20907,mother
20565,20908,father
20764,20908,mother
20565,20909,father
20764,20909,mother
20565,20910,father
20764,20910,mother
20587,20911,father
20765,20911,mother
20587,20912,father
20765,20912,mother
20587,20913,father
20765,20913,mother
20587,20914,father
20765,20914,mother
20647,20915,father
20766,20915,mother
20647,20916,father
20766,20916,mother
20544,20917,father
20767,20917,mother
20544,20918,father
20767,20918,mother
20544,20919,father
20767,20919,mother
20544,20920,father
20767,20920,mother
20716,20921,father
20768,20921,mother
20716,20922,father
20768,20922,mother
20716,20923,father
20768,20923,mother
20716,20924,father
20768,20924,mother
20522,20925,father
20769,20925,mother
20522,20926,father
20769,20926,mother
20563,20927,father
20770,20927,mother
20563,20928,father
20770,20928,mother
20585,20929,father
20771,20929,mother
20585,20930,father
20771,20930,mother
20585,20931,father
20771,20931,mother
20635,20932,father
20772,20932,mother
20635,20933,father
20772,20933,mother
20617,20934,father
20773,20934,mother
20617,20935,father
20773,20935,mother
20549,20936,father
20546,20936,mother
20549,20937,father
20546,20937,mother
20549,20938,father
20546,20938,mother
20549,20939,father
20546,20939,mother
20651,20940,father
20774,20940,mother
20651,20941,father
20774,20941,mother
20651,20942,father
20774,20942,mother
20646,20943,father
20775,20943,mother
20646,20944,father
20775,20944,mother
20625,20945,father
20776,20945,mother
20625,20946,father
20776,20946,mother
20625,20947,father
20776,20947,mother
20625,20948,father
20776,20948,mother
20679,20949,father
20778,20949,mother
20679,20950,father
20778,20950,mother
20628,20951,father
20779,20951,mother
20628,20952,father
20779,20952,mother
20719,20953,father
20780,20953,mother
20719,20954,father
20780,20954,mother
20719,20955,father
20780,20955,mother
20571,20956,father
20781,20956,mother
20571,20957,father
20781,20957,mother
20571,20958,father
20781,20958,mother
20736,20959,father
20782,20959,mother
20736,20960,father
20782,20960,mother
20736,20961,father
20782,20961,mother
20736,20962,father
20782,20962,mother
20537,20963,father
20784,20963,mother
20537,20964,father
20784,20964,mother
20557,20965,father
20785,20965,mother
20557,20966,father
20785,20966,mother
20520,20967,father
20786,20967,mother
20520,20968,father
20786,20968,mother
20520,20969,father
20786,20969,mother
20589,20970,father
20787,20970,mother
20589,20971,father
20787,20971,mother
20589,20972,father
20787,20972,mother
20589,20973,father
20787,20973,mother
20708,20974,father
20788,20974,mother
20708,20975,father
20788,20975,mother
20708,20976,father
20788,20976,mother
20598,20977,father
20790,20977,mother
20598,20978,father
20790,20978,mother
20598,20979,father
20790,20979,mother
20643,20980,father
20791,20980,mother
20643,20981,father
20791,20981,mother
20643,20982,father
20791,20982,mother
20523,20983,father
20792,20983,mother
20523,20984,father
20792,20984,mother
20523,20985,father
20792,20985,mother
20527,20986,father
20794,20986,mother
20527,20987,father
20794,20987,mother
20527,20988,father
20794,20988,mother
20673,20989,father
20795,20989,mother
20673,20990,father
20795,20990,mother
20564,20991,father
20796,20991,mother
20564,20992,father
20796,20992,mother
20725,20993,father
20797,20993,mother
20725,20994,father
20797,20994,mother
20725,20995,father
20797,20995,mother
20725,20996,father
20797,20996,mother
20698,20997,father
20798,20997,mother
20698,20998,father
20798,20998,mother
20664,20999,father
20799,20999,mother
20664,21000,father
20799,21000,mother
20664,21001,father
20799,21001,mother
20570,21002,father
20800,21002,mother
20570,21003,father
20800,21003,mother
20556,21004,father
20801,21004,mother
20556,21005,father
20801,21005,mother
20556,21006,father
20801,21006,mother
20577,21007,father
20802,21007,mother
20577,21008,father
20802,21008,mother
20577,21009,father
20802,21009,mother
20577,21010,father
20802,21010,mother
20634,21011,father
20803,21011,mother
20634,21012,father
20803,21012,mother
20634,21013,father
20803,21013,mother
20634,21014,father
20803,21014,mother
20663,21015,father
20804,21015,mother
20663,21016,father
20804,21016,mother
20663,21017,father
20804,21017,mother
20663,21018,father
20804,21018,mother
20681,21019,father
20805,21019,mother
20681,21020,father
20805,21020,mother
20681,21021,father
20805,21021,mother
20726,21022,father
20806,21022,mother
20726,21023,father
20806,21023,mother
20726,21024,father
20806,21024,mother
20726,21025,father
20806,21025,mother
20525,21026,father
20613,21026,mother
20525,21027,father
20613,21027,mother
20525,21028,father
20613,21028,mother
20545,21029,father
20652,21029,mother
20545,21030,father
20652,21030,mother
20683,21031,father
20807,21031,mother
20683,21032,father
20807,21032,mother
20683,21033,father
20807,21033,mother
20674,21034,father
20808,21034,mother
20674,21035,father
20808,21035,mother
20674,21036,father
20808,21036,mother
20674,21037,father
20808,21037,mother
20721,21038,father
20809,21038,mother
20721,21039,father
20809,21039,mother
20650,21040,father
20735,21040,mother
20650,21041,father
20735,21041,mother
20602,21042,father
20811,21042,mother
20602,21043,father
20811,21043,mother
20602,21044,father
20811,21044,mother
20720,21045,father
20812,21045,mother
20720,21046,father
20812,21046,mother
20729,21047,father
20678,21047,mother
20729,21048,father
20678,21048,mother
20729,21049,father
20678,21049,mother
20633,21050,father
20814,21050,mother
20633,21051,father
20814,21051,mother
20633,21052,father
20814,21052,mother
20579,21053,father
20815,21053,mother
20579,21054,father
20815,21054,mother
20579,21055,father
20815,21055,mother
20579,21056,father
20815,21056,mother
20689,21057,father
20816,21057,mother
20689,21058,father
20816,21058,mother
20689,21059,father
20816,21059,mother
20689,21060,father
20816,21060,mother
20700,21061,father
20817,21061,mother
20700,21062,father
20817,21062,mother
20700,21063,father
20817,21063,mother
20682,21064,father
20818,21064,mother
20682,21065,father
20818,21065,mother
20682,21066,father
20818,21066,mother
20682,21067,father
20818,21067,mother
20526,21068,father
20819,21068,mother
20526,21069,father
20819,21069,mother
20581,21070,father
20644,21070,mother
20581,21071,father
20644,21071,mother
20581,21072,father
20644,21072,mother
20581,21073,father
20644,21073,mother
20676,21074,father
20821,21074,mother
20676,21075,father
20821,21075,mother
20676,21076,father
20821,21076,mother
20676,21077,father
20821,21077,mother
20593,21078,father
20823,21078,mother
20593,21079,father
20823,21079,mother
20593,21080,father
20823,21080,mother
20547,21081,father
20824,21081,mother
20547,21082,father
20824,21082,mother
20547,21083,father
20824,21083,mother
20547,21084,father
20824,21084,mother
20695,21085,father
20825,21085,mother
20695,21086,father
20825,21086,mother
20695,21087,father
20825,21087,mother
20658,21088,father
20826,21088,mother
20658,21089,father
20826,21089,mother
20658,21090,father
20826,21090,mother
20550,21091,father
20827,21091,mother
20550,21092,father
20827,21092,mother
20550,21093,father
20827,21093,mother
20550,21094,father
20827,21094,mother
20715,21095,father
20828,21095,mother
20715,21096,father
20828,21096,mother
20715,21097,father
20828,21097,mother
20715,21098,father
20828,21098,mother
20605,21099,father
20829,21099,mother
20605,21100,father
20829,21100,mother
20583,21101,father
20833,21101,mother
20583,21102,father
20833,21102,mother
20583,21103,father
20833,21103,mother
20583,21104,father
20833,21104,mother
20597,21105,father
20834,21105,mother
20597,21106,father
20834,21106,mother
20597,21107,father
20834,21107,mother
20597,21108,father
20834,21108,mother
20572,21109,father
20835,21109,mother
20572,21110,father
20835,21110,mother
20572,21111,father
20835,21111,mother
20572,21112,father
20835,21112,mother
20655,21113,father
20836,21113,mother
20655,21114,father
20836,21114,mother
20655,21115,father
20836,21115,mother
20712,21116,father
20518,21116,mother
20712,21117,father
20518,21117,mother
20712,21118,father
20518,21118,mother
20712,21119,father
20518,21119,mother
20601,21120,father
20837,21120,mother
20601,21121,father
20837,21121,mother
20601,21122,father
20837,21122,mother
20671,21123,father
20838,21123,mother
20671,21124,father
20838,21124,mother
20671,21125,father
20838,21125,mother
20671,21126,father
20838,21126,mother
20620,21127,father
20839,21127,mother
20620,21128,father
20839,21128,mother
20620,21129,father
20839,21129,mother
20533,21130,father
20840,21130,mother
20533,21131,father
20840,21131,mother
20533,21132,father
20840,21132,mother
20536,21133,father
20558,21133,mother
20536,21134,father
20558,21134,mother
20536,21135,father
20558,21135,mother
20536,21136,father
20558,21136,mother
20528,21137,father
20841,21137,mother
20528,21138,father
20841,21138,mother
20528,21139,father
20841,21139,mother
20528,21140,father
20841,21140,mother
21054,21276,father
21142,21276,mother
21054,21277,father
21142,21277,mother
21054,21278,father
21142,21278,mother
21054,21279,father
21142,21279,mother
21070,21280,father
21143,21280,mother
21070,21281,father
21143,21281,mother
21070,21282,father
21143,21282,mother
20939,21283,father
21144,21283,mother
20939,21284,father
21144,21284,mother
20939,21285,father
21144,21285,mother
20939,21286,father
21144,21286,mother
20960,21287,father
21145,21287,mother
20960,21288,father
21145,21288,mother
20960,21289,father
21145,21289,mother
21013,21290,father
21146,21290,mother
21013,21291,father
21146,21291,mother
21138,21292,father
21147,21292,mother
21138,21293,father
21147,21293,mother
21138,21294,father
21147,21294,mother
20963,21295,father
21148,21295,mother
20963,21296,father
21148,21296,mother
20963,21297,father
21148,21297,mother
21031,21298,father
21149,21298,mother
21031,21299,father
21149,21299,mother
21031,21300,father
21149,21300,mother
21031,21301,father
21149,21301,mother
20974,21302,father
21150,21302,mother
20974,21303,father
21150,21303,mother
20974,21304,father
21150,21304,mother
20974,21305,father
21150,21305,mother
21058,21306,father
21151,21306,mother
21058,21307,father
21151,21307,mother
21058,21308,father
21151,21308,mother
20845,21309,father
21152,21309,mother
20845,21310,father
21152,21310,mother
20845,21311,father
21152,21311,mother
20860,21312,father
21153,21312,mother
20860,21313,father
21153,21313,mother
20860,21314,father
21153,21314,mother
20972,21315,father
21154,21315,mother
20972,21316,father
21154,21316,mother
20972,21317,father
21154,21317,mother
20972,21318,father
21154,21318,mother
20924,21319,father
21155,21319,mother
20924,21320,father
21155,21320,mother
20924,21321,father
21155,21321,mother
21137,21322,father
20954,21322,mother
21137,21323,father
20954,21323,mother
21137,21324,father
20954,21324,mother
21009,21325,father
21157,21325,mother
21009,21326,father
21157,21326,mother
21066,21327,father
21158,21327,mother
21066,21328,father
21158,21328,mother
21114,21329,father
21159,21329,mother
21114,21330,father
21159,21330,mother
21114,21331,father
21159,21331,mother
21114,21332,father
21159,21332,mother
20889,21333,father
21160,21333,mother
20889,21334,father
21160,21334,mother
20889,21335,father
21160,21335,mother
20889,21336,father
21160,21336,mother
21091,21337,father
21161,21337,mother
21091,21338,father
21161,21338,mother
21091,21339,father
21161,21339,mother
21103,21340,father
21162,21340,mother
21103,21341,father
21162,21341,mother
21103,21342,father
21162,21342,mother
21103,21343,father
21162,21343,mother
20983,21344,father
21164,21344,mother
20983,21345,father
21164,21345,mother
20980,21346,father
21165,21346,mother
20980,21347,father
21165,21347,mother
20980,21348,father
21165,21348,mother
20980,21349,father
21165,21349,mother
21088,21350,father
21166,21350,mother
21088,21351,father
21166,21351,mother
21088,21352,father
21166,21352,mother
20862,21353,father
21167,21353,mother
20862,21354,father
21167,21354,mother
20862,21355,father
21167,21355,mother
20913,21356,father
21168,21356,mother
20913,21357,father
21168,21357,mother
20913,21358,father
21168,21358,mother
20913,21359,father
21168,21359,mother
20957,21360,father
21169,21360,mother
20957,21361,father
21169,21361,mother
20872,21362,father
21170,21362,mother
20872,21363,father
21170,21363,mother
20872,21364,father
21170,21364,mother
20872,21365,father
21170,21365,mother
21000,21366,father
21171,21366,mother
21000,21367,father
21171,21367,mother
21043,21368,father
21047,21368,mother
21043,21369,father
21047,21369,mother
20880,21370,father
21172,21370,mother
20880,21371,father
21172,21371,mother
21076,21372,father
21173,21372,mother
21076,21373,father
21173,21373,mother
21076,21374,father
21173,21374,mother
21042,21375,father
21174,21375,mother
21042,21376,father
21174,21376,mother
21042,21377,father
21174,21377,mother
21042,21378,father
21174,21378,mother
21094,21379,father
21175,21379,mother
21094,21380,father
21175,21380,mother
20888,21381,father
21176,21381,mother
20888,21382,father
21176,21382,mother
20888,21383,father
21176,21383,mother
20888,21384,father
21176,21384,mother
21128,21385,father
21177,21385,mother
21128,21386,father
21177,21386,mother
21128,21387,father
21177,21387,mother
21128,21388,father
21177,21388,mother
21073,21389,father
21178,21389,mother
21073,21390,father
21178,21390,mother
21073,21391,father
21178,21391,mother
21073,21392,father
21178,21392,mother
20879,21393,father
20917,21393,mother
20879,21394,father
20917,21394,mother
20918,21395,father
21180,21395,mother
20918,21396,father
21180,21396,mother
20874,21397,father
21181,21397,mother
20874,21398,father
21181,21398,mother
20874,21399,father
21181,21399,mother
20874,21400,father
21181,21400,mother
21116,21401,father
21182,21401,mother
21116,21402,father
21182,21402,mother
21018,21403,father
21184,21403,mother
21018,21404,father
21184,21404,mother
21018,21405,father
21184,21405,mother
21018,21406,father
21184,21406,mother
20893,21407,father
21185,21407,mother
20893,21408,father
21185,21408,mother
20893,21409,father
21185,21409,mother
20893,21410,father
21185,21410,mother
20956,21411,father
21017,21411,mother
20956,21412,father
21017,21412,mother
20941,21413,father
21186,21413,mother
20941,21414,father
21186,21414,mother
20946,21415,father
21187,21415,mother
20946,21416,father
21187,21416,mother
20946,21417,father
21187,21417,mother
20946,21418,father
21187,21418,mother
20919,21419,father
21190,21419,mother
20919,21420,father
21190,21420,mother
20919,21421,father
21190,21421,mother
20953,21422,father
21191,21422,mother
20953,21423,father
21191,21423,mother
20883,21424,father
20928,21424,mother
20883,21425,father
20928,21425,mother
21099,21426,father
21192,21426,mother
21099,21427,father
21192,21427,mother
21099,21428,father
21192,21428,mother
21099,21429,father
21192,21429,mother
21078,21430,father
20952,21430,mother
21078,21431,father
20952,21431,mother
20959,21432,father
21193,21432,mother
20959,21433,father
21193,21433,mother
20959,21434,father
21193,21434,mother
20959,21435,father
21193,21435,mother
20988,21436,father
21194,21436,mother
20988,21437,father
21194,21437,mother
20922,21438,father
21196,21438,mother
20922,21439,father
21196,21439,mother
20922,21440,father
21196,21440,mother
20922,21441,father
21196,21441,mother
21002,21442,father
21197,21442,mother
21002,21443,father
21197,21443,mother
20977,21444,father
21198,21444,mother
20977,21445,father
21198,21445,mother
20977,21446,father
21198,21446,mother
20977,21447,father
21198,21447,mother
20992,21448,father
21200,21448,mother
20992,21449,father
21200,21449,mother
20936,21450,father
21201,21450,mother
20936,21451,father
21201,21451,mother
21049,21452,father
21202,21452,mother
21049,21453,father
21202,21453,mother
20947,21454,father
21203,21454,mother
20947,21455,father
21203,21455,mother
20947,21456,father
21203,21456,mother
21117,21457,father
21204,21457,mother
21117,21458,father
21204,21458,mother
21117,21459,father
21204,21459,mother
21117,21460,father
21204,21460,mother
20885,21461,father
20958,21461,mother
20885,21462,father
20958,21462,mother
20852,21463,father
21205,21463,mother
20852,21464,father
21205,21464,mother
20915,21465,father
21208,21465,mother
20915,21466,father
21208,21466,mother
20915,21467,father
21208,21467,mother
21011,21468,father
20842,21468,mother
21011,21469,father
20842,21469,mother
21011,21470,father
20842,21470,mother
21011,21471,father
20842,21471,mother
21028,21472,father
21062,21472,mother
21028,21473,father
21062,21473,mother
21028,21474,father
21062,21474,mother
21028,21475,father
21062,21475,mother
20912,21476,father
21209,21476,mother
20912,21477,father
21209,21477,mother
20912,21478,father
21209,21478,mother
20912,21479,father
21209,21479,mother
21082,21480,father
21210,21480,mother
21082,21481,father
21210,21481,mother
21082,21482,father
21210,21482,mother
21082,21483,father
21210,21483,mother
21101,21484,father
21211,21484,mother
21101,21485,father
21211,21485,mother
20987,21486,father
21008,21486,mother
20987,21487,father
21008,21487,mother
20987,21488,father
21008,21488,mother
20979,21489,father
21212,21489,mother
20979,21490,father
21212,21490,mother
20979,21491,father
21212,21491,mother
20979,21492,father
21212,21492,mother
20846,21493,father
21213,21493,mother
20846,21494,father
21213,21494,mother
20846,21495,father
21213,21495,mother
21115,21496,father
21214,21496,mother
21115,21497,father
21214,21497,mother
21115,21498,father
21214,21498,mother
21115,21499,father
21214,21499,mother
20899,21500,father
21215,21500,mother
20899,21501,father
21215,21501,mother
20891,21502,father
21216,21502,mother
20891,21503,father
21216,21503,mother
20891,21504,father
21216,21504,mother
20891,21505,father
21216,21505,mother
20908,21506,father
21015,21506,mother
20908,21507,father
21015,21507,mother
20908,21508,father
21015,21508,mother
21085,21509,father
21217,21509,mother
21085,21510,father
21217,21510,mother
21085,21511,father
21217,21511,mother
21085,21512,father
21217,21512,mother
21135,21513,father
20934,21513,mother
21135,21514,father
20934,21514,mother
21135,21515,father
20934,21515,mother
21135,21516,father
20934,21516,mother
20848,21517,father
21218,21517,mother
20848,21518,father
21218,21518,mother
20969,21519,father
21219,21519,mother
20969,21520,father
21219,21520,mother
21033,21521,father
21220,21521,mother
21033,21522,father
21220,21522,mother
21033,21523,father
21220,21523,mother
21016,21524,father
21221,21524,mother
21016,21525,father
21221,21525,mother
20856,21526,father
21222,21526,mother
20856,21527,father
21222,21527,mother
21069,21528,father
21223,21528,mother
21069,21529,father
21223,21529,mother
21069,21530,father
21223,21530,mother
21069,21531,father
21223,21531,mother
21111,21532,father
21224,21532,mother
21111,21533,father
21224,21533,mother
21111,21534,father
21224,21534,mother
21112,21535,father
21226,21535,mother
21112,21536,father
21226,21536,mother
20875,21537,father
21010,21537,mother
20875,21538,father
21010,21538,mother
20870,21539,father
21229,21539,mother
20870,21540,father
21229,21540,mother
20870,21541,father
21229,21541,mother
20985,21542,father
21231,21542,mother
20985,21543,father
21231,21543,mother
21063,21544,father
21232,21544,mother
21063,21545,father
21232,21545,mother
21063,21546,father
21232,21546,mother
21063,21547,father
21232,21547,mother
21109,21548,father
21233,21548,mother
21109,21549,father
21233,21549,mother
20944,21550,father
21235,21550,mother
20944,21551,father
21235,21551,mother
21084,21552,father
21236,21552,mother
21084,21553,father
21236,21553,mother
21084,21554,father
21236,21554,mother
21084,21555,father
21236,21555,mother
20877,21556,father
21237,21556,mother
20877,21557,father
21237,21557,mother
20877,21558,father
21237,21558,mother
20877,21559,father
21237,21559,mother
20997,21560,father
21238,21560,mother
20997,21561,father
21238,21561,mother
21120,21562,father
21239,21562,mother
21120,21563,father
21239,21563,mother
21120,21564,father
21239,21564,mother
21075,21565,father
21240,21565,mother
21075,21566,father
21240,21566,mother
21075,21567,father
21240,21567,mother
21124,21568,father
21241,21568,mother
21124,21569,father
21241,21569,mother
21124,21570,father
21241,21570,mother
21124,21571,father
21241,21571,mother
20898,21572,father
21242,21572,mother
20898,21573,father
21242,21573,mother
21095,21574,father
21243,21574,mother
21095,21575,father
21243,21575,mother
21095,21576,father
21243,21576,mother
20935,21577,father
21244,21577,mother
20935,21578,father
21244,21578,mother
20935,21579,father
21244,21579,mother
20901,21580,father
21245,21580,mother
20901,21581,father
21245,21581,mother
20901,21582,father
21245,21582,mother
20965,21583,father
21246,21583,mother
20965,21584,father
21246,21584,mother
20965,21585,father
21246,21585,mother
20965,21586,father
21246,21586,mother
20905,21587,father
21247,21587,mother
20905,21588,father
21247,21588,mother
21035,21589,father
21248,21589,mother
21035,21590,father
21248,21590,mother
21041,21591,father
20975,21591,mother
21041,21592,father
20975,21592,mother
21041,21593,father
20975,21593,mother
21051,21594,father
21249,21594,mother
21051,21595,father
21249,21595,mother
21051,21596,father
21249,21596,mother
20920,21597,father
21250,21597,mother
20920,21598,father
21250,21598,mother
20868,21599,father
21251,21599,mother
20868,21600,father
21251,21600,mother
20929,21601,father
21044,21601,mother
20929,21602,father
21044,21602,mother
20929,21603,father
21044,21603,mother
20895,21604,father
21252,21604,mother
20895,21605,father
21252,21605,mother
21081,21606,father
21254,21606,mother
21081,21607,father
21254,21607,mother
21081,21608,father
21254,21608,mother
21081,21609,father
21254,21609,mother
21025,21610,father
21050,21610,mother
21025,21611,father
21050,21611,mother
21025,21612,father
21050,21612,mother
21025,21613,father
21050,21613,mother
21106,21614,father
21255,21614,mother
21106,21615,father
21255,21615,mother
21106,21616,father
21255,21616,mother
21106,21617,father
21255,21617,mother
20847,21618,father
21256,21618,mother
20847,21619,father
21256,21619,mother
20847,21620,father
21256,21620,mother
21107,21621,father
21257,21621,mother
21107,21622,father
21257,21622,mother
20942,21623,father
20943,21623,mother
20942,21624,father
20943,21624,mother
20942,21625,father
20943,21625,mother
20949,21626,father
21258,21626,mother
20949,21627,father
21258,21627,mother
20949,21628,father
21258,21628,mother
21045,21629,father
20940,21629,mother
21045,21630,father
20940,21630,mother
20933,21631,father
21259,21631,mother
20933,21632,father
21259,21632,mother
21077,21633,father
21260,21633,mother
21077,21634,father
21260,21634,mother
21077,21635,father
21260,21635,mother
20926,21636,father
21097,21636,mother
20926,21637,father
21097,21637,mother
20926,21638,father
21097,21638,mother
20926,21639,father
21097,21639,mother
21005,21640,father
21261,21640,mother
21005,21641,father
21261,21641,mother
21005,21642,father
21261,21642,mother
21127,21643,father
21023,21643,mother
21127,21644,father
21023,21644,mother
21034,21645,father
21262,21645,mother
21034,21646,father
21262,21646,mother
21034,21647,father
21262,21647,mother
20904,21648,father
21263,21648,mother
20904,21649,father
21263,21649,mother
20851,21650,father
21264,21650,mother
20851,21651,father
21264,21651,mother
20851,21652,father
21264,21652,mother
20851,21653,father
21264,21653,mother
21064,21654,father
21265,21654,mother
21064,21655,father
21265,21655,mother
21064,21656,father
21265,21656,mother
21123,21657,father
21267,21657,mother
21123,21658,father
21267,21658,mother
21123,21659,father
21267,21659,mother
20923,21660,father
21032,21660,mother
20923,21661,father
21032,21661,mother
20923,21662,father
21032,21662,mother
20923,21663,father
21032,21663,mother
20976,21664,father
21268,21664,mother
20976,21665,father
21268,21665,mother
20907,21666,father
21269,21666,mother
20907,21667,father
21269,21667,mother
20907,21668,father
21269,21668,mother
20907,21669,father
21269,21669,mother
20951,21670,father
21271,21670,mother
20951,21671,father
21271,21671,mother
20951,21672,father
21271,21672,mother
20951,21673,father
21271,21673,mother
20927,21674,father
21272,21674,mother
20927,21675,father
21272,21675,mother
20927,21676,father
21272,21676,mother
20937,21677,father
21273,21677,mother
20937,21678,father
21273,21678,mother
20937,21679,father
21273,21679,mother
21012,21680,father
21274,21680,mother
21012,21681,father
21274,21681,mother
21090,21682,father
21275,21682,mother
21090,21683,father
21275,21683,mother
21090,21684,father
21275,21684,mother
21338,21868,father
21685,21868,mother
21338,21869,father
21685,21869,mother
21338,21870,father
21685,21870,mother
21338,21871,father
21685,21871,mother
21523,21872,father
21686,21872,mother
21523,21873,father
21686,21873,mother
21635,21874,father
21687,21874,mother
21635,21875,father
21687,21875,mother
21635,21876,father
21687,21876,mother
21486,21877,father
21688,21877,mother
21486,21878,father
21688,21878,mother
21486,21879,father
21688,21879,mother
21431,21880,father
21689,21880,mother
21431,21881,father
21689,21881,mother
21431,21882,father
21689,21882,mother
21431,21883,father
21689,21883,mother
21638,21884,father
21690,21884,mother
21638,21885,father
21690,21885,mother
21638,21886,father
21690,21886,mother
21587,21887,father
21691,21887,mother
21587,21888,father
21691,21888,mother
21587,21889,father
21691,21889,mother
21300,21890,father
21692,21890,mother
21300,21891,father
21692,21891,mother
21300,21892,father
21692,21892,mother
21382,21893,father
21693,21893,mother
21382,21894,father
21693,21894,mother
21382,21895,father
21693,21895,mother
21483,21896,father
21694,21896,mother
21483,21897,father
21694,21897,mother
21284,21898,father
21695,21898,mother
21284,21899,father
21695,21899,mother
21284,21900,father
21695,21900,mother
21515,21901,father
21696,21901,mother
21515,21902,father
21696,21902,mother
21515,21903,father
21696,21903,mother
21515,21904,father
21696,21904,mother
21474,21905,father
21697,21905,mother
21474,21906,father
21697,21906,mother
21474,21907,father
21697,21907,mother
21389,21908,father
21699,21908,mother
21389,21909,father
21699,21909,mother
21389,21910,father
21699,21910,mother
21288,21911,father
21700,21911,mother
21288,21912,father
21700,21912,mother
21288,21913,father
21700,21913,mother
21664,21914,father
21351,21914,mother
21664,21915,father
21351,21915,mother
21672,21916,father
21701,21916,mother
21672,21917,father
21701,21917,mother
21672,21918,father
21701,21918,mother
21672,21919,father
21701,21919,mother
21583,21920,father
21702,21920,mother
21583,21921,father
21702,21921,mother
21583,21922,father
21702,21922,mother
21530,21923,father
21703,21923,mother
21530,21924,father
21703,21924,mother
21658,21925,father
21704,21925,mother
21658,21926,father
21704,21926,mother
21658,21927,father
21704,21927,mother
21536,21928,father
21325,21928,mother
21536,21929,father
21325,21929,mother
21536,21930,father
21325,21930,mother
21543,21931,father
21705,21931,mother
21543,21932,father
21705,21932,mother
21543,21933,father
21705,21933,mother
21599,21934,father
21706,21934,mother
21599,21935,father
21706,21935,mother
21397,21936,father
21708,21936,mother
21397,21937,father
21708,21937,mother
21397,21938,father
21708,21938,mother
21397,21939,father
21708,21939,mother
21497,21940,father
21709,21940,mother
21497,21941,father
21709,21941,mother
21398,21942,father
21710,21942,mother
21398,21943,father
21710,21943,mother
21398,21944,father
21710,21944,mother
21546,21945,father
21712,21945,mother
21546,21946,father
21712,21946,mother
21668,21947,father
21713,21947,mother
21668,21948,father
21713,21948,mother
21517,21949,father
21714,21949,mother
21517,21950,father
21714,21950,mother
21517,21951,father
21714,21951,mother
21346,21952,father
21715,21952,mother
21346,21953,father
21715,21953,mother
21572,21954,father
21716,21954,mother
21572,21955,father
21716,21955,mother
21572,21956,father
21716,21956,mother
21572,21957,father
21716,21957,mother
21508,21958,father
21717,21958,mother
21508,21959,father
21717,21959,mother
21455,21960,father
21718,21960,mother
21455,21961,father
21718,21961,mother
21455,21962,father
21718,21962,mother
21455,21963,father
21718,21963,mother
21555,21964,father
21719,21964,mother
21555,21965,father
21719,21965,mother
21555,21966,father
21719,21966,mother
21555,21967,father
21719,21967,mother
21328,21968,father
21720,21968,mother
21328,21969,father
21720,21969,mother
21328,21970,father
21720,21970,mother
21328,21971,father
21720,21971,mother
21354,21972,father
21721,21972,mother
21354,21973,father
21721,21973,mother
21354,21974,father
21721,21974,mother
21354,21975,father
21721,21975,mother
21429,21976,father
21722,21976,mother
21429,21977,father
21722,21977,mother
21429,21978,father
21722,21978,mother
21429,21979,father
21722,21979,mother
21491,21980,father
21723,21980,mother
21491,21981,father
21723,21981,mother
21491,21982,father
21723,21982,mother
21491,21983,father
21723,21983,mother
21277,21984,father
21724,21984,mother
21277,21985,father
21724,21985,mother
21277,21986,father
21724,21986,mother
21309,21987,father
21725,21987,mother
21309,21988,father
21725,21988,mother
21309,21989,father
21725,21989,mother
21608,21990,father
21726,21990,mother
21608,21991,father
21726,21991,mother
21575,21992,father
21727,21992,mother
21575,21993,father
21727,21993,mother
21575,21994,father
21727,21994,mother
21424,21995,father
21729,21995,mother
21424,21996,father
21729,21996,mother
21570,21997,father
21730,21997,mother
21570,21998,father
21730,21998,mother
21570,21999,father
21730,21999,mother
21570,22000,father
21730,22000,mother
21349,22001,father
21731,22001,mother
21349,22002,father
21731,22002,mother
21349,22003,father
21731,22003,mother
21337,22004,father
21732,22004,mother
21337,22005,father
21732,22005,mother
21337,22006,father
21732,22006,mother
21471,22007,father
21733,22007,mother
21471,22008,father
21733,22008,mother
21471,22009,father
21733,22009,mother
21574,22010,father
21734,22010,mother
21574,22011,father
21734,22011,mother
21427,22012,father
21735,22012,mother
21427,22013,father
21735,22013,mother
21427,22014,father
21735,22014,mother
21499,22015,father
21736,22015,mother
21499,22016,father
21736,22016,mother
21578,22017,father
21737,22017,mother
21578,22018,father
21737,22018,mother
21578,22019,father
21737,22019,mother
21297,22020,father
21416,22020,mother
21297,22021,father
21416,22021,mother
21297,22022,father
21416,22022,mother
21297,22023,father
21416,22023,mother
21641,22024,father
21738,22024,mother
21641,22025,father
21738,22025,mother
21449,22026,father
21739,22026,mother
21449,22027,father
21739,22027,mother
21449,22028,father
21739,22028,mother
21449,22029,father
21739,22029,mother
21645,22030,father
21741,22030,mother
21645,22031,father
21741,22031,mother
21645,22032,father
21741,22032,mother
21285,22033,father
21742,22033,mother
21285,22034,father
21742,22034,mother
21285,22035,father
21742,22035,mother
21285,22036,father
21742,22036,mother
21437,22037,father
21744,22037,mother
21437,22038,father
21744,22038,mother
21437,22039,father
21744,22039,mother
21437,22040,father
21744,22040,mother
21411,22041,father
21745,22041,mother
21411,22042,father
21745,22042,mother
21411,22043,father
21745,22043,mother
21411,22044,father
21745,22044,mother
21283,22045,father
21296,22045,mother
21283,22046,father
21296,22046,mother
21283,22047,father
21296,22047,mother
21443,22048,father
21746,22048,mother
21443,22049,father
21746,22049,mother
21636,22050,father
21747,22050,mother
21636,22051,father
21747,22051,mother
21636,22052,father
21747,22052,mother
21636,22053,father
21747,22053,mother
21675,22054,father
21748,22054,mother
21675,22055,father
21748,22055,mother
21512,22056,father
21749,22056,mother
21512,22057,father
21749,22057,mother
21512,22058,father
21749,22058,mother
21615,22059,father
21750,22059,mother
21615,22060,father
21750,22060,mother
21387,22061,father
21751,22061,mother
21387,22062,father
21751,22062,mother
21387,22063,father
21751,22063,mother
21385,22064,father
21752,22064,mother
21385,22065,father
21752,22065,mother
21450,22066,father
21753,22066,mother
21450,22067,father
21753,22067,mother
21450,22068,father
21753,22068,mother
21581,22069,father
21754,22069,mother
21581,22070,father
21754,22070,mother
21677,22071,father
21755,22071,mother
21677,22072,father
21755,22072,mother
21677,22073,father
21755,22073,mother
21677,22074,father
21755,22074,mother
21334,22075,father
21756,22075,mother
21334,22076,father
21756,22076,mother
21334,22077,father
21756,22077,mother
21408,22078,father
21757,22078,mother
21408,22079,father
21757,22079,mother
21408,22080,father
21757,22080,mother
21405,22081,father
21537,22081,mother
21405,22082,father
21537,22082,mother
21381,22083,father
21758,22083,mother
21381,22084,father
21758,22084,mother
21381,22085,father
21758,22085,mother
21381,22086,father
21758,22086,mother
21388,22087,father
21759,22087,mother
21388,22088,father
21759,22088,mother
21388,22089,father
21759,22089,mother
21388,22090,father
21759,22090,mother
21330,22091,father
21760,22091,mother
21330,22092,father
21760,22092,mother
21650,22093,father
21761,22093,mother
21650,22094,father
21761,22094,mother
21372,22095,father
21762,22095,mother
21372,22096,father
21762,22096,mother
21372,22097,father
21762,22097,mother
21495,22098,father
21542,22098,mother
21495,22099,father
21542,22099,mother
21495,22100,father
21542,22100,mother
21540,22101,father
21620,22101,mother
21540,22102,father
21620,22102,mother
21540,22103,father
21620,22103,mother
21470,22104,father
21764,22104,mother
21470,22105,father
21764,22105,mother
21470,22106,father
21764,22106,mother
21282,22107,father
21765,22107,mother
21282,22108,father
21765,22108,mother
21282,22109,father
21765,22109,mother
21282,22110,father
21765,22110,mother
21500,22111,father
21766,22111,mother
21500,22112,father
21766,22112,mother
21500,22113,father
21766,22113,mother
21500,22114,father
21766,22114,mother
21320,22115,father
21767,22115,mother
21320,22116,father
21767,22116,mother
21320,22117,father
21767,22117,mother
21562,22118,father
21768,22118,mother
21562,22119,father
21768,22119,mother
21562,22120,father
21768,22120,mother
21562,22121,father
21768,22121,mother
21643,22122,father
21769,22122,mother
21643,22123,father
21769,22123,mother
21643,22124,father
21769,22124,mother
21643,22125,father
21769,22125,mother
21549,22126,father
21770,22126,mother
21549,22127,father
21770,22127,mother
21549,22128,father
21770,22128,mother
21492,22129,father
21771,22129,mother
21492,22130,father
21771,22130,mother
21492,22131,father
21771,22131,mother
21492,22132,father
21771,22132,mother
21663,22133,father
21772,22133,mother
21663,22134,father
21772,22134,mother
21663,22135,father
21772,22135,mother
21595,22136,father
21773,22136,mother
21595,22137,father
21773,22137,mother
21595,22138,father
21773,22138,mother
21365,22139,father
21774,22139,mother
21365,22140,father
21774,22140,mother
21316,22141,father
21775,22141,mother
21316,22142,father
21775,22142,mother
21316,22143,father
21775,22143,mother
21316,22144,father
21775,22144,mother
21610,22145,father
21777,22145,mother
21610,22146,father
21777,22146,mother
21610,22147,father
21777,22147,mother
21396,22148,father
21778,22148,mother
21396,22149,father
21778,22149,mother
21396,22150,father
21778,22150,mother
21396,22151,father
21778,22151,mother
21655,22152,father
21779,22152,mother
21655,22153,father
21779,22153,mother
21655,22154,father
21779,22154,mother
21369,22155,father
21781,22155,mother
21369,22156,father
21781,22156,mother
21598,22157,father
21782,22157,mother
21598,22158,father
21782,22158,mother
21598,22159,father
21782,22159,mother
21545,22160,father
21783,22160,mother
21545,22161,father
21783,22161,mother
21545,22162,father
21783,22162,mother
21545,22163,father
21783,22163,mother
21611,22164,father
21784,22164,mother
21611,22165,father
21784,22165,mother
21611,22166,father
21784,22166,mother
21302,22167,father
21785,22167,mother
21302,22168,father
21785,22168,mother
21302,22169,father
21785,22169,mother
21302,22170,father
21785,22170,mother
21421,22171,father
21786,22171,mother
21421,22172,father
21786,22172,mother
21511,22173,father
21787,22173,mother
21511,22174,father
21787,22174,mother
21511,22175,father
21787,22175,mother
21519,22176,father
21789,22176,mother
21519,22177,father
21789,22177,mother
21481,22178,father
21653,22178,mother
21481,22179,father
21653,22179,mother
21526,22180,father
21790,22180,mother
21526,22181,father
21790,22181,mother
21526,22182,father
21790,22182,mother
21585,22183,father
21791,22183,mother
21585,22184,father
21791,22184,mother
21585,22185,father
21791,22185,mother
21312,22186,father
21613,22186,mother
21312,22187,father
21613,22187,mother
21312,22188,father
21613,22188,mother
21312,22189,father
21613,22189,mother
21373,22190,father
21792,22190,mother
21373,22191,father
21792,22191,mother
21373,22192,father
21792,22192,mother
21373,22193,father
21792,22193,mother
21410,22194,father
21793,22194,mother
21410,22195,father
21793,22195,mother
21410,22196,father
21793,22196,mother
21410,22197,father
21793,22197,mother
21452,22198,father
21794,22198,mother
21452,22199,father
21794,22199,mother
21452,22200,father
21794,22200,mother
21375,22201,father
21795,22201,mother
21375,22202,father
21795,22202,mother
21652,22203,father
21796,22203,mother
21652,22204,father
21796,22204,mother
21652,22205,father
21796,22205,mother
21652,22206,father
21796,22206,mother
21403,22207,father
21797,22207,mother
21403,22208,father
21797,22208,mother
21403,22209,father
21797,22209,mother
21469,22210,father
21798,22210,mother
21469,22211,father
21798,22211,mother
21439,22212,father
21799,22212,mother
21439,22213,father
21799,22213,mother
21439,22214,father
21799,22214,mother
21322,22215,father
21800,22215,mother
21322,22216,father
21800,22216,mother
21322,22217,father
21800,22217,mother
21322,22218,father
21800,22218,mother
21630,22219,father
21801,22219,mother
21630,22220,father
21801,22220,mother
21630,22221,father
21801,22221,mother
21566,22222,father
21802,22222,mother
21566,22223,father
21802,22223,mother
21487,22224,father
21803,22224,mother
21487,22225,father
21803,22225,mother
21487,22226,father
21803,22226,mother
21660,22227,father
21804,22227,mother
21660,22228,father
21804,22228,mother
21390,22229,father
21805,22229,mother
21390,22230,father
21805,22230,mother
21390,22231,father
21805,22231,mother
21390,22232,father
21805,22232,mother
21589,22233,father
21807,22233,mother
21589,22234,father
21807,22234,mother
21589,22235,father
21807,22235,mother
21441,22236,father
21378,22236,mother
21441,22237,father
21378,22237,mother
21441,22238,father
21378,22238,mother
21525,22239,father
21809,22239,mother
21525,22240,father
21809,22240,mother
21525,22241,father
21809,22241,mother
21525,22242,father
21809,22242,mother
21601,22243,father
21810,22243,mother
21601,22244,father
21810,22244,mother
21505,22245,father
21293,22245,mother
21505,22246,father
21293,22246,mother
21505,22247,father
21293,22247,mother
21505,22248,father
21293,22248,mother
21627,22249,father
21811,22249,mother
21627,22250,father
21811,22250,mother
21534,22251,father
21812,22251,mother
21534,22252,father
21812,22252,mother
21534,22253,father
21812,22253,mother
21393,22254,father
21813,22254,mother
21393,22255,father
21813,22255,mother
21371,22256,father
21586,22256,mother
21371,22257,father
21586,22257,mother
21460,22258,father
21817,22258,mother
21460,22259,father
21817,22259,mother
21625,22260,father
21818,22260,mother
21625,22261,father
21818,22261,mother
21625,22262,father
21818,22262,mother
21380,22263,father
21819,22263,mother
21380,22264,father
21819,22264,mother
21538,22265,father
21821,22265,mother
21538,22266,father
21821,22266,mother
21538,22267,father
21821,22267,mother
21680,22268,father
21822,22268,mother
21680,22269,father
21822,22269,mother
21680,22270,father
21822,22270,mother
21680,22271,father
21822,22271,mother
21310,22272,father
21823,22272,mother
21310,22273,father
21823,22273,mother
21310,22274,father
21823,22274,mother
21308,22275,father
21824,22275,mother
21308,22276,father
21824,22276,mother
21308,22277,father
21824,22277,mother
21308,22278,father
21824,22278,mother
21550,22279,father
21826,22279,mother
21550,22280,father
21826,22280,mother
21550,22281,father
21826,22281,mother
21428,22282,father
21827,22282,mother
21428,22283,father
21827,22283,mother
21428,22284,father
21827,22284,mother
21648,22285,father
21828,22285,mother
21648,22286,father
21828,22286,mother
21648,22287,father
21828,22287,mother
21559,22288,father
21579,22288,mother
21559,22289,father
21579,22289,mother
21559,22290,father
21579,22290,mother
21341,22291,father
21829,22291,mother
21341,22292,father
21829,22292,mother
21472,22293,father
21830,22293,mother
21472,22294,father
21830,22294,mother
21472,22295,father
21830,22295,mother
21472,22296,father
21830,22296,mother
21622,22297,father
21831,22297,mother
21622,22298,father
21831,22298,mother
21622,22299,father
21831,22299,mother
21315,22300,father
21833,22300,mother
21315,22301,father
21833,22301,mother
21315,22302,father
21833,22302,mother
21461,22303,father
21834,22303,mother
21461,22304,father
21834,22304,mother
21461,22305,father
21834,22305,mother
21609,22306,father
21835,22306,mother
21609,22307,father
21835,22307,mother
21609,22308,father
21835,22308,mother
21609,22309,father
21835,22309,mother
21445,22310,father
21836,22310,mother
21445,22311,father
21836,22311,mother
21445,22312,father
21836,22312,mother
21464,22313,father
21837,22313,mother
21464,22314,father
21837,22314,mother
21464,22315,father
21837,22315,mother
21464,22316,father
21837,22316,mother
21299,22317,father
21838,22317,mother
21299,22318,father
21838,22318,mother
21476,22319,father
21839,22319,mother
21476,22320,father
21839,22320,mother
21476,22321,father
21839,22321,mother
21476,22322,father
21839,22322,mother
21294,22323,father
21840,22323,mother
21294,22324,father
21840,22324,mother
21294,22325,father
21840,22325,mother
21376,22326,father
21841,22326,mother
21376,22327,father
21841,22327,mother
21376,22328,father
21841,22328,mother
21376,22329,father
21841,22329,mother
21353,22330,father
21842,22330,mother
21353,22331,father
21842,22331,mother
21353,22332,father
21842,22332,mother
21356,22333,father
21843,22333,mother
21356,22334,father
21843,22334,mother
21356,22335,father
21843,22335,mother
21356,22336,father
21843,22336,mother
21422,22337,father
21844,22337,mother
21422,22338,father
21844,22338,mother
21422,22339,father
21844,22339,mother
21466,22340,father
21846,22340,mother
21466,22341,father
21846,22341,mother
21466,22342,father
21846,22342,mother
21466,22343,father
21846,22343,mother
21336,22344,father
21847,22344,mother
21336,22345,father
21847,22345,mother
21336,22346,father
21847,22346,mother
21459,22347,father
21848,22347,mother
21459,22348,father
21848,22348,mother
21319,22349,father
21849,22349,mother
21319,22350,father
21849,22350,mother
21319,22351,father
21849,22351,mother
21319,22352,father
21849,22352,mother
21591,22353,father
21850,22353,mother
21591,22354,father
21850,22354,mother
21591,22355,father
21850,22355,mother
21591,22356,father
21850,22356,mother
21432,22357,father
21851,22357,mother
21432,22358,father
21851,22358,mother
21432,22359,father
21851,22359,mother
21279,22360,father
21852,22360,mother
21279,22361,father
21852,22361,mother
21602,22362,father
21854,22362,mother
21602,22363,father
21854,22363,mother
21438,22364,father
21855,22364,mother
21438,22365,father
21855,22365,mother
21438,22366,father
21855,22366,mother
21565,22367,father
21856,22367,mother
21565,22368,father
21856,22368,mother
21565,22369,father
21856,22369,mother
21667,22370,father
21857,22370,mother
21667,22371,father
21857,22371,mother
21667,22372,father
21857,22372,mother
21667,22373,father
21857,22373,mother
21496,22374,father
21858,22374,mother
21496,22375,father
21858,22375,mother
21496,22376,father
21858,22376,mother
21558,22377,father
21859,22377,mother
21558,22378,father
21859,22378,mother
21558,22379,father
21859,22379,mother
21558,22380,father
21859,22380,mother
21619,22381,father
21861,22381,mother
21619,22382,father
21861,22382,mother
21619,22383,father
21861,22383,mother
21619,22384,father
21861,22384,mother
21477,22385,father
21862,22385,mother
21477,22386,father
21862,22386,mother
21477,22387,father
21862,22387,mother
21561,22388,father
21863,22388,mother
21561,22389,father
21863,22389,mother
21561,22390,father
21863,22390,mother
21657,22391,father
21864,22391,mother
21657,22392,father
21864,22392,mother
21657,22393,father
21864,22393,mother
21447,22394,father
21865,22394,mother
21447,22395,father
21865,22395,mother
21447,22396,father
21865,22396,mother
21467,22397,father
21866,22397,mother
21467,22398,father
21866,22398,mother
21676,22399,father
21867,22399,mother
21676,22400,father
21867,22400,mother
21676,22401,father
21867,22401,mother
21676,22402,father
21867,22402,mother
22001,22644,father
21872,22644,mother
22001,22645,father
21872,22645,mother
22100,22646,father
22404,22646,mother
22100,22647,father
22404,22647,mother
22100,22648,father
22404,22648,mother
22100,22649,father
22404,22649,mother
21969,22650,father
22405,22650,mother
21969,22651,father
22405,22651,mother
22167,22652,father
22406,22652,mother
22167,22653,father
22406,22653,mother
22114,22654,father
22115,22654,mother
22114,22655,father
22115,22655,mother
22114,22656,father
22115,22656,mother
21895,22657,father
22407,22657,mother
21895,22658,father
22407,22658,mother
21895,22659,father
22407,22659,mother
21895,22660,father
22407,22660,mother
22216,22661,father
22408,22661,mother
22216,22662,father
22408,22662,mother
22216,22663,father
22408,22663,mother
22216,22664,father
22408,22664,mother
22231,22665,father
22409,22665,mother
22231,22666,father
22409,22666,mother
22231,22667,father
22409,22667,mother
22231,22668,father
22409,22668,mother
22049,22669,father
22412,22669,mother
22049,22670,father
22412,22670,mother
22049,22671,father
22412,22671,mother
22049,22672,father
22412,22672,mother
22354,22673,father
22413,22673,mother
22354,22674,father
22413,22674,mother
22143,22675,father
22414,22675,mother
22143,22676,father
22414,22676,mother
22197,22677,father
22415,22677,mother
22197,22678,father
22415,22678,mother
22197,22679,father
22415,22679,mother
22213,22680,father
22416,22680,mother
22213,22681,father
22416,22681,mother
22033,22682,father
22381,22682,mother
22033,22683,father
22381,22683,mother
22033,22684,father
22381,22684,mother
22033,22685,father
22381,22685,mother
22030,22686,father
22279,22686,mother
22030,22687,father
22279,22687,mother
22360,22688,father
22418,22688,mother
22360,22689,father
22418,22689,mother
22360,22690,father
22418,22690,mother
21997,22691,father
22419,22691,mother
21997,22692,father
22419,22692,mother
21997,22693,father
22419,22693,mother
21997,22694,father
22419,22694,mother
22168,22695,father
22420,22695,mother
22168,22696,father
22420,22696,mother
22168,22697,father
22420,22697,mother
22260,22698,father
22421,22698,mother
22260,22699,father
22421,22699,mother
22260,22700,father
22421,22700,mother
22260,22701,father
22421,22701,mother
21886,22702,father
22422,22702,mother
21886,22703,father
22422,22703,mother
21886,22704,father
22422,22704,mother
21886,22705,father
22422,22705,mother
22308,22706,father
22423,22706,mother
22308,22707,father
22423,22707,mother
22308,22708,father
22423,22708,mother
22090,22709,father
22424,22709,mother
22090,22710,father
22424,22710,mother
22090,22711,father
22424,22711,mother
22241,22712,father
22068,22712,mother
22241,22713,father
22068,22713,mother
22241,22714,father
22068,22714,mother
22349,22715,father
22425,22715,mother
22349,22716,father
22425,22716,mother
22349,22717,father
22425,22717,mother
22349,22718,father
22425,22718,mother
22196,22719,father
22426,22719,mother
22196,22720,father
22426,22720,mother
22175,22721,father
22427,22721,mother
22175,22722,father
22427,22722,mother
22175,22723,father
22427,22723,mother
22175,22724,father
22427,22724,mother
21924,22725,father
22428,22725,mother
21924,22726,father
22428,22726,mother
21924,22727,father
22428,22727,mother
21924,22728,father
22428,22728,mother
22116,22729,father
22429,22729,mother
22116,22730,father
22429,22730,mother
22295,22731,father
22430,22731,mother
22295,22732,father
22430,22732,mother
22295,22733,father
22430,22733,mother
22073,22734,father
22431,22734,mother
22073,22735,father
22431,22735,mother
22073,22736,father
22431,22736,mother
22378,22737,father
22434,22737,mother
22378,22738,father
22434,22738,mother
22378,22739,father
22434,22739,mother
22378,22740,father
22434,22740,mother
22078,22741,father
22435,22741,mother
22078,22742,father
22435,22742,mother
21877,22743,father
22436,22743,mother
21877,22744,father
22436,22744,mother
21869,22745,father
22437,22745,mother
21869,22746,father
22437,22746,mother
21869,22747,father
22437,22747,mother
21888,22748,father
22438,22748,mother
21888,22749,father
22438,22749,mother
22237,22750,father
22439,22750,mother
22237,22751,father
22439,22751,mother
22237,22752,father
22439,22752,mother
22013,22753,father
22219,22753,mother
22013,22754,father
22219,22754,mother
22013,22755,father
22219,22755,mother
22330,22756,father
22440,22756,mother
22330,22757,father
22440,22757,mother
22330,22758,father
22440,22758,mother
22330,22759,father
22440,22759,mother
22120,22760,father
22441,22760,mother
22120,22761,father
22441,22761,mother
22193,22762,father
22443,22762,mother
22193,22763,father
22443,22763,mother
22193,22764,father
22443,22764,mother
21937,22765,father
22444,22765,mother
21937,22766,father
22444,22766,mother
21962,22767,father
22445,22767,mother
21962,22768,father
22445,22768,mother
21962,22769,father
22445,22769,mother
21962,22770,father
22445,22770,mother
21976,22771,father
22446,22771,mother
21976,22772,father
22446,22772,mother
21976,22773,father
22446,22773,mother
21976,22774,father
22446,22774,mother
21994,22775,father
22448,22775,mother
21994,22776,father
22448,22776,mother
21994,22777,father
22448,22777,mother
21994,22778,father
22448,22778,mother
22145,22779,father
22449,22779,mother
22145,22780,father
22449,22780,mother
21901,22781,father
22450,22781,mother
21901,22782,father
22450,22782,mother
22190,22783,father
22451,22783,mother
22190,22784,father
22451,22784,mother
22190,22785,father
22451,22785,mother
22365,22786,father
22452,22786,mother
22365,22787,father
22452,22787,mother
22365,22788,father
22452,22788,mother
22281,22789,father
22453,22789,mother
22281,22790,father
22453,22790,mother
22281,22791,father
22453,22791,mother
22281,22792,father
22453,22792,mother
21892,22793,father
22454,22793,mother
21892,22794,father
22454,22794,mother
21892,22795,father
22454,22795,mother
21966,22796,father
22456,22796,mother
21966,22797,father
22456,22797,mother
21966,22798,father
22456,22798,mother
21966,22799,father
22456,22799,mother
22307,22800,father
22457,22800,mother
22307,22801,father
22457,22801,mother
22307,22802,father
22457,22802,mother
21999,22803,father
22458,22803,mother
21999,22804,father
22458,22804,mother
21999,22805,father
22458,22805,mother
21999,22806,father
22458,22806,mother
22250,22807,father
22459,22807,mother
22250,22808,father
22459,22808,mother
22250,22809,father
22459,22809,mother
22250,22810,father
22459,22810,mother
22370,22811,father
22461,22811,mother
22370,22812,father
22461,22812,mother
22370,22813,father
22461,22813,mother
22270,22814,father
22462,22814,mother
22270,22815,father
22462,22815,mother
22270,22816,father
22462,22816,mother
22217,22817,father
22138,22817,mother
22217,22818,father
22138,22818,mother
22217,22819,father
22138,22819,mother
22217,22820,father
22138,22820,mother
22347,22821,father
22463,22821,mother
22347,22822,father
22463,22822,mother
22137,22823,father
22465,22823,mother
22137,22824,father
22465,22824,mother
22137,22825,father
22465,22825,mother
22137,22826,father
22465,22826,mother
22127,22827,father
22466,22827,mother
22127,22828,father
22466,22828,mother
22127,22829,father
22466,22829,mother
21935,22830,father
22467,22830,mother
21935,22831,father
22467,22831,mother
21935,22832,father
22467,22832,mother
22280,22833,father
22469,22833,mother
22280,22834,father
22469,22834,mother
22280,22835,father
22469,22835,mother
22031,22836,father
22470,22836,mother
22031,22837,father
22470,22837,mother
22031,22838,father
22470,22838,mother
21983,22839,father
22471,22839,mother
21983,22840,father
22471,22840,mother
21983,22841,father
22471,22841,mother
22008,22842,father
22473,22842,mother
22008,22843,father
22473,22843,mother
22008,22844,father
22473,22844,mother
22025,22845,father
22474,22845,mother
22025,22846,father
22474,22846,mother
22025,22847,father
22474,22847,mother
22025,22848,father
22474,22848,mother
22316,22849,father
22475,22849,mother
22316,22850,father
22475,22850,mother
22286,22851,father
22476,22851,mother
22286,22852,father
22476,22852,mother
22286,22853,father
22476,22853,mother
22286,22854,father
22476,22854,mother
22061,22855,father
22477,22855,mother
22061,22856,father
22477,22856,mother
22123,22857,father
22478,22857,mother
22123,22858,father
22478,22858,mother
22155,22859,father
22479,22859,mother
22155,22860,father
22479,22860,mother
22155,22861,father
22479,22861,mother
22155,22862,father
22479,22862,mother
22338,22863,father
22480,22863,mother
22338,22864,father
22480,22864,mother
22338,22865,father
22480,22865,mother
22161,22866,father
22481,22866,mother
22161,22867,father
22481,22867,mother
22161,22868,father
22481,22868,mother
22161,22869,father
22481,22869,mother
22038,22870,father
22482,22870,mother
22038,22871,father
22482,22871,mother
22366,22872,father
22484,22872,mother
22366,22873,father
22484,22873,mother
22121,22874,father
22485,22874,mother
22121,22875,father
22485,22875,mother
22121,22876,father
22485,22876,mother
22121,22877,father
22485,22877,mother
22289,22878,father
22486,22878,mother
22289,22879,father
22486,22879,mother
22041,22880,father
22487,22880,mother
22041,22881,father
22487,22881,mother
22041,22882,father
22487,22882,mother
22377,22883,father
22488,22883,mother
22377,22884,father
22488,22884,mother
22377,22885,father
22488,22885,mother
22377,22886,father
22488,22886,mother
21998,22887,father
22489,22887,mother
21998,22888,father
22489,22888,mother
21998,22889,father
22489,22889,mother
22271,22890,father
22490,22890,mother
22271,22891,father
22490,22891,mother
22271,22892,father
22490,22892,mother
22271,22893,father
22490,22893,mother
22300,22894,father
22491,22894,mother
22300,22895,father
22491,22895,mother
22291,22896,father
22492,22896,mother
22291,22897,father
22492,22897,mother
22291,22898,father
22492,22898,mother
22400,22899,father
22493,22899,mother
22400,22900,father
22493,22900,mother
22400,22901,father
22493,22901,mother
22400,22902,father
22493,22902,mother
22285,22903,father
22494,22903,mother
22285,22904,father
22494,22904,mother
22285,22905,father
22494,22905,mother
21881,22906,father
22495,22906,mother
21881,22907,father
22495,22907,mother
21881,22908,father
22495,22908,mother
21881,22909,father
22495,22909,mother
22034,22910,father
22496,22910,mother
22034,22911,father
22496,22911,mother
22139,22912,father
22299,22912,mother
22139,22913,father
22299,22913,mother
22139,22914,father
22299,22914,mother
22139,22915,father
22299,22915,mother
22081,22916,father
22497,22916,mother
22081,22917,father
22497,22917,mother
22081,22918,father
22497,22918,mother
22081,22919,father
22497,22919,mother
21878,22920,father
22227,22920,mother
21878,22921,father
22227,22921,mother
21878,22922,father
22227,22922,mother
22188,22923,father
22498,22923,mother
22188,22924,father
22498,22924,mother
22188,22925,father
22498,22925,mother
22188,22926,father
22498,22926,mother
22388,22927,father
22499,22927,mother
22388,22928,father
22499,22928,mother
22388,22929,father
22499,22929,mother
22006,22930,father
22500,22930,mother
22006,22931,father
22500,22931,mother
22006,22932,father
22500,22932,mother
21930,22933,father
22501,22933,mother
21930,22934,father
22501,22934,mother
21930,22935,father
22501,22935,mother
22344,22936,father
22502,22936,mother
22344,22937,father
22502,22937,mother
21981,22938,father
22503,22938,mother
21981,22939,father
22503,22939,mother
21981,22940,father
22503,22940,mother
21986,22941,father
22104,22941,mother
21986,22942,father
22104,22942,mother
21986,22943,father
22104,22943,mother
21986,22944,father
22104,22944,mother
22236,22945,father
22504,22945,mother
22236,22946,father
22504,22946,mother
22236,22947,father
22504,22947,mother
22236,22948,father
22504,22948,mother
22105,22949,father
22505,22949,mother
22105,22950,father
22505,22950,mother
22105,22951,father
22505,22951,mother
22105,22952,father
22505,22952,mother
22088,22953,father
22506,22953,mother
22088,22954,father
22506,22954,mother
21875,22955,father
22507,22955,mother
21875,22956,father
22507,22956,mother
21875,22957,father
22507,22957,mother
21875,22958,father
22507,22958,mother
22153,22959,father
22508,22959,mother
22153,22960,father
22508,22960,mother
22153,22961,father
22508,22961,mother
22153,22962,father
22508,22962,mother
22284,22963,father
22509,22963,mother
22284,22964,father
22509,22964,mother
22375,22965,father
22510,22965,mother
22375,22966,father
22510,22966,mother
22022,22967,father
22512,22967,mother
22022,22968,father
22512,22968,mother
22022,22969,father
22512,22969,mother
22022,22970,father
22512,22970,mother
22151,22971,father
22513,22971,mother
22151,22972,father
22513,22972,mother
22151,22973,father
22513,22973,mother
22226,22974,father
22514,22974,mother
22226,22975,father
22514,22975,mother
22226,22976,father
22514,22976,mother
22162,22977,father
22070,22977,mother
22162,22978,father
22070,22978,mother
22162,22979,father
22070,22979,mother
22162,22980,father
22070,22980,mother
22084,22981,father
21971,22981,mother
22084,22982,father
21971,22982,mother
22084,22983,father
21971,22983,mother
21873,22984,father
22517,22984,mother
21873,22985,father
22517,22985,mother
22395,22986,father
22225,22986,mother
22395,22987,father
22225,22987,mother
22327,22988,father
22311,22988,mother
22327,22989,father
22311,22989,mother
22327,22990,father
22311,22990,mother
22327,22991,father
22311,22991,mother
22245,22992,father
22519,22992,mother
22245,22993,father
22519,22993,mother
22245,22994,father
22519,22994,mother
22264,22995,father
22065,22995,mother
22264,22996,father
22065,22996,mother
22264,22997,father
22065,22997,mother
22264,22998,father
22065,22998,mother
22242,22999,father
22147,22999,mother
22242,23000,father
22147,23000,mother
22242,23001,father
22147,23001,mother
22195,23002,father
22521,23002,mother
22195,23003,father
22521,23003,mother
22195,23004,father
22521,23004,mother
22322,23005,father
22522,23005,mother
22322,23006,father
22522,23006,mother
22322,23007,father
22522,23007,mother
22386,23008,father
22523,23008,mother
22386,23009,father
22523,23009,mother
22386,23010,father
22523,23010,mother
22386,23011,father
22523,23011,mother
22233,23012,father
22249,23012,mother
22233,23013,father
22249,23013,mother
21894,23014,father
22525,23014,mother
21894,23015,father
22525,23015,mother
21871,23016,father
21926,23016,mother
21871,23017,father
21926,23017,mother
22340,23018,father
22527,23018,mother
22340,23019,father
22527,23019,mother
22324,23020,father
22528,23020,mother
22324,23021,father
22528,23021,mother
22324,23022,father
22528,23022,mother
21904,23023,father
22529,23023,mother
21904,23024,father
22529,23024,mother
21904,23025,father
22529,23025,mother
21904,23026,father
22529,23026,mother
22398,23027,father
22530,23027,mother
22398,23028,father
22530,23028,mother
22398,23029,father
22530,23029,mother
22398,23030,father
22530,23030,mother
22118,23031,father
22531,23031,mother
22118,23032,father
22531,23032,mother
22118,23033,father
22531,23033,mother
22118,23034,father
22531,23034,mother
22323,23035,father
22532,23035,mother
22323,23036,father
22532,23036,mother
22323,23037,father
22532,23037,mother
22023,23038,father
22533,23038,mother
22023,23039,father
22533,23039,mother
22023,23040,father
22533,23040,mother
22205,23041,father
22015,23041,mother
22205,23042,father
22015,23042,mother
22205,23043,father
22015,23043,mother
22205,23044,father
22015,23044,mother
22335,23045,father
22077,23045,mother
22335,23046,father
22077,23046,mother
22335,23047,father
22077,23047,mother
22201,23048,father
21887,23048,mother
22201,23049,father
21887,23049,mother
22201,23050,father
21887,23050,mother
21949,23051,father
22111,23051,mother
21949,23052,father
22111,23052,mother
21949,23053,father
22111,23053,mother
21949,23054,father
22111,23054,mother
22359,23055,father
22534,23055,mother
22359,23056,father
22534,23056,mother
22359,23057,father
22534,23057,mother
22359,23058,father
22534,23058,mother
21965,23059,father
22535,23059,mother
21965,23060,father
22535,23060,mother
21965,23061,father
22535,23061,mother
21907,23062,father
22536,23062,mother
21907,23063,father
22536,23063,mother
21907,23064,father
22536,23064,mother
21988,23065,father
22537,23065,mother
21988,23066,father
22537,23066,mother
22207,23067,father
22538,23067,mother
22207,23068,father
22538,23068,mother
22207,23069,father
22538,23069,mother
22207,23070,father
22538,23070,mother
22142,23071,father
22539,23071,mother
22142,23072,father
22539,23072,mother
22142,23073,father
22539,23073,mother
22373,23074,father
22540,23074,mother
22373,23075,father
22540,23075,mother
22373,23076,father
22540,23076,mother
22390,23077,father
22541,23077,mother
22390,23078,father
22541,23078,mother
22390,23079,father
22541,23079,mother
22390,23080,father
22541,23080,mother
22017,23081,father
22148,23081,mother
22017,23082,father
22148,23082,mother
21915,23083,father
22542,23083,mother
21915,23084,father
22542,23084,mother
21915,23085,father
22542,23085,mother
22043,23086,father
22543,23086,mother
22043,23087,father
22543,23087,mother
22045,23088,father
22545,23088,mother
22045,23089,father
22545,23089,mother
22045,23090,father
22545,23090,mother
22117,23091,father
22546,23091,mother
22117,23092,father
22546,23092,mother
22089,23093,father
22547,23093,mother
22089,23094,father
22547,23094,mother
22320,23095,father
22379,23095,mother
22320,23096,father
22379,23096,mother
22320,23097,father
22379,23097,mother
22320,23098,father
22379,23098,mother
22393,23099,father
22548,23099,mother
22393,23100,father
22548,23100,mother
22393,23101,father
22548,23101,mother
22036,23102,father
22549,23102,mother
22036,23103,father
22549,23103,mother
22058,23104,father
22550,23104,mother
22058,23105,father
22550,23105,mother
22058,23106,father
22550,23106,mother
22058,23107,father
22550,23107,mother
21987,23108,father
22551,23108,mother
21987,23109,father
22551,23109,mother
21987,23110,father
22551,23110,mother
22276,23111,father
22552,23111,mother
22276,23112,father
22552,23112,mother
22276,23113,father
22552,23113,mother
22276,23114,father
22552,23114,mother
22211,23115,father
22553,23115,mother
22211,23116,father
22553,23116,mother
22396,23117,father
22554,23117,mother
22396,23118,father
22554,23118,mother
22396,23119,father
22554,23119,mother
22269,23120,father
22555,23120,mother
22269,23121,father
22555,23121,mother
22053,23122,father
22556,23122,mother
22053,23123,father
22556,23123,mother
22053,23124,father
22556,23124,mother
22053,23125,father
22556,23125,mother
21920,23126,father
22218,23126,mother
21920,23127,father
22218,23127,mother
22180,23128,father
22557,23128,mother
22180,23129,father
22557,23129,mother
22179,23130,father
22558,23130,mother
22179,23131,father
22558,23131,mother
22159,23132,father
22559,23132,mother
22159,23133,father
22559,23133,mother
22159,23134,father
22559,23134,mother
22230,23135,father
22258,23135,mother
22230,23136,father
22258,23136,mother
21910,23137,father
22561,23137,mother
21910,23138,father
22561,23138,mother
21910,23139,father
22561,23139,mother
22014,23140,father
22562,23140,mother
22014,23141,father
22562,23141,mother
22014,23142,father
22562,23142,mother
22029,23143,father
22563,23143,mother
22029,23144,father
22563,23144,mother
22029,23145,father
22563,23145,mother
22367,23146,father
22564,23146,mother
22367,23147,father
22564,23147,mother
22200,23148,father
22565,23148,mother
22200,23149,father
22565,23149,mother
22200,23150,father
22565,23150,mother
22296,23151,father
22566,23151,mother
22296,23152,father
22566,23152,mother
22296,23153,father
22566,23153,mother
22067,23154,father
22567,23154,mother
22067,23155,father
22567,23155,mother
22067,23156,father
22567,23156,mother
22093,23157,father
22568,23157,mother
22093,23158,father
22568,23158,mother
22158,23159,father
22570,23159,mother
22158,23160,father
22570,23160,mother
22158,23161,father
22570,23161,mother
22189,23162,father
22571,23162,mother
22189,23163,father
22571,23163,mother
22189,23164,father
22571,23164,mother
21943,23165,father
22572,23165,mother
21943,23166,father
22572,23166,mother
21943,23167,father
22572,23167,mother
22181,23168,father
22575,23168,mother
22181,23169,father
22575,23169,mother
22181,23170,father
22575,23170,mother
22181,23171,father
22575,23171,mother
22301,23172,father
22576,23172,mother
22301,23173,father
22576,23173,mother
22288,23174,father
22577,23174,mother
22288,23175,father
22577,23175,mother
22064,23176,father
22578,23176,mother
22064,23177,father
22578,23177,mother
22064,23178,father
22578,23178,mother
22353,23179,father
22579,23179,mother
22353,23180,father
22579,23180,mother
21939,23181,father
22580,23181,mother
21939,23182,father
22580,23182,mother
21939,23183,father
22580,23183,mother
21939,23184,father
22580,23184,mother
22402,23185,father
22581,23185,mother
22402,23186,father
22581,23186,mother
22402,23187,father
22581,23187,mother
22402,23188,father
22581,23188,mother
22059,23189,father
22582,23189,mother
22059,23190,father
22582,23190,mother
22059,23191,father
22582,23191,mother
22059,23192,father
22582,23192,mother
22380,23193,father
22583,23193,mother
22380,23194,father
22583,23194,mother
22380,23195,father
22583,23195,mother
22380,23196,father
22583,23196,mother
22223,23197,father
22584,23197,mother
22223,23198,father
22584,23198,mother
22223,23199,father
22584,23199,mother
22223,23200,father
22584,23200,mother
22334,23201,father
22585,23201,mother
22334,23202,father
22585,23202,mother
22165,23203,father
22586,23203,mother
22165,23204,father
22586,23204,mother
22346,23205,father
22587,23205,mother
22346,23206,father
22587,23206,mother
22346,23207,father
22587,23207,mother
22164,23208,father
22589,23208,mother
22164,23209,father
22589,23209,mother
22265,23210,father
22590,23210,mother
22265,23211,father
22590,23211,mother
22265,23212,father
22590,23212,mother
22265,23213,father
22590,23213,mother
22141,23214,father
22591,23214,mother
22141,23215,father
22591,23215,mother
22141,23216,father
22591,23216,mother
22083,23217,father
21923,23217,mother
22083,23218,father
21923,23218,mother
21985,23219,father
22592,23219,mother
21985,23220,father
22592,23220,mother
21985,23221,father
22592,23221,mother
21925,23222,father
22593,23222,mother
21925,23223,father
22593,23223,mother
21925,23224,father
22593,23224,mother
22350,23225,father
22594,23225,mother
22350,23226,father
22594,23226,mother
22350,23227,father
22594,23227,mother
22350,23228,father
22594,23228,mother
21938,23229,father
22595,23229,mother
21938,23230,father
22595,23230,mother
21896,23231,father
22597,23231,mother
21896,23232,father
22597,23232,mother
22273,23233,father
22598,23233,mother
22273,23234,father
22598,23234,mother
22273,23235,father
22598,23235,mother
22273,23236,father
22598,23236,mother
22255,23237,father
22599,23237,mother
22255,23238,father
22599,23238,mother
22255,23239,father
22599,23239,mother
22098,23240,father
22362,23240,mother
22098,23241,father
22362,23241,mother
22098,23242,father
22362,23242,mother
22132,23243,father
22600,23243,mother
22132,23244,father
22600,23244,mother
22132,23245,father
22600,23245,mother
22132,23246,father
22600,23246,mother
22204,23247,father
22601,23247,mother
22204,23248,father
22601,23248,mother
22027,23249,father
22602,23249,mother
22027,23250,father
22602,23250,mother
22027,23251,father
22602,23251,mother
22183,23252,father
22603,23252,mother
22183,23253,father
22603,23253,mother
22183,23254,father
22603,23254,mother
22042,23255,father
22605,23255,mother
22042,23256,father
22605,23256,mother
22057,23257,father
22607,23257,mother
22057,23258,father
22607,23258,mother
22016,23259,father
22608,23259,mother
22016,23260,father
22608,23260,mother
22016,23261,father
22608,23261,mother
22310,23262,father
22609,23262,mother
22310,23263,father
22609,23263,mother
22177,23264,father
22610,23264,mother
22177,23265,father
22610,23265,mother
22177,23266,father
22610,23266,mother
22026,23267,father
22611,23267,mother
22026,23268,father
22611,23268,mother
22246,23269,father
22612,23269,mother
22246,23270,father
22612,23270,mother
22246,23271,father
22612,23271,mother
22232,23272,father
22613,23272,mother
22232,23273,father
22613,23273,mother
22146,23274,father
22035,23274,mother
22146,23275,father
22035,23275,mother
22146,23276,father
22035,23276,mother
22146,23277,father
22035,23277,mother
22069,23278,father
22614,23278,mother
22069,23279,father
22614,23279,mother
22069,23280,father
22614,23280,mother
22069,23281,father
22614,23281,mother
21891,23282,father
22198,23282,mother
21891,23283,father
22198,23283,mother
21891,23284,father
22198,23284,mother
21891,23285,father
22198,23285,mother
21922,23286,father
22615,23286,mother
21922,23287,father
22615,23287,mother
21951,23288,father
22616,23288,mother
21951,23289,father
22616,23289,mother
21951,23290,father
22616,23290,mother
21951,23291,father
22616,23291,mother
22382,23292,father
22617,23292,mother
22382,23293,father
22617,23293,mother
22382,23294,father
22617,23294,mother
22382,23295,father
22617,23295,mother
22357,23296,father
22618,23296,mother
22357,23297,father
22618,23297,mother
22357,23298,father
22618,23298,mother
22261,23299,father
22619,23299,mother
22261,23300,father
22619,23300,mother
22261,23301,father
22619,23301,mother
22261,23302,father
22619,23302,mother
22113,23303,father
22620,23303,mother
22113,23304,father
22620,23304,mother
22113,23305,father
22620,23305,mother
22343,23306,father
22621,23306,mother
22343,23307,father
22621,23307,mother
22343,23308,father
22621,23308,mother
22343,23309,father
22621,23309,mother
22072,23310,father
22622,23310,mother
22072,23311,father
22622,23311,mother
22072,23312,father
22622,23312,mother
21889,23313,father
22199,23313,mother
21889,23314,father
22199,23314,mother
21889,23315,father
22199,23315,mother
21889,23316,father
22199,23316,mother
22160,23317,father
22623,23317,mother
22160,23318,father
22623,23318,mother
22160,23319,father
22623,23319,mother
22160,23320,father
22623,23320,mother
21918,23321,father
22624,23321,mother
21918,23322,father
22624,23322,mother
21918,23323,father
22624,23323,mother
21883,23324,father
22625,23324,mother
21883,23325,father
22625,23325,mother
21883,23326,father
22625,23326,mother
21883,23327,father
22625,23327,mother
21980,23328,father
22626,23328,mother
21980,23329,father
22626,23329,mother
21980,23330,father
22626,23330,mother
22251,23331,father
22627,23331,mother
22251,23332,father
22627,23332,mother
22251,23333,father
22627,23333,mother
21899,23334,father
22024,23334,mother
21899,23335,father
22024,23335,mother
21899,23336,father
22024,23336,mother
21899,23337,father
22024,23337,mother
22169,23338,father
22628,23338,mother
22169,23339,father
22628,23339,mother
22169,23340,father
22628,23340,mother
22169,23341,father
22628,23341,mother
22332,23342,father
22629,23342,mother
22332,23343,father
22629,23343,mother
22332,23344,father
22629,23344,mother
22079,23345,father
22630,23345,mother
22079,23346,father
22630,23346,mother
22079,23347,father
22630,23347,mother
22079,23348,father
22630,23348,mother
22298,23349,father
22631,23349,mother
22298,23350,father
22631,23350,mother
22298,23351,father
22631,23351,mother
22220,23352,father
22632,23352,mother
22220,23353,father
22632,23353,mother
21931,23354,father
22633,23354,mother
21931,23355,father
22633,23355,mother
21931,23356,father
22633,23356,mother
21931,23357,father
22633,23357,mother
21992,23358,father
22130,23358,mother
21992,23359,father
22130,23359,mother
22318,23360,father
22634,23360,mother
22318,23361,father
22634,23361,mother
22318,23362,father
22634,23362,mother
22152,23363,father
22635,23363,mother
22152,23364,father
22635,23364,mother
22152,23365,father
22635,23365,mother
22152,23366,father
22635,23366,mother
22055,23367,father
22637,23367,mother
22055,23368,father
22637,23368,mother
22055,23369,father
22637,23369,mother
22363,23370,father
22639,23370,mother
22363,23371,father
22639,23371,mother
21978,23372,father
21898,23372,mother
21978,23373,father
21898,23373,mother
21995,23374,father
22641,23374,mother
21995,23375,father
22641,23375,mother
21995,23376,father
22641,23376,mother
22253,23377,father
22642,23377,mother
22253,23378,father
22642,23378,mother
22253,23379,father
22642,23379,mother
22253,23380,father
22642,23380,mother
22149,23381,father
22643,23381,mother
22149,23382,father
22643,23382,mother
22149,23383,father
22643,23383,mother
22896,23713,father
23384,23713,mother
22896,23714,father
23384,23714,mother
22896,23715,father
23384,23715,mother
22896,23716,father
23384,23716,mother
23058,23717,father
23385,23717,mother
23058,23718,father
23385,23718,mother
23058,23719,father
23385,23719,mother
23079,23720,father
22931,23720,mother
23079,23721,father
22931,23721,mother
23079,23722,father
22931,23722,mother
23079,23723,father
22931,23723,mother
23153,23724,father
23389,23724,mother
23153,23725,father
23389,23725,mother
23153,23726,father
23389,23726,mother
23153,23727,father
23389,23727,mother
23240,23728,father
23390,23728,mother
23240,23729,father
23390,23729,mother
23240,23730,father
23390,23730,mother
23240,23731,father
23390,23731,mother
22786,23732,father
23391,23732,mother
22786,23733,father
23391,23733,mother
22786,23734,father
23391,23734,mother
22786,23735,father
23391,23735,mother
23250,23736,father
23336,23736,mother
23250,23737,father
23336,23737,mother
22742,23738,father
23393,23738,mother
22742,23739,father
23393,23739,mother
22702,23740,father
23395,23740,mother
22702,23741,father
23395,23741,mother
22702,23742,father
23395,23742,mother
22702,23743,father
23395,23743,mother
23060,23744,father
23396,23744,mother
23060,23745,father
23396,23745,mother
23350,23746,father
23397,23746,mother
23350,23747,father
23397,23747,mother
23350,23748,father
23397,23748,mother
23254,23749,father
23398,23749,mother
23254,23750,father
23398,23750,mother
22667,23751,father
22923,23751,mother
22667,23752,father
22923,23752,mother
22667,23753,father
22923,23753,mother
22667,23754,father
22923,23754,mother
23237,23755,father
23400,23755,mother
23237,23756,father
23400,23756,mother
23288,23757,father
23067,23757,mother
23288,23758,father
23067,23758,mother
23288,23759,father
23067,23759,mother
23288,23760,father
23067,23760,mother
23206,23761,father
23402,23761,mother
23206,23762,father
23402,23762,mother
23243,23763,father
23403,23763,mother
23243,23764,father
23403,23764,mother
23243,23765,father
23403,23765,mother
22655,23766,father
23404,23766,mother
22655,23767,father
23404,23767,mother
22815,23768,father
23405,23768,mother
22815,23769,father
23405,23769,mother
22815,23770,father
23405,23770,mother
22815,23771,father
23405,23771,mother
22766,23772,father
23407,23772,mother
22766,23773,father
23407,23773,mother
22766,23774,father
23407,23774,mother
22766,23775,father
23407,23775,mother
22968,23776,father
23161,23776,mother
22968,23777,father
23161,23777,mother
22968,23778,father
23161,23778,mother
23298,23779,father
23408,23779,mother
23298,23780,father
23408,23780,mother
23042,23781,father
23329,23781,mother
23042,23782,father
23329,23782,mother
23042,23783,father
23329,23783,mother
23042,23784,father
23329,23784,mother
22830,23785,father
23409,23785,mother
22830,23786,father
23409,23786,mother
22830,23787,father
23409,23787,mother
22767,23788,father
23410,23788,mother
22767,23789,father
23410,23789,mother
23360,23790,father
23411,23790,mother
23360,23791,father
23411,23791,mother
23360,23792,father
23411,23792,mother
23360,23793,father
23411,23793,mother
23106,23794,father
23412,23794,mother
23106,23795,father
23412,23795,mother
23348,23796,father
23413,23796,mother
23348,23797,father
23413,23797,mother
23056,23798,father
23414,23798,mother
23056,23799,father
23414,23799,mother
23010,23800,father
23415,23800,mother
23010,23801,father
23415,23801,mother
23010,23802,father
23415,23802,mother
23010,23803,father
23415,23803,mother
23212,23804,father
23416,23804,mother
23212,23805,father
23416,23805,mother
23212,23806,father
23416,23806,mother
23212,23807,father
23416,23807,mother
22997,23808,father
23417,23808,mother
22997,23809,father
23417,23809,mother
22757,23810,father
23418,23810,mother
22757,23811,father
23418,23811,mother
22757,23812,father
23418,23812,mother
22776,23813,father
23419,23813,mother
22776,23814,father
23419,23814,mother
22776,23815,father
23419,23815,mother
22776,23816,father
23419,23816,mother
23066,23817,father
23124,23817,mother
23066,23818,father
23124,23818,mother
22844,23819,father
23422,23819,mother
22844,23820,father
23422,23820,mother
22844,23821,father
23422,23821,mother
23112,23822,father
23423,23822,mother
23112,23823,father
23423,23823,mother
23112,23824,father
23423,23824,mother
23112,23825,father
23423,23825,mother
23323,23826,father
23424,23826,mother
23323,23827,father
23424,23827,mother
22926,23828,father
23425,23828,mother
22926,23829,father
23425,23829,mother
23272,23830,father
23426,23830,mother
23272,23831,father
23426,23831,mother
23272,23832,father
23426,23832,mother
23050,23833,father
23428,23833,mother
23050,23834,father
23428,23834,mother
23050,23835,father
23428,23835,mother
23333,23836,father
23429,23836,mother
23333,23837,father
23429,23837,mother
23018,23838,father
23256,23838,mother
23018,23839,father
23256,23839,mother
23018,23840,father
23256,23840,mother
22797,23841,father
23431,23841,mother
22797,23842,father
23431,23842,mother
22797,23843,father
23431,23843,mother
22797,23844,father
23431,23844,mother
22822,23845,father
23432,23845,mother
22822,23846,father
23432,23846,mother
22822,23847,father
23432,23847,mother
22822,23848,father
23432,23848,mother
23282,23849,father
23433,23849,mother
23282,23850,father
23433,23850,mother
23282,23851,father
23433,23851,mother
23140,23852,father
23435,23852,mother
23140,23853,father
23435,23853,mother
23363,23854,father
23436,23854,mother
23363,23855,father
23436,23855,mother
23363,23856,father
23436,23856,mother
22961,23857,father
23437,23857,mother
22961,23858,father
23437,23858,mother
22961,23859,father
23437,23859,mother
22961,23860,father
23437,23860,mother
22998,23861,father
22699,23861,mother
22998,23862,father
22699,23862,mother
23246,23863,father
23438,23863,mother
23246,23864,father
23438,23864,mother
23246,23865,father
23438,23865,mother
23213,23866,father
23439,23866,mother
23213,23867,father
23439,23867,mother
23213,23868,father
23439,23868,mother
23071,23869,father
23440,23869,mother
23071,23870,father
23440,23870,mother
23071,23871,father
23440,23871,mother
23071,23872,father
23440,23872,mother
22819,23873,father
23441,23873,mother
22819,23874,father
23441,23874,mother
22819,23875,father
23441,23875,mother
22819,23876,father
23441,23876,mother
23276,23877,father
23442,23877,mother
23276,23878,father
23442,23878,mother
23276,23879,father
23442,23879,mother
23276,23880,father
23442,23880,mother
22720,23881,father
23443,23881,mother
22720,23882,father
23443,23882,mother
22644,23883,father
23444,23883,mother
22644,23884,father
23444,23884,mother
22644,23885,father
23444,23885,mother
23381,23886,father
23445,23886,mother
23381,23887,father
23445,23887,mother
23381,23888,father
23445,23888,mother
22985,23889,father
23446,23889,mother
22985,23890,father
23446,23890,mother
22683,23891,father
23447,23891,mother
22683,23892,father
23447,23892,mother
23127,23893,father
23448,23893,mother
23127,23894,father
23448,23894,mother
23127,23895,father
23448,23895,mother
23127,23896,father
23448,23896,mother
22727,23897,father
23449,23897,mother
22727,23898,father
23449,23898,mother
23120,23899,father
23450,23899,mother
23120,23900,father
23450,23900,mother
23258,23901,father
23087,23901,mother
23258,23902,father
23087,23902,mother
23279,23903,father
23451,23903,mother
23279,23904,father
23451,23904,mother
23279,23905,father
23451,23905,mother
22801,23906,father
23452,23906,mother
22801,23907,father
23452,23907,mother
22885,23908,father
23454,23908,mother
22885,23909,father
23454,23909,mother
22885,23910,father
23454,23910,mother
22885,23911,father
23454,23911,mother
23151,23912,father
23456,23912,mother
23151,23913,father
23456,23913,mother
22833,23914,father
23457,23914,mother
22833,23915,father
23457,23915,mother
22833,23916,father
23457,23916,mother
23098,23917,father
23458,23917,mother
23098,23918,father
23458,23918,mother
23098,23919,father
23458,23919,mother
22990,23920,father
23459,23920,mother
22990,23921,father
23459,23921,mother
22990,23922,father
23459,23922,mother
22990,23923,father
23459,23923,mother
23054,23924,father
23460,23924,mother
23054,23925,father
23460,23925,mother
23286,23926,father
23462,23926,mother
23286,23927,father
23462,23927,mother
22883,23928,father
23463,23928,mother
22883,23929,father
23463,23929,mother
22883,23930,father
23463,23930,mother
23289,23931,father
23464,23931,mother
23289,23932,father
23464,23932,mother
22988,23933,father
23465,23933,mother
22988,23934,father
23465,23934,mother
22988,23935,father
23465,23935,mother
22988,23936,father
23465,23936,mother
22899,23937,father
23466,23937,mother
22899,23938,father
23466,23938,mother
22899,23939,father
23466,23939,mother
22899,23940,father
23466,23940,mother
22646,23941,father
23467,23941,mother
22646,23942,father
23467,23942,mother
22646,23943,father
23467,23943,mother
22646,23944,father
23467,23944,mother
23022,23945,father
23468,23945,mother
23022,23946,father
23468,23946,mother
23022,23947,father
23468,23947,mother
23022,23948,father
23468,23948,mother
22870,23949,father
22996,23949,mother
22870,23950,father
22996,23950,mother
22870,23951,father
22996,23951,mother
22783,23952,father
23469,23952,mother
22783,23953,father
23469,23953,mother
22783,23954,father
23469,23954,mother
23061,23955,father
23470,23955,mother
23061,23956,father
23470,23956,mother
23061,23957,father
23470,23957,mother
22792,23958,father
23471,23958,mother
22792,23959,father
23471,23959,mother
23180,23960,father
23472,23960,mother
23180,23961,father
23472,23961,mother
23180,23962,father
23472,23962,mother
23180,23963,father
23472,23963,mother
23343,23964,father
23473,23964,mother
23343,23965,father
23473,23965,mother
23283,23966,father
23062,23966,mother
23283,23967,father
23062,23967,mother
22839,23968,father
23474,23968,mother
22839,23969,father
23474,23969,mother
22839,23970,father
23474,23970,mother
22839,23971,father
23474,23971,mother
23200,23972,father
23475,23972,mother
23200,23973,father
23475,23973,mother
23200,23974,father
23475,23974,mother
23200,23975,father
23475,23975,mother
22796,23976,father
23476,23976,mother
22796,23977,father
23476,23977,mother
22796,23978,father
23476,23978,mother
22796,23979,father
23476,23979,mother
22809,23980,father
23477,23980,mother
22809,23981,father
23477,23981,mother
22809,23982,father
23477,23982,mother
22809,23983,father
23477,23983,mother
23133,23984,father
23479,23984,mother
23133,23985,father
23479,23985,mother
23013,23986,father
23480,23986,mother
23013,23987,father
23480,23987,mother
23013,23988,father
23480,23988,mother
22761,23989,father
23481,23989,mother
22761,23990,father
23481,23990,mother
22761,23991,father
23481,23991,mother
23354,23992,father
23482,23992,mother
23354,23993,father
23482,23993,mother
23354,23994,father
23482,23994,mother
22857,23995,father
23483,23995,mother
22857,23996,father
23483,23996,mother
22857,23997,father
23483,23997,mother
22744,23998,father
23486,23998,mother
22744,23999,father
23486,23999,mother
22744,24000,father
23486,24000,mother
22744,24001,father
23486,24001,mother
22864,24002,father
23253,24002,mother
22864,24003,father
23253,24003,mother
22864,24004,father
23253,24004,mother
22791,24005,father
23488,24005,mother
22791,24006,father
23488,24006,mother
22791,24007,father
23488,24007,mother
22791,24008,father
23488,24008,mother
23157,24009,father
23489,24009,mother
23157,24010,father
23489,24010,mother
23157,24011,father
23489,24011,mother
23157,24012,father
23489,24012,mother
23015,24013,father
23490,24013,mother
23015,24014,father
23490,24014,mother
23015,24015,father
23490,24015,mother
22824,24016,father
23491,24016,mother
22824,24017,father
23491,24017,mother
22824,24018,father
23491,24018,mother
22824,24019,father
23491,24019,mother
22897,24020,father
23492,24020,mother
22897,24021,father
23492,24021,mother
22897,24022,father
23492,24022,mother
22897,24023,father
23492,24023,mother
23160,24024,father
23493,24024,mother
23160,24025,father
23493,24025,mother
23270,24026,father
23494,24026,mother
23270,24027,father
23494,24027,mother
23270,24028,father
23494,24028,mother
23198,24029,father
23495,24029,mother
23198,24030,father
23495,24030,mother
22731,24031,father
23496,24031,mother
22731,24032,father
23496,24032,mother
22731,24033,father
23496,24033,mother
22901,24034,father
23497,24034,mother
22901,24035,father
23497,24035,mother
22901,24036,father
23497,24036,mother
23300,24037,father
23498,24037,mother
23300,24038,father
23498,24038,mother
23292,24039,father
22865,24039,mother
23292,24040,father
22865,24040,mother
23292,24041,father
22865,24041,mother
23292,24042,father
22865,24042,mother
23187,24043,father
22947,24043,mother
23187,24044,father
22947,24044,mother
23187,24045,father
22947,24045,mother
23187,24046,father
22947,24046,mother
23111,24047,father
23501,24047,mother
23111,24048,father
23501,24048,mother
23222,24049,father
23502,24049,mother
23222,24050,father
23502,24050,mother
23222,24051,father
23502,24051,mother
23318,24052,father
23503,24052,mother
23318,24053,father
23503,24053,mother
22820,24054,father
23504,24054,mother
22820,24055,father
23504,24055,mother
22677,24056,father
23505,24056,mother
22677,24057,father
23505,24057,mother
22677,24058,father
23505,24058,mother
22677,24059,father
23505,24059,mother
22832,24060,father
23506,24060,mother
22832,24061,father
23506,24061,mother
23188,24062,father
23507,24062,mother
23188,24063,father
23507,24063,mother
23188,24064,father
23507,24064,mother
22893,24065,father
23509,24065,mother
22893,24066,father
23509,24066,mother
22893,24067,father
23509,24067,mother
23043,24068,father
23308,24068,mother
23043,24069,father
23308,24069,mother
23259,24070,father
23510,24070,mother
23259,24071,father
23510,24071,mother
23259,24072,father
23510,24072,mother
22674,24073,father
23511,24073,mother
22674,24074,father
23511,24074,mother
22674,24075,father
23511,24075,mother
22674,24076,father
23511,24076,mother
22916,24077,father
23512,24077,mother
22916,24078,father
23512,24078,mother
23241,24079,father
23513,24079,mother
23241,24080,father
23513,24080,mother
23241,24081,father
23513,24081,mother
23244,24082,father
23514,24082,mother
23244,24083,father
23514,24083,mother
23001,24084,father
23515,24084,mother
23001,24085,father
23515,24085,mother
23001,24086,father
23515,24086,mother
23001,24087,father
23515,24087,mother
23219,24088,father
22977,24088,mother
23219,24089,father
22977,24089,mother
22905,24090,father
23516,24090,mother
22905,24091,father
23516,24091,mother
23236,24092,father
23517,24092,mother
23236,24093,father
23517,24093,mother
22850,24094,father
23519,24094,mother
22850,24095,father
23519,24095,mother
22738,24096,father
23520,24096,mother
22738,24097,father
23520,24097,mother
22738,24098,father
23520,24098,mother
23359,24099,father
23521,24099,mother
23359,24100,father
23521,24100,mother
23359,24101,father
23521,24101,mother
22911,24102,father
23522,24102,mother
22911,24103,father
23522,24103,mother
22911,24104,father
23522,24104,mother
22869,24105,father
23033,24105,mother
22869,24106,father
23033,24106,mother
22869,24107,father
23033,24107,mother
22768,24108,father
23523,24108,mother
22768,24109,father
23523,24109,mother
22768,24110,father
23523,24110,mother
23051,24111,father
23525,24111,mother
23051,24112,father
23525,24112,mother
23051,24113,father
23525,24113,mother
23051,24114,father
23525,24114,mother
23025,24115,father
23526,24115,mother
23025,24116,father
23526,24116,mother
23025,24117,father
23526,24117,mother
22654,24118,father
23527,24118,mother
22654,24119,father
23527,24119,mother
23186,24120,father
23529,24120,mother
23186,24121,father
23529,24121,mother
23186,24122,father
23529,24122,mother
22935,24123,father
23530,24123,mother
22935,24124,father
23530,24124,mother
22935,24125,father
23530,24125,mother
22935,24126,father
23530,24126,mother
22848,24127,father
23531,24127,mother
22848,24128,father
23531,24128,mother
22848,24129,father
23531,24129,mother
22848,24130,father
23531,24130,mother
22929,24131,father
23532,24131,mother
22929,24132,father
23532,24132,mother
22929,24133,father
23532,24133,mother
22929,24134,father
23532,24134,mother
23227,24135,father
23533,24135,mother
23227,24136,father
23533,24136,mother
23227,24137,father
23533,24137,mother
23227,24138,father
23533,24138,mother
23030,24139,father
23534,24139,mother
23030,24140,father
23534,24140,mother
23030,24141,father
23534,24141,mother
22837,24142,father
23535,24142,mother
22837,24143,father
23535,24143,mother
22837,24144,father
23535,24144,mother
22681,24145,father
23536,24145,mother
22681,24146,father
23536,24146,mother
22681,24147,father
23536,24147,mother
22681,24148,father
23536,24148,mother
23063,24149,father
23537,24149,mother
23063,24150,father
23537,24150,mother
23063,24151,father
23537,24151,mother
23007,24152,father
23540,24152,mother
23007,24153,father
23540,24153,mother
23007,24154,father
23540,24154,mother
23085,24155,father
23541,24155,mother
23085,24156,father
23541,24156,mother
23085,24157,father
23541,24157,mother
23085,24158,father
23541,24158,mother
23146,24159,father
23542,24159,mother
23146,24160,father
23542,24160,mother
23146,24161,father
23542,24161,mother
23146,24162,father
23542,24162,mother
23330,24163,father
23543,24163,mother
23330,24164,father
23543,24164,mother
23330,24165,father
23543,24165,mother
23374,24166,father
23544,24166,mother
23374,24167,father
23544,24167,mother
23128,24168,father
23547,24168,mother
23128,24169,father
23547,24169,mother
22812,24170,father
23324,24170,mother
22812,24171,father
23324,24171,mother
22812,24172,father
23324,24172,mother
22812,24173,father
23324,24173,mother
23311,24174,father
23548,24174,mother
23311,24175,father
23548,24175,mother
23311,24176,father
23548,24176,mother
23311,24177,father
23548,24177,mother
23184,24178,father
23078,24178,mother
23184,24179,father
23078,24179,mother
23184,24180,father
23078,24180,mother
22724,24181,father
23207,24181,mother
22724,24182,father
23207,24182,mother
22724,24183,father
23207,24183,mother
22724,24184,father
23207,24184,mother
23221,24185,father
23549,24185,mother
23221,24186,father
23549,24186,mother
23221,24187,father
23549,24187,mother
23221,24188,father
23549,24188,mother
22847,24189,father
22652,24189,mother
22847,24190,father
22652,24190,mother
22715,24191,father
23550,24191,mother
22715,24192,father
23550,24192,mother
22715,24193,father
23550,24193,mother
22715,24194,father
23550,24194,mother
23346,24195,father
23551,24195,mother
23346,24196,father
23551,24196,mother
22779,24197,father
23552,24197,mother
22779,24198,father
23552,24198,mother
22772,24199,father
23215,24199,mother
22772,24200,father
23215,24200,mother
22772,24201,father
23215,24201,mother
22772,24202,father
23215,24202,mother
22764,24203,father
23553,24203,mother
22764,24204,father
23553,24204,mother
22764,24205,father
23553,24205,mother
22764,24206,father
23553,24206,mother
23077,24207,father
23554,24207,mother
23077,24208,father
23554,24208,mother
23077,24209,father
23554,24209,mother
22938,24210,father
23555,24210,mother
22938,24211,father
23555,24211,mother
22938,24212,father
23555,24212,mother
22976,24213,father
23556,24213,mother
22976,24214,father
23556,24214,mother
22976,24215,father
23556,24215,mother
22976,24216,father
23556,24216,mother
22795,24217,father
23557,24217,mother
22795,24218,father
23557,24218,mother
22795,24219,father
23557,24219,mother
23328,24220,father
23558,24220,mother
23328,24221,father
23558,24221,mother
23328,24222,father
23558,24222,mother
23328,24223,father
23558,24223,mother
23307,24224,father
23559,24224,mother
23307,24225,father
23559,24225,mother
23307,24226,father
23559,24226,mother
23307,24227,father
23559,24227,mother
23101,24228,father
23561,24228,mother
23101,24229,father
23561,24229,mother
23101,24230,father
23561,24230,mother
22921,24231,father
23563,24231,mother
22921,24232,father
23563,24232,mother
22921,24233,father
23563,24233,mother
22921,24234,father
23563,24234,mother
23102,24235,father
23564,24235,mother
23102,24236,father
23564,24236,mother
23102,24237,father
23564,24237,mother
22853,24238,father
23565,24238,mother
22853,24239,father
23565,24239,mother
22853,24240,father
23565,24240,mother
22853,24241,father
23565,24241,mother
23264,24242,father
23566,24242,mother
23264,24243,father
23566,24243,mother
22907,24244,father
23567,24244,mother
22907,24245,father
23567,24245,mother
22907,24246,father
23567,24246,mother
22907,24247,father
23567,24247,mother
23371,24248,father
23568,24248,mother
23371,24249,father
23568,24249,mother
23371,24250,father
23568,24250,mother
22867,24251,father
23570,24251,mother
22867,24252,father
23570,24252,mother
23365,24253,father
22992,24253,mother
23365,24254,father
22992,24254,mother
23365,24255,father
22992,24255,mother
23365,24256,father
22992,24256,mother
22721,24257,father
23571,24257,mother
22721,24258,father
23571,24258,mother
22721,24259,father
23571,24259,mother
23201,24260,father
23572,24260,mother
23201,24261,father
23572,24261,mother
23201,24262,father
23572,24262,mother
23201,24263,father
23572,24263,mother
23377,24264,father
22719,24264,mother
23377,24265,father
22719,24265,mother
23377,24266,father
22719,24266,mother
23377,24267,father
22719,24267,mother
23339,24268,father
23573,24268,mother
23339,24269,father
23573,24269,mother
23339,24270,father
23573,24270,mother
23339,24271,father
23573,24271,mother
23141,24272,father
23575,24272,mother
23141,24273,father
23575,24273,mother
22698,24274,father
23576,24274,mother
22698,24275,father
23576,24275,mother
23036,24276,father
23577,24276,mother
23036,24277,father
23577,24277,mother
22688,24278,father
23578,24278,mother
22688,24279,father
23578,24279,mother
22688,24280,father
23578,24280,mother
22688,24281,father
23578,24281,mother
22771,24282,father
23579,24282,mother
22771,24283,father
23579,24283,mother
23125,24284,father
23580,24284,mother
23125,24285,father
23580,24285,mother
22888,24286,father
23581,24286,mother
22888,24287,father
23581,24287,mother
22888,24288,father
23581,24288,mother
23162,24289,father
23583,24289,mother
23162,24290,father
23583,24290,mother
23162,24291,father
23583,24291,mother
22886,24292,father
23584,24292,mother
22886,24293,father
23584,24293,mother
22886,24294,father
23584,24294,mother
23267,24295,father
23585,24295,mother
23267,24296,father
23585,24296,mother
23267,24297,father
23585,24297,mother
23267,24298,father
23585,24298,mother
23143,24299,father
23586,24299,mother
23143,24300,father
23586,24300,mother
23143,24301,father
23586,24301,mother
23143,24302,father
23586,24302,mother
23093,24303,father
23588,24303,mother
23093,24304,father
23588,24304,mother
23093,24305,father
23588,24305,mother
23210,24306,father
23589,24306,mother
23210,24307,father
23589,24307,mother
23210,24308,father
23589,24308,mother
23210,24309,father
23589,24309,mother
22648,24310,father
23590,24310,mother
22648,24311,father
23590,24311,mother
22648,24312,father
23590,24312,mother
22648,24313,father
23590,24313,mother
23302,24314,father
23591,24314,mother
23302,24315,father
23591,24315,mother
23302,24316,father
23591,24316,mother
23302,24317,father
23591,24317,mother
22800,24318,father
23592,24318,mother
22800,24319,father
23592,24319,mother
22658,24320,father
23593,24320,mother
22658,24321,father
23593,24321,mother
22658,24322,father
23593,24322,mother
22963,24323,father
23594,24323,mother
22963,24324,father
23594,24324,mother
23248,24325,father
23595,24325,mother
23248,24326,father
23595,24326,mother
23248,24327,father
23595,24327,mother
23248,24328,father
23595,24328,mother
22671,24329,father
23596,24329,mother
22671,24330,father
23596,24330,mother
22671,24331,father
23596,24331,mother
23029,24332,father
23597,24332,mother
23029,24333,father
23597,24333,mother
23029,24334,father
23597,24334,mother
23029,24335,father
23597,24335,mother
23159,24336,father
23598,24336,mother
23159,24337,father
23598,24337,mother
23159,24338,father
23598,24338,mother
23159,24339,father
23598,24339,mother
22948,24340,father
23600,24340,mother
22948,24341,father
23600,24341,mother
22948,24342,father
23600,24342,mother
22751,24343,father
23601,24343,mother
22751,24344,father
23601,24344,mother
23099,24345,father
23602,24345,mother
23099,24346,father
23602,24346,mother
23165,24347,father
23603,24347,mother
23165,24348,father
23603,24348,mother
22692,24349,father
23351,24349,mother
22692,24350,father
23351,24350,mother
23122,24351,father
23604,24351,mother
23122,24352,father
23604,24352,mother
23122,24353,father
23604,24353,mother
23335,24354,father
23605,24354,mother
23335,24355,father
23605,24355,mother
23335,24356,father
23605,24356,mother
23034,24357,father
23606,24357,mother
23034,24358,father
23606,24358,mother
23189,24359,father
23608,24359,mother
23189,24360,father
23608,24360,mother
23189,24361,father
23608,24361,mother
22851,24362,father
23610,24362,mother
22851,24363,father
23610,24363,mother
22851,24364,father
23610,24364,mother
23260,24365,father
23611,24365,mother
23260,24366,father
23611,24366,mother
23260,24367,father
23611,24367,mother
22697,24368,father
23235,24368,mother
22697,24369,father
23235,24369,mother
22697,24370,father
23235,24370,mother
23265,24371,father
23612,24371,mother
23265,24372,father
23612,24372,mother
23234,24373,father
23613,24373,mother
23234,24374,father
23613,24374,mother
23234,24375,father
23613,24375,mother
23234,24376,father
23613,24376,mother
22982,24377,father
23614,24377,mother
22982,24378,father
23614,24378,mother
23216,24379,father
23615,24379,mother
23216,24380,father
23615,24380,mother
23216,24381,father
23615,24381,mother
23216,24382,father
23615,24382,mother
22878,24383,father
23616,24383,mother
22878,24384,father
23616,24384,mother
22816,24385,father
23617,24385,mother
22816,24386,father
23617,24386,mother
22816,24387,father
23617,24387,mother
22951,24388,father
23618,24388,mother
22951,24389,father
23618,24389,mother
22951,24390,father
23618,24390,mother
22951,24391,father
23618,24391,mother
22735,24392,father
23619,24392,mother
22735,24393,father
23619,24393,mother
22735,24394,father
23619,24394,mother
22735,24395,father
23619,24395,mother
22868,24396,father
23620,24396,mother
22868,24397,father
23620,24397,mother
23154,24398,father
23621,24398,mother
23154,24399,father
23621,24399,mother
23154,24400,father
23621,24400,mother
22993,24401,father
23622,24401,mother
22993,24402,father
23622,24402,mother
22993,24403,father
23622,24403,mother
22993,24404,father
23622,24404,mother
23194,24405,father
23623,24405,mother
23194,24406,father
23623,24406,mother
23194,24407,father
23623,24407,mother
23214,24408,father
23167,24408,mother
23214,24409,father
23167,24409,mother
23214,24410,father
23167,24410,mother
22803,24411,father
23624,24411,mother
22803,24412,father
23624,24412,mother
22803,24413,father
23624,24413,mother
22803,24414,father
23624,24414,mother
22900,24415,father
23625,24415,mother
22900,24416,father
23625,24416,mother
22900,24417,father
23625,24417,mother
22841,24418,father
23626,24418,mother
22841,24419,father
23626,24419,mother
22710,24420,father
23627,24420,mother
22710,24421,father
23627,24421,mother
23251,24422,father
23628,24422,mother
23251,24423,father
23628,24423,mother
23251,24424,father
23628,24424,mother
23251,24425,father
23628,24425,mother
22668,24426,father
23630,24426,mother
22668,24427,father
23630,24427,mother
22668,24428,father
23630,24428,mother
23232,24429,father
23631,24429,mother
23232,24430,father
23631,24430,mother
23232,24431,father
23631,24431,mother
23218,24432,father
22695,24432,mother
23218,24433,father
22695,24433,mother
23218,24434,father
22695,24434,mother
23218,24435,father
22695,24435,mother
23009,24436,father
23632,24436,mother
23009,24437,father
23632,24437,mother
23009,24438,father
23632,24438,mother
23068,24439,father
23633,24439,mother
23068,24440,father
23633,24440,mother
22663,24441,father
23634,24441,mother
22663,24442,father
23634,24442,mother
22881,24443,father
23635,24443,mother
22881,24444,father
23635,24444,mother
22892,24445,father
23636,24445,mother
22892,24446,father
23636,24446,mother
22707,24447,father
23638,24447,mother
22707,24448,father
23638,24448,mother
22707,24449,father
23638,24449,mother
23296,24450,father
23639,24450,mother
23296,24451,father
23639,24451,mother
23296,24452,father
23639,24452,mother
23296,24453,father
23639,24453,mother
22807,24454,father
23640,24454,mother
22807,24455,father
23640,24455,mother
22807,24456,father
23640,24456,mother
22960,24457,father
23641,24457,mother
22960,24458,father
23641,24458,mother
23274,24459,father
23642,24459,mother
23274,24460,father
23642,24460,mother
23274,24461,father
23642,24461,mother
23274,24462,father
23642,24462,mother
23074,24463,father
23643,24463,mother
23074,24464,father
23643,24464,mother
22950,24465,father
23644,24465,mother
22950,24466,father
23644,24466,mother
22950,24467,father
23644,24467,mother
22950,24468,father
23644,24468,mother
23193,24469,father
23645,24469,mother
23193,24470,father
23645,24470,mother
23193,24471,father
23645,24471,mother
23193,24472,father
23645,24472,mother
23383,24473,father
23646,24473,mother
23383,24474,father
23646,24474,mother
23383,24475,father
23646,24475,mother
23383,24476,father
23646,24476,mother
23317,24477,father
23647,24477,mother
23317,24478,father
23647,24478,mother
23368,24479,father
22914,24479,mother
23368,24480,father
22914,24480,mother
23368,24481,father
22914,24481,mother
23368,24482,father
22914,24482,mother
22660,24483,father
23648,24483,mother
22660,24484,father
23648,24484,mother
22838,24485,father
23649,24485,mother
22838,24486,father
23649,24486,mother
22718,24487,father
23650,24487,mother
22718,24488,father
23650,24488,mother
23064,24489,father
23651,24489,mother
23064,24490,father
23651,24490,mother
23064,24491,father
23651,24491,mother
23064,24492,father
23651,24492,mother
22777,24493,father
23652,24493,mother
22777,24494,father
23652,24494,mother
22777,24495,father
23652,24495,mother
22777,24496,father
23652,24496,mother
22808,24497,father
23653,24497,mother
22808,24498,father
23653,24498,mother
22808,24499,father
23653,24499,mother
23303,24500,father
23654,24500,mother
23303,24501,father
23654,24501,mother
23303,24502,father
23654,24502,mother
22845,24503,father
23655,24503,mother
22845,24504,father
23655,24504,mother
22845,24505,father
23655,24505,mother
23089,24506,father
23656,24506,mother
23089,24507,father
23656,24507,mother
23089,24508,father
23656,24508,mother
23082,24509,father
23657,24509,mother
23082,24510,father
23657,24510,mother
23082,24511,father
23657,24511,mother
23082,24512,father
23657,24512,mother
22995,24513,father
23658,24513,mother
22995,24514,father
23658,24514,mother
22919,24515,father
23659,24515,mother
22919,24516,father
23659,24516,mother
22811,24517,father
23080,24517,mother
22811,24518,father
23080,24518,mother
22811,24519,father
23080,24519,mother
22811,24520,father
23080,24520,mother
22920,24521,father
23660,24521,mother
22920,24522,father
23660,24522,mother
22920,24523,father
23660,24523,mother
23168,24524,father
23661,24524,mother
23168,24525,father
23661,24525,mother
23203,24526,father
23662,24526,mother
23203,24527,father
23662,24527,mother
23203,24528,father
23662,24528,mother
23203,24529,father
23662,24529,mother
23097,24530,father
23663,24530,mother
23097,24531,father
23663,24531,mother
23331,24532,father
23664,24532,mother
23331,24533,father
23664,24533,mother
23331,24534,father
23664,24534,mother
23325,24535,father
23665,24535,mother
23325,24536,father
23665,24536,mother
23325,24537,father
23665,24537,mother
23325,24538,father
23665,24538,mother
23053,24539,father
23666,24539,mother
23053,24540,father
23666,24540,mother
23053,24541,father
23666,24541,mother
22694,24542,father
23667,24542,mother
22694,24543,father
23667,24543,mother
22694,24544,father
23667,24544,mother
22675,24545,father
23668,24545,mother
22675,24546,father
23668,24546,mother
22675,24547,father
23668,24547,mother
23069,24548,father
23670,24548,mother
23069,24549,father
23670,24549,mother
23163,24550,father
23671,24550,mother
23163,24551,father
23671,24551,mother
22785,24552,father
22684,24552,mother
22785,24553,father
22684,24553,mother
22785,24554,father
22684,24554,mother
23049,24555,father
23083,24555,mother
23049,24556,father
23083,24556,mother
23166,24557,father
23672,24557,mother
23166,24558,father
23672,24558,mother
23166,24559,father
23672,24559,mother
23166,24560,father
23672,24560,mother
22918,24561,father
23674,24561,mother
22918,24562,father
23674,24562,mother
23084,24563,father
23675,24563,mother
23084,24564,father
23675,24564,mother
23084,24565,father
23675,24565,mother
23084,24566,father
23675,24566,mother
22876,24567,father
22741,24567,mother
22876,24568,father
22741,24568,mother
22876,24569,father
22741,24569,mother
22876,24570,father
22741,24570,mother
22666,24571,father
23676,24571,mother
22666,24572,father
23676,24572,mother
22666,24573,father
23676,24573,mother
23255,24574,father
23677,24574,mother
23255,24575,father
23677,24575,mother
23255,24576,father
23677,24576,mother
22863,24577,father
23678,24577,mother
22863,24578,father
23678,24578,mother
22863,24579,father
23678,24579,mother
22937,24580,father
23679,24580,mother
22937,24581,father
23679,24581,mother
22937,24582,father
23679,24582,mother
23361,24583,father
23680,24583,mother
23361,24584,father
23680,24584,mother
23361,24585,father
23680,24585,mother
23361,24586,father
23680,24586,mother
22941,24587,father
23681,24587,mother
22941,24588,father
23681,24588,mother
22877,24589,father
23682,24589,mother
22877,24590,father
23682,24590,mother
22651,24591,father
23683,24591,mother
22651,24592,father
23683,24592,mother
22651,24593,father
23683,24593,mother
22651,24594,father
23683,24594,mother
22852,24595,father
23686,24595,mother
22852,24596,father
23686,24596,mother
22852,24597,father
23686,24597,mother
23055,24598,father
23687,24598,mother
23055,24599,father
23687,24599,mother
23055,24600,father
23687,24600,mother
23055,24601,father
23687,24601,mother
22696,24602,father
23688,24602,mother
22696,24603,father
23688,24603,mother
22696,24604,father
23688,24604,mother
23045,24605,father
23689,24605,mother
23045,24606,father
23689,24606,mother
23045,24607,father
23689,24607,mother
22789,24608,father
22856,24608,mother
22789,24609,father
22856,24609,mother
22789,24610,father
22856,24610,mother
22966,24611,father
23690,24611,mother
22966,24612,father
23690,24612,mother
22806,24613,father
23691,24613,mother
22806,24614,father
23691,24614,mother
22806,24615,father
23691,24615,mother
23293,24616,father
23692,24616,mother
23293,24617,father
23692,24617,mother
23295,24618,father
23693,24618,mother
23295,24619,father
23693,24619,mother
23295,24620,father
23693,24620,mother
23271,24621,father
23695,24621,mother
23271,24622,father
23695,24622,mother
23271,24623,father
23695,24623,mother
23271,24624,father
23695,24624,mother
22705,24625,father
23696,24625,mother
22705,24626,father
23696,24626,mother
22705,24627,father
23696,24627,mother
23278,24628,father
23697,24628,mother
23278,24629,father
23697,24629,mother
23309,24630,father
23698,24630,mother
23309,24631,father
23698,24631,mother
23309,24632,father
23698,24632,mother
23309,24633,father
23698,24633,mother
22687,24634,father
23700,24634,mother
22687,24635,father
23700,24635,mother
22687,24636,father
23700,24636,mother
23304,24637,father
23701,24637,mother
23304,24638,father
23701,24638,mother
23107,24639,father
23702,24639,mother
23107,24640,father
23702,24640,mother
22861,24641,father
23703,24641,mother
22861,24642,father
23703,24642,mother
22861,24643,father
23703,24643,mother
22728,24644,father
23704,24644,mother
22728,24645,father
23704,24645,mother
22728,24646,father
23704,24646,mother
23032,24647,father
23706,24647,mother
23032,24648,father
23706,24648,mother
23032,24649,father
23706,24649,mother
23032,24650,father
23706,24650,mother
23319,24651,father
23709,24651,mother
23319,24652,father
23709,24652,mother
23319,24653,father
23709,24653,mother
23319,24654,father
23709,24654,mother
22714,24655,father
23710,24655,mother
22714,24656,father
23710,24656,mother
23116,24657,father
23711,24657,mother
23116,24658,father
23711,24658,mother
23116,24659,father
23711,24659,mother
23116,24660,father
23711,24660,mother
22657,24661,father
23712,24661,mother
22657,24662,father
23712,24662,mother
22657,24663,father
23712,24663,mother
23095,24664,father
22827,24664,mother
23095,24665,father
22827,24665,mother
23095,24666,father
22827,24666,mother
24505,25084,father
24667,25084,mother
24505,25085,father
24667,25085,mother
24505,25086,father
24667,25086,mother
23875,25087,father
24668,25087,mother
23875,25088,father
24668,25088,mother
23875,25089,father
24668,25089,mother
23875,25090,father
24668,25090,mother
24551,25091,father
24669,25091,mother
24551,25092,father
24669,25092,mother
24551,25093,father
24669,25093,mother
24551,25094,father
24669,25094,mother
23822,25095,father
24671,25095,mother
23822,25096,father
24671,25096,mother
23822,25097,father
24671,25097,mother
23976,25098,father
24672,25098,mother
23976,25099,father
24672,25099,mother
23976,25100,father
24672,25100,mother
23976,25101,father
24672,25101,mother
23953,25102,father
24673,25102,mother
23953,25103,father
24673,25103,mother
23953,25104,father
24673,25104,mother
23953,25105,father
24673,25105,mother
23897,25106,father
24406,25106,mother
23897,25107,father
24406,25107,mother
23897,25108,father
24406,25108,mother
23897,25109,father
24406,25109,mother
24134,25110,father
24674,25110,mother
24134,25111,father
24674,25111,mother
23839,25112,father
24675,25112,mother
23839,25113,father
24675,25113,mother
23839,25114,father
24675,25114,mother
23807,25115,father
24676,25115,mother
23807,25116,father
24676,25116,mother
23807,25117,father
24676,25117,mother
23846,25118,father
24677,25118,mother
23846,25119,father
24677,25119,mother
24231,25120,father
24678,25120,mother
24231,25121,father
24678,25121,mother
24231,25122,father
24678,25122,mother
24011,25123,father
24679,25123,mother
24011,25124,father
24679,25124,mother
24260,25125,father
24383,25125,mother
24260,25126,father
24383,25126,mother
24204,25127,father
24457,25127,mother
24204,25128,father
24457,25128,mother
24380,25129,father
24681,25129,mother
24380,25130,father
24681,25130,mother
24354,25131,father
24682,25131,mother
24354,25132,father
24682,25132,mother
24141,25133,father
24684,25133,mother
24141,25134,father
24684,25134,mother
24141,25135,father
24684,25135,mother
24285,25136,father
24685,25136,mother
24285,25137,father
24685,25137,mother
24202,25138,father
24686,25138,mother
24202,25139,father
24686,25139,mother
24202,25140,father
24686,25140,mother
23945,25141,father
24687,25141,mother
23945,25142,father
24687,25142,mother
24336,25143,father
24688,25143,mother
24336,25144,father
24688,25144,mother
24336,25145,father
24688,25145,mother
23972,25146,father
24689,25146,mother
23972,25147,father
24689,25147,mother
23964,25148,father
24690,25148,mother
23964,25149,father
24690,25149,mother
24155,25150,father
24691,25150,mother
24155,25151,father
24691,25151,mother
24155,25152,father
24691,25152,mother
24113,25153,father
24692,25153,mother
24113,25154,father
24692,25154,mother
24213,25155,father
24693,25155,mother
24213,25156,father
24693,25156,mother
23961,25157,father
24694,25157,mother
23961,25158,father
24694,25158,mother
23961,25159,father
24694,25159,mother
23857,25160,father
24695,25160,mother
23857,25161,father
24695,25161,mother
23857,25162,father
24695,25162,mother
23868,25163,father
24696,25163,mother
23868,25164,father
24696,25164,mother
24324,25165,father
24697,25165,mother
24324,25166,father
24697,25166,mother
24277,25167,father
24698,25167,mother
24277,25168,father
24698,25168,mother
23981,25169,father
24699,25169,mother
23981,25170,father
24699,25170,mother
24315,25171,father
24700,25171,mother
24315,25172,father
24700,25172,mother
24315,25173,father
24700,25173,mother
24315,25174,father
24700,25174,mother
23774,25175,father
24701,25175,mother
23774,25176,father
24701,25176,mother
23774,25177,father
24701,25177,mother
24072,25178,father
24702,25178,mother
24072,25179,father
24702,25179,mother
24072,25180,father
24702,25180,mother
24423,25181,father
24703,25181,mother
24423,25182,father
24703,25182,mother
24423,25183,father
24703,25183,mother
24544,25184,father
24704,25184,mother
24544,25185,father
24704,25185,mother
24544,25186,father
24704,25186,mother
24467,25187,father
24705,25187,mother
24467,25188,father
24705,25188,mother
23794,25189,father
24706,25189,mother
23794,25190,father
24706,25190,mother
23794,25191,father
24706,25191,mother
23794,25192,father
24706,25192,mother
24278,25193,father
24707,25193,mother
24278,25194,father
24707,25194,mother
24278,25195,father
24707,25195,mother
24132,25196,father
24708,25196,mother
24132,25197,father
24708,25197,mother
24132,25198,father
24708,25198,mother
23782,25199,father
24709,25199,mother
23782,25200,father
24709,25200,mother
23858,25201,father
24710,25201,mother
23858,25202,father
24710,25202,mother
23858,25203,father
24710,25203,mother
23858,25204,father
24710,25204,mother
24377,25205,father
24711,25205,mother
24377,25206,father
24711,25206,mother
24497,25207,father
24712,25207,mother
24497,25208,father
24712,25208,mother
24497,25209,father
24712,25209,mother
24508,25210,father
24713,25210,mother
24508,25211,father
24713,25211,mother
24508,25212,father
24713,25212,mother
23768,25213,father
24714,25213,mother
23768,25214,father
24714,25214,mother
23768,25215,father
24714,25215,mother
