marriage_id,spouse1_id,spouse2_id,start_date,end_date,status
30000,30000,30001,1625-01-01,1683-06-01,deceased
30001,30002,30003,1624-01-01,1673-06-01,deceased
30002,30004,30005,1624-01-01,1654-06-01,deceased
30003,30006,30007,1628-01-01,1657-06-01,deceased
30004,30008,30009,1625-01-01,1673-06-01,deceased
30005,30010,30011,1625-01-01,1660-06-01,deceased
30006,30012,30013,1622-01-01,1644-06-01,deceased
30007,30014,30015,1623-01-01,1668-06-01,deceased
30008,30016,30017,1629-01-01,1665-06-01,deceased
30009,30018,30019,1630-01-01,1668-06-01,deceased
30010,30020,30021,1622-01-01,1647-06-01,deceased
30011,30022,30023,1630-01-01,1689-06-01,deceased
30012,30025,30067,1643-01-01,1673-06-01,deceased
30013,30061,30068,1643-01-01,1689-06-01,deceased
30014,30062,30027,1643-01-01,1674-06-01,deceased
30015,30040,30069,1641-01-01,1667-06-01,deceased
30016,30031,30070,1637-01-01,1661-06-01,deceased
30017,30051,30071,1637-01-01,1655-06-01,deceased
30018,30032,30072,1638-01-01,1671-06-01,deceased
30019,30046,30073,1637-01-01,1687-06-01,deceased
30020,30034,30074,1641-01-01,1674-06-01,deceased
30021,30036,30024,1641-01-01,1660-06-01,deceased
30022,30049,30075,1643-01-01,1661-06-01,deceased
30023,30029,30076,1638-01-01,1678-06-01,deceased
30024,30028,30077,1640-01-01,1690-06-01,deceased
30025,30064,30078,1642-01-01,1671-06-01,deceased
30026,30044,30079,1642-01-01,1667-06-01,deceased
30027,30065,30080,1641-01-01,1674-06-01,deceased
30028,30037,30081,1641-01-01,1682-06-01,deceased
30029,30054,30082,1640-01-01,1694-06-01,deceased
30030,30026,30045,1640-01-01,1698-06-01,deceased
30031,30050,30083,1637-01-01,1657-06-01,deceased
30032,30055,30084,1642-01-01,1658-06-01,deceased
30033,30120,30157,1661-01-01,1721-06-01,deceased
30034,30155,30147,1655-01-01,1703-06-01,deceased
30035,30095,30158,1656-01-01,1677-06-01,deceased
30036,30086,30159,1661-01-01,1690-06-01,deceased
30037,30099,30118,1659-01-01,1696-06-01,deceased
30038,30097,30160,1656-01-01,1704-06-01,deceased
30039,30109,30161,1660-01-01,1685-06-01,deceased
30040,30140,30162,1658-01-01,1700-06-01,deceased
30041,30142,30163,1660-01-01,1716-06-01,deceased
30042,30098,30164,1655-01-01,1697-06-01,deceased
30043,30137,30165,1655-01-01,1676-06-01,deceased
30044,30125,30166,1656-01-01,1697-06-01,deceased
30045,30091,30167,1657-01-01,1691-06-01,deceased
30046,30145,30168,1660-01-01,1689-06-01,deceased
30047,30114,30169,1655-01-01,1711-06-01,deceased
30048,30135,30171,1659-01-01,1708-06-01,deceased
30049,30092,30174,1659-01-01,1691-06-01,deceased
30050,30123,30175,1657-01-01,1675-06-01,deceased
30051,30153,30176,1659-01-01,1694-06-01,deceased
30052,30131,30177,1660-01-01,1689-06-01,deceased
30053,30149,30178,1656-01-01,1683-06-01,deceased
30054,30103,30179,1658-01-01,1681-06-01,deceased
30055,30146,30181,1660-01-01,1709-06-01,deceased
30056,30144,30182,1661-01-01,1705-06-01,deceased
30057,30130,30183,1656-01-01,1689-06-01,deceased
30058,30151,30186,1660-01-01,1702-06-01,deceased
30059,30106,30187,1660-01-01,1685-06-01,deceased
30060,30115,30188,1661-01-01,1712-06-01,deceased
30061,30286,30287,1673-01-01,1727-06-01,deceased
30062,30244,30288,1675-01-01,1705-06-01,deceased
30063,30197,30289,1677-01-01,1737-06-01,deceased
30064,30236,30242,1676-01-01,1704-06-01,deceased
30065,30241,30227,1678-01-01,1713-06-01,deceased
30066,30196,30291,1676-01-01,1725-06-01,deceased
30067,30213,30292,1675-01-01,1719-06-01,deceased
30068,30284,30293,1673-01-01,1698-06-01,deceased
30069,30262,30295,1679-01-01,1697-06-01,deceased
30070,30282,30296,1677-01-01,1703-06-01,deceased
30071,30268,30297,1673-01-01,1696-06-01,deceased
30072,30201,30298,1676-01-01,1713-06-01,deceased
30073,30281,30299,1674-01-01,1709-06-01,deceased
30074,30189,30300,1676-01-01,1707-06-01,deceased
30075,30274,30301,1676-01-01,1695-06-01,deceased
30076,30276,30302,1674-01-01,1729-06-01,deceased
30077,30257,30204,1679-01-01,1728-06-01,deceased
30078,30222,30303,1679-01-01,1708-06-01,deceased
30079,30220,30304,1674-01-01,1699-06-01,deceased
30080,30226,30234,1675-01-01,1733-06-01,deceased
30081,30207,30305,1678-01-01,1711-06-01,deceased
30082,30264,30307,1679-01-01,1703-06-01,deceased
30083,30271,30308,1675-01-01,1698-06-01,deceased
30084,30223,30309,1676-01-01,1703-06-01,deceased
30085,30272,30310,1676-01-01,1715-06-01,deceased
30086,30202,30240,1679-01-01,1719-06-01,deceased
30087,30250,30311,1674-01-01,1702-06-01,deceased
30088,30237,30312,1677-01-01,1714-06-01,deceased
30089,30190,30314,1673-01-01,1714-06-01,deceased
30090,30233,30260,1679-01-01,1708-06-01,deceased
30091,30245,30315,1678-01-01,1696-06-01,deceased
30092,30252,30316,1677-01-01,1699-06-01,deceased
30093,30216,30317,1678-01-01,1703-06-01,deceased
30094,30229,30318,1679-01-01,1712-06-01,deceased
30095,30230,30319,1676-01-01,1697-06-01,deceased
30096,30191,30320,1675-01-01,1708-06-01,deceased
30097,30210,30321,1676-01-01,1701-06-01,deceased
30098,30258,30322,1679-01-01,1713-06-01,deceased
30099,30261,30323,1675-01-01,1714-06-01,deceased
30100,30195,30324,1675-01-01,1692-06-01,deceased
30101,30199,30325,1676-01-01,1719-06-01,deceased
30102,30283,30326,1677-01-01,1704-06-01,deceased
30103,30212,30328,1677-01-01,1695-06-01,deceased
30104,30249,30329,1675-01-01,1713-06-01,deceased
30105,30248,30330,1677-01-01,1696-06-01,deceased
30106,30235,30331,1673-01-01,1695-06-01,deceased
30107,30254,30332,1679-01-01,1697-06-01,deceased
30108,30208,30334,1677-01-01,1703-06-01,deceased
30109,30232,30335,1679-01-01,1699-06-01,deceased
30110,30225,30336,1674-01-01,1702-06-01,deceased
30111,30345,30517,1696-01-01,1720-06-01,deceased
30112,30516,30518,1694-01-01,1714-06-01,deceased
30113,30350,30519,1695-01-01,1727-06-01,deceased
30114,30434,30520,1692-01-01,1724-06-01,deceased
30115,30356,30521,1697-01-01,1721-06-01,deceased
30116,30394,30471,1695-01-01,1736-06-01,deceased
30117,30490,30522,1692-01-01,1737-06-01,deceased
30118,30483,30523,1692-01-01,1724-06-01,deceased
30119,30455,30367,1697-01-01,1725-06-01,deceased
30120,30480,30524,1691-01-01,1755-06-01,deceased
30121,30440,30526,1691-01-01,1717-06-01,deceased
30122,30374,30528,1695-01-01,1738-06-01,deceased
30123,30358,30530,1694-01-01,1715-06-01,deceased
30124,30468,30532,1693-01-01,1739-06-01,deceased
30125,30397,30533,1694-01-01,1735-06-01,deceased
30126,30404,30498,1694-01-01,1712-06-01,deceased
30127,30432,30534,1696-01-01,1728-06-01,deceased
30128,30448,30535,1697-01-01,1747-06-01,deceased
30129,30481,30458,1695-01-01,1736-06-01,deceased
30130,30395,30536,1692-01-01,1716-06-01,deceased
30131,30496,30537,1694-01-01,1745-06-01,deceased
30132,30403,30538,1693-01-01,1736-06-01,deceased
30133,30419,30539,1697-01-01,1740-06-01,deceased
30134,30365,30540,1693-01-01,1727-06-01,deceased
30135,30433,30541,1696-01-01,1737-06-01,deceased
30136,30511,30543,1691-01-01,1741-06-01,deceased
30137,30375,30544,1696-01-01,1761-06-01,deceased
30138,30385,30545,1692-01-01,1734-06-01,deceased
30139,30505,30546,1697-01-01,1740-06-01,deceased
30140,30348,30547,1695-01-01,1733-06-01,deceased
30141,30390,30379,1691-01-01,1715-06-01,deceased
30142,30435,30548,1694-01-01,1730-06-01,deceased
30143,30342,30549,1692-01-01,1751-06-01,deceased
30144,30413,30550,1694-01-01,1721-06-01,deceased
30145,30422,30551,1694-01-01,1724-06-01,deceased
30146,30408,30552,1692-01-01,1732-06-01,deceased
30147,30406,30553,1696-01-01,1716-06-01,deceased
30148,30427,30554,1691-01-01,1730-06-01,deceased
30149,30363,30556,1692-01-01,1717-06-01,deceased
30150,30377,30343,1692-01-01,1729-06-01,deceased
30151,30430,30559,1696-01-01,1714-06-01,deceased
30152,30389,30560,1695-01-01,1728-06-01,deceased
30153,30509,30561,1693-01-01,1715-06-01,deceased
30154,30459,30361,1691-01-01,1735-06-01,deceased
30155,30426,30563,1693-01-01,1711-06-01,deceased
30156,30393,30476,1691-01-01,1738-06-01,deceased
30157,30450,30564,1694-01-01,1731-06-01,deceased
30158,30416,30565,1694-01-01,1714-06-01,deceased
30159,30439,30566,1696-01-01,1740-06-01,deceased
30160,30415,30568,1693-01-01,1749-06-01,deceased
30161,30487,30569,1692-01-01,1709-06-01,deceased
30162,30507,30571,1697-01-01,1721-06-01,deceased
30163,30486,30572,1691-01-01,1744-06-01,deceased
30164,30384,30409,1691-01-01,1741-06-01,deceased
30165,30429,30573,1693-01-01,1725-06-01,deceased
30166,30453,30574,1695-01-01,1737-06-01,deceased
30167,30443,30575,1693-01-01,1740-06-01,deceased
30168,30494,30576,1692-01-01,1734-06-01,deceased
30169,30414,30577,1693-01-01,1746-06-01,deceased
30170,30340,30578,1695-01-01,1738-06-01,deceased
30171,30469,30579,1691-01-01,1736-06-01,deceased
30172,30424,30580,1693-01-01,1724-06-01,deceased
30173,30463,30581,1697-01-01,1712-06-01,deceased
30174,30353,30582,1693-01-01,1735-06-01,deceased
30175,30366,30583,1693-01-01,1731-06-01,deceased
30176,30346,30584,1691-01-01,1742-06-01,deceased
30177,30461,30585,1697-01-01,1717-06-01,deceased
30178,30386,30586,1697-01-01,1717-06-01,deceased
30179,30411,30587,1693-01-01,1725-06-01,deceased
30180,30354,30588,1693-01-01,1713-06-01,deceased
30181,30360,30503,1691-01-01,1724-06-01,deceased
30182,30493,30396,1694-01-01,1725-06-01,deceased
30183,30421,30589,1696-01-01,1719-06-01,deceased
30184,30417,30488,1692-01-01,1744-06-01,deceased
30185,30449,30590,1694-01-01,1738-06-01,deceased
30186,30436,30591,1694-01-01,1720-06-01,deceased
30187,30381,30474,1695-01-01,1731-06-01,deceased
30188,30442,30592,1691-01-01,1709-06-01,deceased
30189,30388,30593,1693-01-01,1717-06-01,deceased
30190,30351,30594,1692-01-01,1720-06-01,deceased
30191,30729,30876,1713-01-01,1741-06-01,deceased
30192,30728,30878,1710-01-01,1772-06-01,deceased
30193,30776,30879,1714-01-01,1760-06-01,deceased
30194,30646,30770,1711-01-01,1760-06-01,deceased
30195,30671,30692,1713-01-01,1745-06-01,deceased
30196,30811,30881,1713-01-01,1753-06-01,deceased
30197,30867,30644,1710-01-01,1764-06-01,deceased
30198,30702,30882,1715-01-01,1757-06-01,deceased
30199,30838,30883,1711-01-01,1731-06-01,deceased
30200,30739,30884,1714-01-01,1740-06-01,deceased
30201,30757,30885,1711-01-01,1759-06-01,deceased
30202,30633,30886,1714-01-01,1754-06-01,deceased
30203,30724,30887,1711-01-01,1735-06-01,deceased
30204,30648,30888,1710-01-01,1729-06-01,deceased
30205,30807,30890,1712-01-01,1733-06-01,deceased
30206,30738,30758,1715-01-01,1751-06-01,deceased
30207,30711,30891,1715-01-01,1743-06-01,deceased
30208,30862,30892,1715-01-01,1749-06-01,deceased
30209,30617,30893,1711-01-01,1747-06-01,deceased
30210,30746,30894,1712-01-01,1756-06-01,deceased
30211,30759,30895,1714-01-01,1736-06-01,deceased
30212,30613,30896,1709-01-01,1737-06-01,deceased
30213,30638,30897,1713-01-01,1736-06-01,deceased
30214,30679,30898,1710-01-01,1739-06-01,deceased
30215,30717,30899,1715-01-01,1763-06-01,deceased
30216,30795,30900,1714-01-01,1751-06-01,deceased
30217,30700,30901,1715-01-01,1743-06-01,deceased
30218,30744,30902,1711-01-01,1742-06-01,deceased
30219,30691,30903,1711-01-01,1756-06-01,deceased
30220,30611,30904,1709-01-01,1743-06-01,deceased
30221,30741,30905,1709-01-01,1752-06-01,deceased
30222,30831,30906,1714-01-01,1738-06-01,deceased
30223,30767,30909,1711-01-01,1761-06-01,deceased
30224,30857,30910,1711-01-01,1739-06-01,deceased
30225,30690,30911,1712-01-01,1751-06-01,deceased
30226,30829,30912,1713-01-01,1734-06-01,deceased
30227,30664,30913,1710-01-01,1741-06-01,deceased
30228,30840,30914,1711-01-01,1738-06-01,deceased
30229,30755,30915,1712-01-01,1752-06-01,deceased
30230,30774,30916,1714-01-01,1743-06-01,deceased
30231,30596,30917,1710-01-01,1733-06-01,deceased
30232,30869,30921,1712-01-01,1766-06-01,deceased
30233,30686,30922,1713-01-01,1741-06-01,deceased
30234,30630,30923,1712-01-01,1737-06-01,deceased
30235,30656,30925,1709-01-01,1752-06-01,deceased
30236,30726,30926,1711-01-01,1732-06-01,deceased
30237,30625,30637,1714-01-01,1759-06-01,deceased
30238,30860,30927,1715-01-01,1756-06-01,deceased
30239,30781,30928,1714-01-01,1752-06-01,deceased
30240,30768,30930,1715-01-01,1749-06-01,deceased
30241,30854,30853,1713-01-01,1734-06-01,deceased
30242,30808,30773,1709-01-01,1730-06-01,deceased
30243,30866,30931,1713-01-01,1768-06-01,deceased
30244,30786,30821,1710-01-01,1753-06-01,deceased
30245,30815,30934,1709-01-01,1732-06-01,deceased
30246,30622,30742,1710-01-01,1761-06-01,deceased
30247,30779,30935,1713-01-01,1752-06-01,deceased
30248,30874,30936,1709-01-01,1727-06-01,deceased
30249,30731,30937,1711-01-01,1754-06-01,deceased
30250,30824,30938,1710-01-01,1742-06-01,deceased
30251,30632,30725,1711-01-01,1753-06-01,deceased
30252,30845,30939,1715-01-01,1734-06-01,deceased
30253,30788,30940,1709-01-01,1732-06-01,deceased
30254,30678,30941,1714-01-01,1754-06-01,deceased
30255,30712,30942,1710-01-01,1764-06-01,deceased
30256,30868,30944,1711-01-01,1729-06-01,deceased
30257,30661,30946,1711-01-01,1741-06-01,deceased
30258,30667,30947,1714-01-01,1741-06-01,deceased
30259,30822,30764,1714-01-01,1748-06-01,deceased
30260,30674,30948,1714-01-01,1748-06-01,deceased
30261,30751,30949,1713-01-01,1768-06-01,deceased
30262,30743,30950,1715-01-01,1734-06-01,deceased
30263,30787,30951,1714-01-01,1758-06-01,deceased
30264,30647,30952,1715-01-01,1748-06-01,deceased
30265,30714,30954,1710-01-01,1750-06-01,deceased
30266,30785,30955,1710-01-01,1742-06-01,deceased
30267,30846,30956,1710-01-01,1755-06-01,deceased
30268,30634,30957,1714-01-01,1769-06-01,deceased
30269,30875,30959,1715-01-01,1771-06-01,deceased
30270,30618,30747,1709-01-01,1751-06-01,deceased
30271,30676,30960,1709-01-01,1763-06-01,deceased
30272,30848,30961,1714-01-01,1742-06-01,deceased
30273,30749,30963,1712-01-01,1750-06-01,deceased
30274,30790,30964,1709-01-01,1756-06-01,deceased
30275,30708,30965,1713-01-01,1742-06-01,deceased
30276,30818,30966,1711-01-01,1774-06-01,deceased
30277,30599,30967,1709-01-01,1768-06-01,deceased
30278,30722,30968,1712-01-01,1733-06-01,deceased
30279,30802,30969,1711-01-01,1745-06-01,deceased
30280,30782,30970,1711-01-01,1749-06-01,deceased
30281,30823,30971,1713-01-01,1745-06-01,deceased
30282,30813,30972,1712-01-01,1749-06-01,deceased
30283,30707,30975,1712-01-01,1747-06-01,deceased
30284,30668,30976,1711-01-01,1731-06-01,deceased
30285,30601,30977,1710-01-01,1738-06-01,deceased
30286,30660,30979,1712-01-01,1749-06-01,deceased
30287,30705,30980,1715-01-01,1738-06-01,deceased
30288,30765,30981,1710-01-01,1732-06-01,deceased
30289,30752,30982,1711-01-01,1747-06-01,deceased
30290,30628,30983,1714-01-01,1737-06-01,deceased
30291,30682,30984,1713-01-01,1739-06-01,deceased
30292,30597,30985,1714-01-01,1739-06-01,deceased
30293,30695,30986,1714-01-01,1744-06-01,deceased
30294,30716,30677,1712-01-01,1732-06-01,deceased
30295,30687,30987,1709-01-01,1747-06-01,deceased
30296,30797,30988,1710-01-01,1747-06-01,deceased
30297,30841,30989,1711-01-01,1739-06-01,deceased
30298,30616,30990,1710-01-01,1757-06-01,deceased
30299,30614,30991,1714-01-01,1781-06-01,deceased
30300,30721,30992,1710-01-01,1737-06-01,deceased
30301,30740,30993,1710-01-01,1758-06-01,deceased
30302,30820,30994,1709-01-01,1753-06-01,deceased
30303,30713,30995,1713-01-01,1765-06-01,deceased
30304,30844,30996,1714-01-01,1751-06-01,deceased
30305,30803,30997,1710-01-01,1726-06-01,deceased
30306,30605,30745,1714-01-01,1755-06-01,deceased
30307,30650,30859,1715-01-01,1748-06-01,deceased
30308,30640,30998,1710-01-01,1739-06-01,deceased
30309,30675,30999,1714-01-01,1739-06-01,deceased
30310,30696,31000,1709-01-01,1733-06-01,deceased
30311,30635,31001,1709-01-01,1772-06-01,deceased
30312,30607,31002,1709-01-01,1742-06-01,deceased
30313,30819,31003,1711-01-01,1759-06-01,deceased
30314,30809,31004,1715-01-01,1746-06-01,deceased
30315,30603,31005,1710-01-01,1730-06-01,deceased
30316,30861,31006,1710-01-01,1758-06-01,deceased
30317,30608,30760,1713-01-01,1758-06-01,deceased
30318,30833,31008,1711-01-01,1741-06-01,deceased
30319,30720,31009,1714-01-01,1746-06-01,deceased
30320,30836,31010,1709-01-01,1744-06-01,deceased
30321,30858,31011,1715-01-01,1743-06-01,deceased
30322,30665,31012,1712-01-01,1741-06-01,deceased
30323,30850,31013,1712-01-01,1742-06-01,deceased
30324,30769,31014,1714-01-01,1738-06-01,deceased
30325,30658,31015,1712-01-01,1767-06-01,deceased
30326,31244,31484,1728-01-01,1762-06-01,deceased
30327,31322,31485,1727-01-01,1765-06-01,deceased
30328,31141,31487,1731-01-01,1767-06-01,deceased
30329,31072,31488,1728-01-01,1752-06-01,deceased
30330,31424,31489,1727-01-01,1745-06-01,deceased
30331,31328,31490,1729-01-01,1755-06-01,deceased
30332,31109,31492,1727-01-01,1778-06-01,deceased
30333,31309,31493,1731-01-01,1780-06-01,deceased
30334,31438,31494,1727-01-01,1756-06-01,deceased
30335,31091,31495,1729-01-01,1764-06-01,deceased
30336,31452,31400,1733-01-01,1793-06-01,deceased
30337,31047,31496,1730-01-01,1750-06-01,deceased
30338,31388,31497,1729-01-01,1750-06-01,deceased
30339,31372,31498,1730-01-01,1755-06-01,deceased
30340,31413,31499,1733-01-01,1773-06-01,deceased
30341,31174,31501,1729-01-01,1767-06-01,deceased
30342,31030,31502,1729-01-01,1759-06-01,deceased
30343,31316,31213,1733-01-01,1783-06-01,deceased
30344,31369,31503,1727-01-01,1753-06-01,deceased
30345,31362,31504,1730-01-01,1763-06-01,deceased
30346,31481,31505,1730-01-01,1749-06-01,deceased
30347,31363,31506,1731-01-01,1755-06-01,deceased
30348,31157,31507,1731-01-01,1764-06-01,deceased
30349,31088,31373,1733-01-01,1788-06-01,deceased
30350,31188,31508,1730-01-01,1763-06-01,deceased
30351,31027,31509,1731-01-01,1761-06-01,deceased
30352,31119,31510,1733-01-01,1769-06-01,deceased
30353,31181,31511,1727-01-01,1765-06-01,deceased
30354,31037,31512,1733-01-01,1767-06-01,deceased
30355,31479,31514,1728-01-01,1748-06-01,deceased
30356,31471,31515,1733-01-01,1784-06-01,deceased
30357,31374,31516,1727-01-01,1766-06-01,deceased
30358,31229,31517,1733-01-01,1775-06-01,deceased
30359,31453,31518,1728-01-01,1746-06-01,deceased
30360,31304,31520,1732-01-01,1768-06-01,deceased
30361,31295,31521,1732-01-01,1747-06-01,deceased
30362,31065,31522,1733-01-01,1754-06-01,deceased
30363,31048,31523,1731-01-01,1777-06-01,deceased
30364,31176,31524,1732-01-01,1764-06-01,deceased
30365,31082,31525,1733-01-01,1771-06-01,deceased
30366,31345,31526,1730-01-01,1777-06-01,deceased
30367,31016,31527,1731-01-01,1783-06-01,deceased
30368,31045,31528,1727-01-01,1772-06-01,deceased
30369,31473,31529,1728-01-01,1745-06-01,deceased
30370,31127,31530,1728-01-01,1774-06-01,deceased
30371,31411,31454,1730-01-01,1781-06-01,deceased
30372,31225,31531,1733-01-01,1753-06-01,deceased
30373,31321,31038,1733-01-01,1764-06-01,deceased
30374,31254,31534,1728-01-01,1758-06-01,deceased
30375,31199,31536,1729-01-01,1767-06-01,deceased
30376,31087,31537,1728-01-01,1760-06-01,deceased
30377,31248,31460,1729-01-01,1754-06-01,deceased
30378,31354,31538,1729-01-01,1749-06-01,deceased
30379,31358,31539,1731-01-01,1761-06-01,deceased
30380,31214,31146,1728-01-01,1746-06-01,deceased
30381,31331,31540,1727-01-01,1760-06-01,deceased
30382,31081,31542,1732-01-01,1756-06-01,deceased
30383,31201,31543,1732-01-01,1762-06-01,deceased
30384,31445,31545,1733-01-01,1770-06-01,deceased
30385,31151,31546,1728-01-01,1748-06-01,deceased
30386,31263,31547,1731-01-01,1758-06-01,deceased
30387,31357,31548,1730-01-01,1753-06-01,deceased
30388,31376,31550,1728-01-01,1765-06-01,deceased
30389,31233,31551,1727-01-01,1770-06-01,deceased
30390,31173,31552,1730-01-01,1755-06-01,deceased
30391,31051,31553,1729-01-01,1780-06-01,deceased
30392,31315,31554,1727-01-01,1746-06-01,deceased
30393,31172,31555,1731-01-01,1764-06-01,deceased
30394,31280,31556,1727-01-01,1788-06-01,deceased
30395,31063,31557,1730-01-01,1756-06-01,deceased
30396,31255,31558,1732-01-01,1757-06-01,deceased
30397,31219,31559,1730-01-01,1758-06-01,deceased
30398,31348,31560,1731-01-01,1751-06-01,deceased
30399,31145,31562,1731-01-01,1751-06-01,deceased
30400,31386,31563,1731-01-01,1755-06-01,deceased
30401,31143,31564,1732-01-01,1763-06-01,deceased
30402,31147,31565,1730-01-01,1769-06-01,deceased
30403,31300,31566,1728-01-01,1752-06-01,deceased
30404,31247,31567,1731-01-01,1760-06-01,deceased
30405,31426,31568,1730-01-01,1784-06-01,deceased
30406,31342,31569,1728-01-01,1764-06-01,deceased
30407,31461,31570,1730-01-01,1776-06-01,deceased
30408,31308,31571,1729-01-01,1746-06-01,deceased
30409,31118,31572,1730-01-01,1750-06-01,deceased
30410,31034,31573,1728-01-01,1783-06-01,deceased
30411,31483,31574,1730-01-01,1753-06-01,deceased
30412,31196,31575,1733-01-01,1785-06-01,deceased
30413,31425,31576,1729-01-01,1788-06-01,deceased
30414,31332,31577,1733-01-01,1767-06-01,deceased
30415,31349,31578,1730-01-01,1787-06-01,deceased
30416,31282,31579,1729-01-01,1753-06-01,deceased
30417,31364,31389,1729-01-01,1769-06-01,deceased
30418,31170,31580,1731-01-01,1770-06-01,deceased
30419,31288,31581,1727-01-01,1754-06-01,deceased
30420,31106,31582,1731-01-01,1778-06-01,deceased
30421,31271,31583,1731-01-01,1781-06-01,deceased
30422,31224,31584,1727-01-01,1779-06-01,deceased
30423,31154,31125,1727-01-01,1766-06-01,deceased
30424,31078,31585,1731-01-01,1783-06-01,deceased
30425,31335,31586,1731-01-01,1752-06-01,deceased
30426,31442,31588,1729-01-01,1763-06-01,deceased
30427,31056,31590,1732-01-01,1759-06-01,deceased
30428,31169,31591,1727-01-01,1750-06-01,deceased
30429,31385,31592,1728-01-01,1749-06-01,deceased
30430,31391,31593,1730-01-01,1761-06-01,deceased
30431,31178,31159,1731-01-01,1749-06-01,deceased
30432,31465,31594,1728-01-01,1757-06-01,deceased
30433,31156,31595,1727-01-01,1748-06-01,deceased
30434,31274,31596,1731-01-01,1764-06-01,deceased
30435,31474,31597,1729-01-01,1773-06-01,deceased
30436,31101,31598,1727-01-01,1782-06-01,deceased
30437,31028,31599,1727-01-01,1744-06-01,deceased
30438,31353,31600,1729-01-01,1748-06-01,deceased
30439,31359,31601,1733-01-01,1757-06-01,deceased
30440,31399,31602,1730-01-01,1775-06-01,deceased
30441,31313,31603,1727-01-01,1754-06-01,deceased
30442,31456,31604,1732-01-01,1774-06-01,deceased
30443,31276,31605,1727-01-01,1767-06-01,deceased
30444,31396,31407,1728-01-01,1747-06-01,deceased
30445,31180,31606,1727-01-01,1752-06-01,deceased
30446,31223,31607,1727-01-01,1779-06-01,deceased
30447,31190,31608,1729-01-01,1757-06-01,deceased
30448,31040,31609,1733-01-01,1777-06-01,deceased
30449,31278,31610,1727-01-01,1751-06-01,deceased
30450,31130,31611,1733-01-01,1759-06-01,deceased
30451,31238,31612,1730-01-01,1790-06-01,deceased
30452,31022,31613,1728-01-01,1754-06-01,deceased
30453,31093,31614,1728-01-01,1758-06-01,deceased
30454,31423,31615,1731-01-01,1774-06-01,deceased
30455,31055,31451,1733-01-01,1770-06-01,deceased
30456,31401,31616,1730-01-01,1752-06-01,deceased
30457,31105,31617,1732-01-01,1775-06-01,deceased
30458,31134,31261,1731-01-01,1776-06-01,deceased
30459,31443,31618,1729-01-01,1757-06-01,deceased
30460,31242,31619,1730-01-01,1757-06-01,deceased
30461,31116,31620,1728-01-01,1792-06-01,deceased
30462,31108,31621,1731-01-01,1779-06-01,deceased
30463,31408,31622,1732-01-01,1768-06-01,deceased
30464,31150,31623,1727-01-01,1752-06-01,deceased
30465,31183,31624,1730-01-01,1752-06-01,deceased
30466,31429,31625,1733-01-01,1773-06-01,deceased
30467,31165,31627,1729-01-01,1757-06-01,deceased
30468,31142,31628,1729-01-01,1772-06-01,deceased
30469,31234,31630,1729-01-01,1781-06-01,deceased
30470,31478,31631,1731-01-01,1770-06-01,deceased
30471,31113,31632,1732-01-01,1753-06-01,deceased
30472,31252,31633,1728-01-01,1761-06-01,deceased
30473,31383,31634,1729-01-01,1753-06-01,deceased
30474,31292,31635,1729-01-01,1750-06-01,deceased
30475,31182,31636,1729-01-01,1781-06-01,deceased
30476,31310,31637,1727-01-01,1778-06-01,deceased
30477,31018,31080,1730-01-01,1785-06-01,deceased
30478,31323,31639,1728-01-01,1755-06-01,deceased
30479,31390,31640,1729-01-01,1757-06-01,deceased
30480,31446,31329,1727-01-01,1756-06-01,deceased
30481,31435,31641,1732-01-01,1770-06-01,deceased
30482,31277,31643,1729-01-01,1756-06-01,deceased
30483,31221,31644,1730-01-01,1778-06-01,deceased
30484,31437,31220,1728-01-01,1757-06-01,deceased
30485,31291,31645,1727-01-01,1774-06-01,deceased
30486,31050,31646,1731-01-01,1761-06-01,deceased
30487,31131,31647,1732-01-01,1753-06-01,deceased
30488,31059,31648,1731-01-01,1772-06-01,deceased
30489,31035,31649,1728-01-01,1746-06-01,deceased
30490,31285,31415,1728-01-01,1754-06-01,deceased
30491,31137,31650,1730-01-01,1785-06-01,deceased
30492,31103,31651,1727-01-01,1768-06-01,deceased
30493,31203,31652,1727-01-01,1754-06-01,deceased
30494,31395,31653,1733-01-01,1752-06-01,deceased
30495,31162,31655,1727-01-01,1760-06-01,deceased
30496,31320,31656,1730-01-01,1768-06-01,deceased
30497,31042,31658,1731-01-01,1752-06-01,deceased
30498,31468,31660,1733-01-01,1776-06-01,deceased
30499,31136,31661,1729-01-01,1746-06-01,deceased
30500,31140,31312,1731-01-01,1752-06-01,deceased
30501,31297,31663,1729-01-01,1770-06-01,deceased
30502,31450,31664,1727-01-01,1774-06-01,deceased
30503,31249,31666,1731-01-01,1752-06-01,deceased
30504,31126,31667,1731-01-01,1789-06-01,deceased
30505,31281,31668,1730-01-01,1759-06-01,deceased
30506,31193,31669,1733-01-01,1771-06-01,deceased
30507,31459,31670,1728-01-01,1748-06-01,deceased
30508,31110,31671,1731-01-01,1784-06-01,deceased
30509,31090,31672,1728-01-01,1743-06-01,deceased
30510,31419,31673,1730-01-01,1761-06-01,deceased
30511,31301,31039,1732-01-01,1778-06-01,deceased
30512,31191,31674,1731-01-01,1749-06-01,deceased
30513,31264,31676,1733-01-01,1770-06-01,deceased
30514,31267,31677,1727-01-01,1750-06-01,deceased
30515,31074,31480,1728-01-01,1776-06-01,deceased
30516,31298,31679,1731-01-01,1749-06-01,deceased
30517,31467,31680,1731-01-01,1783-06-01,deceased
30518,31175,31681,1729-01-01,1758-06-01,deceased
30519,31149,31682,1733-01-01,1795-06-01,deceased
30520,31168,31683,1727-01-01,1753-06-01,deceased
30521,31211,31684,1732-01-01,1755-06-01,deceased
30522,31144,31685,1732-01-01,1779-06-01,deceased
30523,31417,31686,1727-01-01,1754-06-01,deceased
30524,31381,31688,1733-01-01,1767-06-01,deceased
30525,31086,31689,1730-01-01,1750-06-01,deceased
30526,31416,31690,1729-01-01,1765-06-01,deceased
30527,31192,31692,1727-01-01,1765-06-01,deceased
30528,31021,31338,1731-01-01,1755-06-01,deceased
30529,31076,31071,1732-01-01,1750-06-01,deceased
30530,31283,31693,1729-01-01,1749-06-01,deceased
30531,31346,31694,1730-01-01,1758-06-01,deceased
30532,31112,31695,1733-01-01,1788-06-01,deceased
30533,31243,31696,1727-01-01,1769-06-01,deceased
30534,31227,31697,1733-01-01,1763-06-01,deceased
30535,31099,31698,1730-01-01,1747-06-01,deceased
30536,31371,31699,1729-01-01,1757-06-01,deceased
30537,31477,31700,1733-01-01,1788-06-01,deceased
30538,31111,31701,1727-01-01,1745-06-01,deceased
30539,31246,31703,1733-01-01,1765-06-01,deceased
30540,31932,32344,1746-01-01,1776-06-01,deceased
30541,32177,32345,1745-01-01,1766-06-01,deceased
30542,31772,32346,1750-01-01,1795-06-01,deceased
30543,31927,32347,1745-01-01,1760-06-01,deceased
30544,32320,32348,1750-01-01,1799-06-01,deceased
30545,31763,32349,1749-01-01,1787-06-01,deceased
30546,31939,32350,1745-01-01,1767-06-01,deceased
30547,31935,32351,1748-01-01,1786-06-01,deceased
30548,31905,32352,1747-01-01,1777-06-01,deceased
30549,32108,32355,1748-01-01,1799-06-01,deceased
30550,31971,32356,1751-01-01,1778-06-01,deceased
30551,32165,32357,1745-01-01,1771-06-01,deceased
30552,31977,32358,1749-01-01,1780-06-01,deceased
30553,32009,32308,1746-01-01,1790-06-01,deceased
30554,32022,32360,1750-01-01,1789-06-01,deceased
30555,31778,32361,1751-01-01,1775-06-01,deceased
30556,32343,32362,1745-01-01,1763-06-01,deceased
30557,31832,32363,1746-01-01,1779-06-01,deceased
30558,32075,32365,1749-01-01,1779-06-01,deceased
30559,32073,32366,1751-01-01,1781-06-01,deceased
30560,31738,32367,1749-01-01,1801-06-01,deceased
30561,32249,32368,1746-01-01,1786-06-01,deceased
30562,31972,32369,1748-01-01,1779-06-01,deceased
30563,31776,32370,1746-01-01,1794-06-01,deceased
30564,31848,32371,1745-01-01,1807-06-01,deceased
30565,31840,32373,1748-01-01,1777-06-01,deceased
30566,32107,32374,1746-01-01,1806-06-01,deceased
30567,32137,32067,1749-01-01,1804-06-01,deceased
30568,32311,32375,1745-01-01,1769-06-01,deceased
30569,32200,32376,1750-01-01,1773-06-01,deceased
30570,31809,32377,1750-01-01,1774-06-01,deceased
30571,31979,32378,1750-01-01,1806-06-01,deceased
30572,31705,32379,1751-01-01,1786-06-01,deceased
30573,32224,32380,1745-01-01,1785-06-01,deceased
30574,32174,32381,1751-01-01,1783-06-01,deceased
30575,31928,32382,1750-01-01,1770-06-01,deceased
30576,31807,32384,1751-01-01,1805-06-01,deceased
30577,31860,32385,1751-01-01,1767-06-01,deceased
30578,32265,32386,1746-01-01,1791-06-01,deceased
30579,31824,32387,1745-01-01,1770-06-01,deceased
30580,31955,32178,1745-01-01,1787-06-01,deceased
30581,32059,32388,1748-01-01,1803-06-01,deceased
30582,32230,32389,1751-01-01,1788-06-01,deceased
30583,32129,32391,1750-01-01,1780-06-01,deceased
30584,32321,32035,1748-01-01,1771-06-01,deceased
30585,31795,32392,1751-01-01,1770-06-01,deceased
30586,31882,32393,1748-01-01,1786-06-01,deceased
30587,31855,32395,1745-01-01,1795-06-01,deceased
30588,31879,32396,1745-01-01,1782-06-01,deceased
30589,32120,32397,1746-01-01,1781-06-01,deceased
30590,31719,32398,1748-01-01,1804-06-01,deceased
30591,31797,32399,1751-01-01,1781-06-01,deceased
30592,31911,32400,1750-01-01,1791-06-01,deceased
30593,31865,32401,1746-01-01,1784-06-01,deceased
30594,32025,32402,1751-01-01,1783-06-01,deceased
30595,32175,32403,1751-01-01,1785-06-01,deceased
30596,31875,32404,1749-01-01,1789-06-01,deceased
30597,32254,32405,1750-01-01,1787-06-01,deceased
30598,32214,32406,1749-01-01,1784-06-01,deceased
30599,31994,32407,1747-01-01,1773-06-01,deceased
30600,32038,31751,1749-01-01,1809-06-01,deceased
30601,31711,32408,1750-01-01,1777-06-01,deceased
30602,31794,32158,1745-01-01,1781-06-01,deceased
30603,31708,32409,1745-01-01,1769-06-01,deceased
30604,32211,32410,1751-01-01,1798-06-01,deceased
30605,32147,32411,1751-01-01,1779-06-01,deceased
30606,32054,32412,1748-01-01,1808-06-01,deceased
30607,31712,32414,1745-01-01,1772-06-01,deceased
30608,31887,32092,1750-01-01,1776-06-01,deceased
30609,32338,32416,1750-01-01,1795-06-01,deceased
30610,32036,32417,1746-01-01,1785-06-01,deceased
30611,31876,32123,1749-01-01,1771-06-01,deceased
30612,32093,32419,1745-01-01,1779-06-01,deceased
30613,32329,32420,1746-01-01,1772-06-01,deceased
30614,31706,32421,1748-01-01,1779-06-01,deceased
30615,32198,32422,1750-01-01,1778-06-01,deceased
30616,31885,32423,1745-01-01,1777-06-01,deceased
30617,32110,32424,1746-01-01,1799-06-01,deceased
30618,31951,32425,1750-01-01,1813-06-01,deceased
30619,32284,32426,1746-01-01,1804-06-01,deceased
30620,32271,32427,1747-01-01,1774-06-01,deceased
30621,31803,32429,1748-01-01,1781-06-01,deceased
30622,31881,31937,1749-01-01,1772-06-01,deceased
30623,31922,31724,1750-01-01,1806-06-01,deceased
30624,31942,32430,1749-01-01,1806-06-01,deceased
30625,32250,32431,1746-01-01,1771-06-01,deceased
30626,31821,31831,1751-01-01,1778-06-01,deceased
30627,32150,32432,1746-01-01,1811-06-01,deceased
30628,31986,32433,1747-01-01,1791-06-01,deceased
30629,31925,32434,1751-01-01,1784-06-01,deceased
30630,31852,32435,1746-01-01,1769-06-01,deceased
30631,31732,32436,1749-01-01,1797-06-01,deceased
30632,31897,32437,1747-01-01,1783-06-01,deceased
30633,32281,31974,1747-01-01,1810-06-01,deceased
30634,32087,32438,1745-01-01,1781-06-01,deceased
30635,32208,32439,1749-01-01,1784-06-01,deceased
30636,31758,32440,1747-01-01,1789-06-01,deceased
30637,31723,32441,1747-01-01,1797-06-01,deceased
30638,31900,32442,1746-01-01,1768-06-01,deceased
30639,32160,32259,1750-01-01,1768-06-01,deceased
30640,31799,32443,1749-01-01,1786-06-01,deceased
30641,32091,32444,1750-01-01,1775-06-01,deceased
30642,32189,32445,1747-01-01,1798-06-01,deceased
30643,32014,32446,1748-01-01,1799-06-01,deceased
30644,31968,32447,1745-01-01,1783-06-01,deceased
30645,32187,32448,1751-01-01,1777-06-01,deceased
30646,31834,32449,1746-01-01,1789-06-01,deceased
30647,32295,32450,1746-01-01,1766-06-01,deceased
30648,31934,32451,1747-01-01,1781-06-01,deceased
30649,32055,32452,1751-01-01,1771-06-01,deceased
30650,32031,32453,1745-01-01,1766-06-01,deceased
30651,32335,32454,1751-01-01,1790-06-01,deceased
30652,32337,32455,1746-01-01,1774-06-01,deceased
30653,31999,32456,1751-01-01,1796-06-01,deceased
30654,32282,32457,1749-01-01,1784-06-01,deceased
30655,31746,32458,1749-01-01,1773-06-01,deceased
30656,32176,32459,1745-01-01,1795-06-01,deceased
30657,31787,32460,1751-01-01,1779-06-01,deceased
30658,31780,32461,1745-01-01,1793-06-01,deceased
30659,31889,32462,1750-01-01,1769-06-01,deceased
30660,32145,32463,1749-01-01,1790-06-01,deceased
30661,32080,32464,1745-01-01,1798-06-01,deceased
30662,31921,32465,1749-01-01,1769-06-01,deceased
30663,32097,32466,1747-01-01,1768-06-01,deceased
30664,31995,32467,1750-01-01,1781-06-01,deceased
30665,32068,32468,1749-01-01,1802-06-01,deceased
30666,31841,32469,1751-01-01,1785-06-01,deceased
30667,31836,31842,1745-01-01,1802-06-01,deceased
30668,31837,32471,1748-01-01,1778-06-01,deceased
30669,32207,32472,1749-01-01,1778-06-01,deceased
30670,31903,32473,1747-01-01,1782-06-01,deceased
30671,31742,31720,1750-01-01,1799-06-01,deceased
30672,32232,31923,1748-01-01,1768-06-01,deceased
30673,31736,32474,1745-01-01,1768-06-01,deceased
30674,31833,32475,1750-01-01,1789-06-01,deceased
30675,32305,32476,1748-01-01,1796-06-01,deceased
30676,32204,32477,1748-01-01,1767-06-01,deceased
30677,32041,32478,1751-01-01,1796-06-01,deceased
30678,32020,32479,1749-01-01,1780-06-01,deceased
30679,32004,32480,1745-01-01,1763-06-01,deceased
30680,31850,32126,1750-01-01,1800-06-01,deceased
30681,32154,32481,1749-01-01,1806-06-01,deceased
30682,31917,32482,1749-01-01,1794-06-01,deceased
30683,32288,32483,1745-01-01,1770-06-01,deceased
30684,32195,32484,1746-01-01,1778-06-01,deceased
30685,32246,32485,1747-01-01,1778-06-01,deceased
30686,31886,32486,1750-01-01,1814-06-01,deceased
30687,32119,32487,1748-01-01,1806-06-01,deceased
30688,31811,32488,1751-01-01,1782-06-01,deceased
30689,32081,32489,1747-01-01,1780-06-01,deceased
30690,31959,32490,1749-01-01,1800-06-01,deceased
30691,32183,32491,1747-01-01,1787-06-01,deceased
30692,31858,32492,1751-01-01,1782-06-01,deceased
30693,31756,32493,1745-01-01,1777-06-01,deceased
30694,31744,32494,1750-01-01,1780-06-01,deceased
30695,32226,32495,1745-01-01,1775-06-01,deceased
30696,32317,32496,1751-01-01,1768-06-01,deceased
30697,32256,32497,1746-01-01,1800-06-01,deceased
30698,32202,32498,1750-01-01,1779-06-01,deceased
30699,31765,32499,1751-01-01,1775-06-01,deceased
30700,32261,32500,1747-01-01,1794-06-01,deceased
30701,32302,32501,1745-01-01,1791-06-01,deceased
30702,31774,31946,1747-01-01,1783-06-01,deceased
30703,32043,32503,1747-01-01,1769-06-01,deceased
30704,31902,32504,1746-01-01,1810-06-01,deceased
30705,32297,32506,1750-01-01,1797-06-01,deceased
30706,32112,32280,1751-01-01,1785-06-01,deceased
30707,31735,32264,1750-01-01,1775-06-01,deceased
30708,32125,32172,1750-01-01,1787-06-01,deceased
30709,32006,31969,1751-01-01,1767-06-01,deceased
30710,32324,32507,1750-01-01,1785-06-01,deceased
30711,31739,31940,1751-01-01,1781-06-01,deceased
30712,32218,32508,1746-01-01,1780-06-01,deceased
30713,31857,32510,1750-01-01,1786-06-01,deceased
30714,32316,32511,1750-01-01,1783-06-01,deceased
30715,31749,32513,1748-01-01,1801-06-01,deceased
30716,32069,32514,1749-01-01,1791-06-01,deceased
30717,32156,32515,1750-01-01,1780-06-01,deceased
30718,31873,32516,1750-01-01,1778-06-01,deceased
30719,31898,32517,1749-01-01,1793-06-01,deceased
30720,31947,32519,1745-01-01,1783-06-01,deceased
30721,32151,32520,1748-01-01,1771-06-01,deceased
30722,31760,32521,1747-01-01,1792-06-01,deceased
30723,32225,32522,1750-01-01,1787-06-01,deceased
30724,32330,32523,1749-01-01,1770-06-01,deceased
30725,32117,32524,1749-01-01,1781-06-01,deceased
30726,32161,32085,1750-01-01,1777-06-01,deceased
30727,32076,32528,1745-01-01,1766-06-01,deceased
30728,32028,32529,1749-01-01,1772-06-01,deceased
30729,32303,32530,1750-01-01,1770-06-01,deceased
30730,31945,32531,1745-01-01,1762-06-01,deceased
30731,32024,32532,1749-01-01,1773-06-01,deceased
30732,31931,32533,1748-01-01,1766-06-01,deceased
30733,31958,32534,1745-01-01,1772-06-01,deceased
30734,31792,32535,1748-01-01,1786-06-01,deceased
30735,32309,32021,1749-01-01,1769-06-01,deceased
30736,31718,32536,1746-01-01,1778-06-01,deceased
30737,31767,32537,1751-01-01,1775-06-01,deceased
30738,32088,32539,1749-01-01,1779-06-01,deceased
30739,31725,32540,1750-01-01,1772-06-01,deceased
30740,31721,32541,1745-01-01,1773-06-01,deceased
30741,32217,32543,1750-01-01,1769-06-01,deceased
30742,31985,32545,1751-01-01,1795-06-01,deceased
30743,31914,31957,1749-01-01,1774-06-01,deceased
30744,31830,32546,1750-01-01,1783-06-01,deceased
30745,31894,32547,1745-01-01,1801-06-01,deceased
30746,31880,32548,1748-01-01,1782-06-01,deceased
30747,32201,32549,1747-01-01,1792-06-01,deceased
30748,32030,32550,1748-01-01,1803-06-01,deceased
30749,31961,31727,1748-01-01,1769-06-01,deceased
30750,31954,32551,1749-01-01,1771-06-01,deceased
30751,32222,32552,1746-01-01,1769-06-01,deceased
30752,32252,32553,1745-01-01,1801-06-01,deceased
30753,31964,32554,1749-01-01,1766-06-01,deceased
30754,31769,32555,1745-01-01,1781-06-01,deceased
30755,32279,32556,1748-01-01,1803-06-01,deceased
30756,32169,32557,1751-01-01,1779-06-01,deceased
30757,32084,31781,1746-01-01,1791-06-01,deceased
30758,32292,32105,1746-01-01,1790-06-01,deceased
30759,31989,32558,1748-01-01,1775-06-01,deceased
30760,32290,32559,1747-01-01,1766-06-01,deceased
30761,31750,32561,1749-01-01,1790-06-01,deceased
30762,31976,32562,1748-01-01,1808-06-01,deceased
30763,32053,32563,1746-01-01,1786-06-01,deceased
30764,32095,32564,1746-01-01,1768-06-01,deceased
30765,32206,32565,1750-01-01,1776-06-01,deceased
30766,32002,32566,1750-01-01,1781-06-01,deceased
30767,32122,32567,1748-01-01,1772-06-01,deceased
30768,32325,32568,1749-01-01,1795-06-01,deceased
30769,31827,32569,1745-01-01,1780-06-01,deceased
30770,32050,32570,1747-01-01,1784-06-01,deceased
30771,31822,32571,1750-01-01,1794-06-01,deceased
30772,32049,32573,1746-01-01,1768-06-01,deceased
30773,31728,32574,1745-01-01,1788-06-01,deceased
30774,32193,32575,1751-01-01,1797-06-01,deceased
30775,32166,32576,1747-01-01,1780-06-01,deceased
30776,32016,32577,1749-01-01,1796-06-01,deceased
30777,32057,32578,1750-01-01,1771-06-01,deceased
30778,31872,32579,1749-01-01,1791-06-01,deceased
30779,32058,32580,1745-01-01,1787-06-01,deceased
30780,32260,32581,1751-01-01,1776-06-01,deceased
30781,31956,32582,1751-01-01,1782-06-01,deceased
30782,31812,32584,1746-01-01,1778-06-01,deceased
30783,32236,31918,1750-01-01,1813-06-01,deceased
30784,31829,32585,1745-01-01,1782-06-01,deceased
30785,31761,32586,1747-01-01,1785-06-01,deceased
30786,32192,32587,1751-01-01,1814-06-01,deceased
30787,31734,32141,1749-01-01,1771-06-01,deceased
30788,32044,32588,1750-01-01,1795-06-01,deceased
30789,31919,32589,1750-01-01,1777-06-01,deceased
30790,31984,32590,1747-01-01,1768-06-01,deceased
30791,31948,32592,1751-01-01,1779-06-01,deceased
30792,32064,32594,1745-01-01,1762-06-01,deceased
30793,32048,32595,1747-01-01,1776-06-01,deceased
30794,32313,32596,1750-01-01,1803-06-01,deceased
30795,32339,31853,1745-01-01,1783-06-01,deceased
30796,32181,32598,1751-01-01,1778-06-01,deceased
30797,31783,32599,1745-01-01,1790-06-01,deceased
30798,32010,32600,1745-01-01,1784-06-01,deceased
30799,32190,32601,1747-01-01,1785-06-01,deceased
30800,32121,32602,1749-01-01,1809-06-01,deceased
30801,32240,32604,1750-01-01,1798-06-01,deceased
30802,31930,32605,1750-01-01,1774-06-01,deceased
30803,32269,31768,1745-01-01,1766-06-01,deceased
30804,31861,32609,1747-01-01,1787-06-01,deceased
30805,32275,32611,1746-01-01,1765-06-01,deceased
30806,32277,32612,1749-01-01,1793-06-01,deceased
30807,31996,32613,1749-01-01,1770-06-01,deceased
30808,32238,32614,1747-01-01,1769-06-01,deceased
30809,32164,32617,1745-01-01,1796-06-01,deceased
30810,32039,32620,1751-01-01,1782-06-01,deceased
30811,32315,32621,1749-01-01,1774-06-01,deceased
30812,31933,32622,1751-01-01,1771-06-01,deceased
30813,31713,32623,1747-01-01,1811-06-01,deceased
30814,32139,32624,1750-01-01,1780-06-01,deceased
30815,32331,32625,1745-01-01,1779-06-01,deceased
30816,32300,32013,1751-01-01,1780-06-01,deceased
30817,31784,32626,1747-01-01,1765-06-01,deceased
30818,32229,32627,1749-01-01,1777-06-01,deceased
30819,32186,32628,1746-01-01,1783-06-01,deceased
30820,31782,32629,1749-01-01,1780-06-01,deceased
30821,31777,32630,1748-01-01,1770-06-01,deceased
30822,32726,33472,1763-01-01,1788-06-01,deceased
30823,32886,32790,1766-01-01,1824-06-01,deceased
30824,32983,33473,1766-01-01,1795-06-01,deceased
30825,32698,33474,1766-01-01,1803-06-01,deceased
30826,32879,33475,1765-01-01,1796-06-01,deceased
30827,33243,33476,1766-01-01,1797-06-01,deceased
30828,33190,33278,1767-01-01,1812-06-01,deceased
30829,33281,33477,1769-01-01,1815-06-01,deceased
30830,33139,33479,1767-01-01,1803-06-01,deceased
30831,33122,33480,1768-01-01,1819-06-01,deceased
30832,33273,33481,1764-01-01,1795-06-01,deceased
30833,33175,33482,1767-01-01,1792-06-01,deceased
30834,32982,33483,1766-01-01,1809-06-01,deceased
30835,32705,33484,1767-01-01,1831-06-01,deceased
30836,33453,33485,1768-01-01,1825-06-01,deceased
30837,32696,32963,1766-01-01,1814-06-01,deceased
30838,32666,33486,1764-01-01,1803-06-01,deceased
30839,32972,33487,1768-01-01,1797-06-01,deceased
30840,32792,33386,1769-01-01,1792-06-01,deceased
30841,32677,33488,1765-01-01,1809-06-01,deceased
30842,32860,33489,1769-01-01,1808-06-01,deceased
30843,33035,33315,1764-01-01,1785-06-01,deceased
30844,32783,33490,1764-01-01,1788-06-01,deceased
30845,32863,33491,1764-01-01,1806-06-01,deceased
30846,33161,32858,1769-01-01,1793-06-01,deceased
30847,33313,33492,1768-01-01,1790-06-01,deceased
30848,32869,33459,1767-01-01,1824-06-01,deceased
30849,32900,33219,1764-01-01,1804-06-01,deceased
30850,33177,33494,1766-01-01,1804-06-01,deceased
30851,33444,33495,1763-01-01,1823-06-01,deceased
30852,33365,33496,1764-01-01,1803-06-01,deceased
30853,33164,33500,1763-01-01,1782-06-01,deceased
30854,33200,33501,1763-01-01,1807-06-01,deceased
30855,32882,33502,1768-01-01,1791-06-01,deceased
30856,32807,33034,1769-01-01,1833-06-01,deceased
30857,32830,33503,1765-01-01,1794-06-01,deceased
30858,33417,33504,1764-01-01,1804-06-01,deceased
30859,33178,33505,1765-01-01,1825-06-01,deceased
30860,33378,33506,1764-01-01,1815-06-01,deceased
30861,33244,33507,1769-01-01,1792-06-01,deceased
30862,32739,33508,1763-01-01,1810-06-01,deceased
30863,32633,32679,1769-01-01,1819-06-01,deceased
30864,33092,33509,1763-01-01,1783-06-01,deceased
30865,32978,33510,1764-01-01,1811-06-01,deceased
30866,33436,33511,1768-01-01,1796-06-01,deceased
30867,32937,33512,1764-01-01,1787-06-01,deceased
30868,33422,33513,1769-01-01,1815-06-01,deceased
30869,32756,33514,1763-01-01,1816-06-01,deceased
30870,33119,33516,1769-01-01,1816-06-01,deceased
30871,32717,33517,1768-01-01,1796-06-01,deceased
30872,33301,33518,1763-01-01,1796-06-01,deceased
30873,33292,33519,1763-01-01,1782-06-01,deceased
30874,32992,32878,1763-01-01,1797-06-01,deceased
30875,33468,33188,1765-01-01,1808-06-01,deceased
30876,33322,33520,1766-01-01,1808-06-01,deceased
30877,32684,33521,1766-01-01,1798-06-01,deceased
30878,33457,33522,1769-01-01,1801-06-01,deceased
30879,33344,33523,1764-01-01,1816-06-01,deceased
30880,33066,33524,1766-01-01,1784-06-01,deceased
30881,33171,33525,1767-01-01,1784-06-01,deceased
30882,32766,33526,1769-01-01,1789-06-01,deceased
30883,33350,33527,1766-01-01,1790-06-01,deceased
30884,33008,33528,1767-01-01,1801-06-01,deceased
30885,32712,33529,1766-01-01,1782-06-01,deceased
30886,33181,33530,1769-01-01,1802-06-01,deceased
30887,33204,33531,1763-01-01,1786-06-01,deceased
30888,32951,33532,1769-01-01,1791-06-01,deceased
30889,32794,33533,1769-01-01,1789-06-01,deceased
30890,33264,33534,1767-01-01,1792-06-01,deceased
30891,33316,33535,1765-01-01,1800-06-01,deceased
30892,33011,33536,1768-01-01,1796-06-01,deceased
30893,32763,33537,1769-01-01,1791-06-01,deceased
30894,32791,33538,1769-01-01,1813-06-01,deceased
30895,32639,33539,1768-01-01,1790-06-01,deceased
30896,33463,33540,1765-01-01,1809-06-01,deceased
30897,32985,33541,1764-01-01,1803-06-01,deceased
30898,33398,33543,1765-01-01,1792-06-01,deceased
30899,33291,33544,1765-01-01,1824-06-01,deceased
30900,33015,33545,1768-01-01,1800-06-01,deceased
30901,32936,33546,1768-01-01,1803-06-01,deceased
30902,32772,33547,1766-01-01,1811-06-01,deceased
30903,33437,33548,1764-01-01,1783-06-01,deceased
30904,33146,33549,1767-01-01,1785-06-01,deceased
30905,33228,32854,1765-01-01,1818-06-01,deceased
30906,33102,33550,1769-01-01,1820-06-01,deceased
30907,33081,33552,1767-01-01,1818-06-01,deceased
30908,32930,33553,1768-01-01,1827-06-01,deceased
30909,33352,33554,1767-01-01,1790-06-01,deceased
30910,32902,33555,1763-01-01,1789-06-01,deceased
30911,32786,33557,1769-01-01,1791-06-01,deceased
30912,32867,33558,1767-01-01,1792-06-01,deceased
30913,32762,33559,1763-01-01,1795-06-01,deceased
30914,33283,33560,1766-01-01,1818-06-01,deceased
30915,33156,33561,1767-01-01,1827-06-01,deceased
30916,33147,33562,1764-01-01,1781-06-01,deceased
30917,33443,33563,1767-01-01,1790-06-01,deceased
30918,33224,33564,1768-01-01,1789-06-01,deceased
30919,33298,33565,1769-01-01,1799-06-01,deceased
30920,33359,33566,1763-01-01,1813-06-01,deceased
30921,33388,33381,1769-01-01,1804-06-01,deceased
30922,32657,33567,1767-01-01,1799-06-01,deceased
30923,33104,33568,1764-01-01,1813-06-01,deceased
30924,32870,33569,1765-01-01,1809-06-01,deceased
30925,33054,33570,1765-01-01,1797-06-01,deceased
30926,32702,32737,1764-01-01,1812-06-01,deceased
30927,33413,33571,1765-01-01,1787-06-01,deceased
30928,33185,33573,1766-01-01,1821-06-01,deceased
30929,33233,33574,1768-01-01,1784-06-01,deceased
30930,32801,33575,1769-01-01,1823-06-01,deceased
30931,32841,33576,1765-01-01,1792-06-01,deceased
30932,33112,33577,1768-01-01,1800-06-01,deceased
30933,32980,33578,1768-01-01,1788-06-01,deceased
30934,32952,33579,1767-01-01,1795-06-01,deceased
30935,32692,33580,1769-01-01,1823-06-01,deceased
30936,33116,33581,1768-01-01,1801-06-01,deceased
30937,33373,33582,1769-01-01,1798-06-01,deceased
30938,33132,33583,1766-01-01,1799-06-01,deceased
30939,33049,32669,1768-01-01,1802-06-01,deceased
30940,33074,33584,1768-01-01,1819-06-01,deceased
30941,33404,33585,1768-01-01,1787-06-01,deceased
30942,32968,33586,1766-01-01,1809-06-01,deceased
30943,33071,33587,1767-01-01,1798-06-01,deceased
30944,33236,33005,1767-01-01,1819-06-01,deceased
30945,33027,32877,1768-01-01,1815-06-01,deceased
30946,33028,33588,1767-01-01,1802-06-01,deceased
30947,33134,33589,1766-01-01,1787-06-01,deceased
30948,32816,33590,1766-01-01,1782-06-01,deceased
30949,33249,33591,1767-01-01,1811-06-01,deceased
30950,32768,33592,1767-01-01,1817-06-01,deceased
30951,33033,33593,1764-01-01,1808-06-01,deceased
30952,33124,33595,1763-01-01,1811-06-01,deceased
30953,33458,33596,1765-01-01,1817-06-01,deceased
30954,32944,33597,1768-01-01,1802-06-01,deceased
30955,33454,33598,1766-01-01,1817-06-01,deceased
30956,32693,33599,1769-01-01,1798-06-01,deceased
30957,33341,33600,1764-01-01,1799-06-01,deceased
30958,32769,33425,1765-01-01,1801-06-01,deceased
30959,32643,33601,1766-01-01,1787-06-01,deceased
30960,33234,33602,1766-01-01,1794-06-01,deceased
30961,33260,33603,1766-01-01,1817-06-01,deceased
30962,32653,33604,1763-01-01,1777-06-01,deceased
30963,33299,33605,1765-01-01,1801-06-01,deceased
30964,32892,33606,1764-01-01,1798-06-01,deceased
30965,32634,33607,1769-01-01,1796-06-01,deceased
30966,33073,33608,1769-01-01,1812-06-01,deceased
30967,33297,33609,1763-01-01,1787-06-01,deceased
30968,33342,33610,1769-01-01,1814-06-01,deceased
30969,33387,33611,1766-01-01,1789-06-01,deceased
30970,33238,33612,1768-01-01,1795-06-01,deceased
30971,33394,33613,1766-01-01,1804-06-01,deceased
30972,33380,33614,1763-01-01,1790-06-01,deceased
30973,32843,33240,1768-01-01,1817-06-01,deceased
30974,33106,33209,1763-01-01,1794-06-01,deceased
30975,33070,33615,1763-01-01,1786-06-01,deceased
30976,32637,33616,1765-01-01,1810-06-01,deceased
30977,33040,33617,1766-01-01,1805-06-01,deceased
30978,32908,33618,1764-01-01,1797-06-01,deceased
30979,33252,33619,1764-01-01,1819-06-01,deceased
30980,33085,33620,1765-01-01,1801-06-01,deceased
30981,32933,33621,1764-01-01,1814-06-01,deceased
30982,33251,33622,1765-01-01,1800-06-01,deceased
30983,33189,33623,1766-01-01,1816-06-01,deceased
30984,33368,33624,1769-01-01,1801-06-01,deceased
30985,33333,33625,1769-01-01,1808-06-01,deceased
30986,32966,33627,1767-01-01,1814-06-01,deceased
30987,33456,33628,1765-01-01,1797-06-01,deceased
30988,32855,33138,1768-01-01,1792-06-01,deceased
30989,33268,33629,1763-01-01,1789-06-01,deceased
30990,33030,33630,1768-01-01,1787-06-01,deceased
30991,32850,33631,1768-01-01,1787-06-01,deceased
30992,32642,33632,1765-01-01,1783-06-01,deceased
30993,32989,33633,1767-01-01,1794-06-01,deceased
30994,32743,33634,1767-01-01,1804-06-01,deceased
30995,33442,33636,1767-01-01,1817-06-01,deceased
30996,32813,33637,1769-01-01,1798-06-01,deceased
30997,33148,33638,1766-01-01,1827-06-01,deceased
30998,32957,33639,1767-01-01,1786-06-01,deceased
30999,33269,33640,1769-01-01,1806-06-01,deceased
31000,33426,33641,1764-01-01,1802-06-01,deceased
31001,32955,33429,1765-01-01,1785-06-01,deceased
31002,33075,33642,1767-01-01,1788-06-01,deceased
31003,33296,33643,1767-01-01,1817-06-01,deceased
31004,32803,33644,1767-01-01,1812-06-01,deceased
31005,33287,33645,1768-01-01,1786-06-01,deceased
31006,33208,33647,1769-01-01,1804-06-01,deceased
31007,32971,33648,1764-01-01,1812-06-01,deceased
31008,33026,33649,1765-01-01,1798-06-01,deceased
31009,32754,33242,1767-01-01,1788-06-01,deceased
31010,33043,33650,1769-01-01,1796-06-01,deceased
31011,33434,33389,1766-01-01,1784-06-01,deceased
31012,33449,33652,1766-01-01,1817-06-01,deceased
31013,33431,33653,1767-01-01,1786-06-01,deceased
31014,32826,33166,1768-01-01,1801-06-01,deceased
31015,32994,32690,1767-01-01,1810-06-01,deceased
31016,32753,33451,1767-01-01,1804-06-01,deceased
31017,33198,33654,1765-01-01,1786-06-01,deceased
31018,32654,33655,1766-01-01,1790-06-01,deceased
31019,32707,33308,1764-01-01,1794-06-01,deceased
31020,33393,33656,1763-01-01,1778-06-01,deceased
31021,32798,33130,1769-01-01,1798-06-01,deceased
31022,32805,33659,1763-01-01,1796-06-01,deceased
31023,33309,33660,1767-01-01,1815-06-01,deceased
31024,33294,33662,1765-01-01,1786-06-01,deceased
31025,32965,33663,1767-01-01,1799-06-01,deceased
31026,32837,33664,1764-01-01,1791-06-01,deceased
31027,32719,33665,1766-01-01,1791-06-01,deceased
31028,33044,33666,1769-01-01,1788-06-01,deceased
31029,33258,33667,1765-01-01,1789-06-01,deceased
31030,32647,33669,1769-01-01,1818-06-01,deceased
31031,32846,32997,1766-01-01,1791-06-01,deceased
31032,32829,33670,1765-01-01,1785-06-01,deceased
31033,32683,33671,1766-01-01,1814-06-01,deceased
31034,33329,33673,1765-01-01,1798-06-01,deceased
31035,32903,33674,1764-01-01,1818-06-01,deceased
31036,33255,33675,1766-01-01,1803-06-01,deceased
31037,32832,33677,1765-01-01,1786-06-01,deceased
31038,32916,33678,1764-01-01,1803-06-01,deceased
31039,32821,33679,1765-01-01,1799-06-01,deceased
31040,32648,33680,1764-01-01,1785-06-01,deceased
31041,33197,32706,1768-01-01,1787-06-01,deceased
31042,33445,33681,1768-01-01,1797-06-01,deceased
31043,32927,33046,1764-01-01,1811-06-01,deceased
31044,33076,32833,1767-01-01,1802-06-01,deceased
31045,33330,33683,1766-01-01,1801-06-01,deceased
31046,32876,33684,1768-01-01,1799-06-01,deceased
31047,33152,33685,1769-01-01,1799-06-01,deceased
31048,33051,33025,1769-01-01,1822-06-01,deceased
31049,33220,33686,1765-01-01,1813-06-01,deceased
31050,33347,33687,1766-01-01,1795-06-01,deceased
31051,33052,33688,1764-01-01,1822-06-01,deceased
31052,32806,33689,1769-01-01,1787-06-01,deceased
31053,32979,33690,1766-01-01,1803-06-01,deceased
31054,33302,33691,1769-01-01,1798-06-01,deceased
31055,33187,33692,1763-01-01,1783-06-01,deceased
31056,32953,33693,1765-01-01,1783-06-01,deceased
31057,32758,33023,1764-01-01,1821-06-01,deceased
31058,33094,33694,1767-01-01,1799-06-01,deceased
31059,33168,33696,1768-01-01,1789-06-01,deceased
31060,32959,33697,1767-01-01,1786-06-01,deceased
31061,33239,33698,1768-01-01,1800-06-01,deceased
31062,32747,33699,1769-01-01,1789-06-01,deceased
31063,32672,33700,1767-01-01,1823-06-01,deceased
31064,33017,33701,1765-01-01,1829-06-01,deceased
31065,32993,33702,1765-01-01,1794-06-01,deceased
31066,32691,33703,1766-01-01,1793-06-01,deceased
31067,33376,32818,1769-01-01,1790-06-01,deceased
31068,33332,33199,1763-01-01,1786-06-01,deceased
31069,33461,33706,1767-01-01,1831-06-01,deceased
31070,33001,33707,1764-01-01,1795-06-01,deceased
31071,33069,33708,1767-01-01,1810-06-01,deceased
31072,33354,33709,1763-01-01,1788-06-01,deceased
31073,33438,33710,1769-01-01,1808-06-01,deceased
31074,32771,33711,1766-01-01,1803-06-01,deceased
31075,32727,33712,1763-01-01,1788-06-01,deceased
31076,32788,33713,1766-01-01,1785-06-01,deceased
31077,33395,33714,1766-01-01,1808-06-01,deceased
31078,32847,33715,1767-01-01,1786-06-01,deceased
31079,32862,33716,1768-01-01,1809-06-01,deceased
31080,32644,33718,1768-01-01,1800-06-01,deceased
31081,33121,33719,1768-01-01,1790-06-01,deceased
31082,32918,32974,1768-01-01,1794-06-01,deceased
31083,32662,33720,1765-01-01,1809-06-01,deceased
31084,33036,33721,1763-01-01,1795-06-01,deceased
31085,32680,33722,1763-01-01,1814-06-01,deceased
31086,33142,33723,1765-01-01,1816-06-01,deceased
31087,32711,33724,1768-01-01,1799-06-01,deceased
31088,33375,33725,1763-01-01,1803-06-01,deceased
31089,33203,33726,1765-01-01,1800-06-01,deceased
31090,33079,33727,1769-01-01,1803-06-01,deceased
31091,32875,33728,1768-01-01,1818-06-01,deceased
31092,32797,33730,1769-01-01,1819-06-01,deceased
31093,33392,33731,1763-01-01,1784-06-01,deceased
31094,33286,33732,1769-01-01,1804-06-01,deceased
31095,32945,33733,1768-01-01,1816-06-01,deceased
31096,32670,33045,1764-01-01,1791-06-01,deceased
31097,33226,33734,1769-01-01,1803-06-01,deceased
31098,33113,33735,1763-01-01,1786-06-01,deceased
31099,33265,33736,1765-01-01,1828-06-01,deceased
31100,32962,33737,1769-01-01,1820-06-01,deceased
31101,33004,32871,1769-01-01,1816-06-01,deceased
31102,33047,33738,1763-01-01,1805-06-01,deceased
31103,32742,33739,1765-01-01,1812-06-01,deceased
31104,33327,33740,1763-01-01,1805-06-01,deceased
31105,33191,33741,1767-01-01,1815-06-01,deceased
31106,33262,33742,1763-01-01,1789-06-01,deceased
31107,33346,33743,1763-01-01,1789-06-01,deceased
31108,33067,33744,1764-01-01,1800-06-01,deceased
31109,33464,33745,1769-01-01,1803-06-01,deceased
31110,33335,32929,1764-01-01,1786-06-01,deceased
31111,33312,33746,1767-01-01,1830-06-01,deceased
31112,32922,33748,1767-01-01,1821-06-01,deceased
31113,32811,32750,1764-01-01,1802-06-01,deceased
31114,33007,33749,1769-01-01,1788-06-01,deceased
31115,33369,33750,1764-01-01,1795-06-01,deceased
31116,33041,33751,1769-01-01,1807-06-01,deceased
31117,33401,32893,1769-01-01,1803-06-01,deceased
31118,32819,33753,1764-01-01,1788-06-01,deceased
31119,33362,33754,1767-01-01,1785-06-01,deceased
31120,33173,33755,1769-01-01,1806-06-01,deceased
31121,33415,33433,1768-01-01,1831-06-01,deceased
31122,33217,33757,1765-01-01,1800-06-01,deceased
31123,33169,33758,1768-01-01,1804-06-01,deceased
31124,33157,33759,1769-01-01,1815-06-01,deceased
31125,32924,33760,1768-01-01,1814-06-01,deceased
31126,32975,33761,1763-01-01,1821-06-01,deceased
31127,33143,33762,1768-01-01,1812-06-01,deceased
31128,32746,33763,1765-01-01,1782-06-01,deceased
31129,32704,33764,1766-01-01,1803-06-01,deceased
31130,33100,33765,1764-01-01,1794-06-01,deceased
31131,32911,33766,1769-01-01,1806-06-01,deceased
31132,33117,33767,1769-01-01,1786-06-01,deceased
31133,33364,33768,1763-01-01,1807-06-01,deceased
31134,32650,33769,1764-01-01,1782-06-01,deceased
31135,32889,33770,1769-01-01,1810-06-01,deceased
31136,32884,33771,1768-01-01,1816-06-01,deceased
31137,32673,33772,1768-01-01,1823-06-01,deceased
31138,33229,33773,1768-01-01,1784-06-01,deceased
31139,32898,33775,1768-01-01,1821-06-01,deceased
31140,33108,33776,1765-01-01,1813-06-01,deceased
31141,33416,33777,1765-01-01,1787-06-01,deceased
31142,32987,33778,1763-01-01,1783-06-01,deceased
31143,33402,33779,1764-01-01,1782-06-01,deceased
31144,33128,32891,1768-01-01,1790-06-01,deceased
31145,33165,33781,1763-01-01,1802-06-01,deceased
31146,33013,33782,1767-01-01,1790-06-01,deceased
31147,33153,33783,1764-01-01,1805-06-01,deceased
31148,32851,33784,1769-01-01,1797-06-01,deceased
31149,33016,33785,1766-01-01,1799-06-01,deceased
31150,33471,33786,1766-01-01,1811-06-01,deceased
31151,33452,33787,1769-01-01,1791-06-01,deceased
31152,32651,33788,1765-01-01,1819-06-01,deceased
31153,32774,33789,1768-01-01,1788-06-01,deceased
31154,33318,33790,1765-01-01,1807-06-01,deceased
31155,33182,33791,1769-01-01,1808-06-01,deceased
31156,33324,33183,1767-01-01,1784-06-01,deceased
31157,33311,33366,1767-01-01,1789-06-01,deceased
31158,33060,33793,1765-01-01,1807-06-01,deceased
31159,33339,33794,1764-01-01,1807-06-01,deceased
31160,33201,33205,1764-01-01,1791-06-01,deceased
31161,33465,33795,1767-01-01,1810-06-01,deceased
31162,33407,33796,1767-01-01,1794-06-01,deceased
31163,33099,33797,1769-01-01,1796-06-01,deceased
31164,33383,33799,1767-01-01,1802-06-01,deceased
31165,33058,33800,1765-01-01,1785-06-01,deceased
31166,32720,33802,1766-01-01,1786-06-01,deceased
31167,32632,33803,1764-01-01,1797-06-01,deceased
31168,32919,33805,1765-01-01,1791-06-01,deceased
31169,33349,33806,1764-01-01,1802-06-01,deceased
31170,33285,32844,1763-01-01,1797-06-01,deceased
31171,33384,33807,1765-01-01,1795-06-01,deceased
31172,33221,33808,1764-01-01,1782-06-01,deceased
31173,32834,32722,1767-01-01,1790-06-01,deceased
31174,33323,33809,1764-01-01,1818-06-01,deceased
31175,33305,33811,1767-01-01,1787-06-01,deceased
31176,33212,33812,1768-01-01,1792-06-01,deceased
31177,32709,33813,1767-01-01,1792-06-01,deceased
31178,32895,33814,1766-01-01,1804-06-01,deceased
31179,33247,33815,1765-01-01,1786-06-01,deceased
31180,33421,33816,1767-01-01,1785-06-01,deceased
31181,33448,33817,1763-01-01,1798-06-01,deceased
31182,32808,33818,1765-01-01,1785-06-01,deceased
31183,32767,33819,1763-01-01,1820-06-01,deceased
31184,33009,33820,1767-01-01,1802-06-01,deceased
31185,33337,33821,1763-01-01,1794-06-01,deceased
31186,32778,33822,1765-01-01,1784-06-01,deceased
31187,32824,33823,1766-01-01,1792-06-01,deceased
31188,33039,33091,1766-01-01,1798-06-01,deceased
31189,32827,33824,1767-01-01,1789-06-01,deceased
31190,32946,33825,1764-01-01,1820-06-01,deceased
31191,32822,33826,1769-01-01,1791-06-01,deceased
31192,33097,33827,1763-01-01,1782-06-01,deceased
31193,33158,33828,1763-01-01,1796-06-01,deceased
31194,33195,33830,1764-01-01,1785-06-01,deceased
31195,33206,33832,1765-01-01,1793-06-01,deceased
31196,32872,33833,1767-01-01,1794-06-01,deceased
31197,32910,33834,1768-01-01,1794-06-01,deceased
31198,32675,33835,1767-01-01,1791-06-01,deceased
31199,33024,33836,1767-01-01,1783-06-01,deceased
31200,33460,33837,1764-01-01,1792-06-01,deceased
31201,33261,33838,1767-01-01,1788-06-01,deceased
31202,32857,33839,1764-01-01,1781-06-01,deceased
31203,33062,33840,1767-01-01,1785-06-01,deceased
31204,33254,32640,1766-01-01,1784-06-01,deceased
31205,33906,35004,1782-01-01,1806-06-01,deceased
31206,34244,35005,1784-01-01,1826-06-01,deceased
31207,34833,35006,1787-01-01,1806-06-01,deceased
31208,33874,35007,1785-01-01,1827-06-01,deceased
31209,34414,35008,1783-01-01,1822-06-01,deceased
31210,34677,34215,1781-01-01,1806-06-01,deceased
31211,34871,34674,1783-01-01,1818-06-01,deceased
31212,34941,35009,1781-01-01,1810-06-01,deceased
31213,34560,35010,1786-01-01,1847-06-01,deceased
31214,34440,35011,1782-01-01,1810-06-01,deceased
31215,34510,35012,1786-01-01,1835-06-01,deceased
31216,34984,34619,1785-01-01,1819-06-01,deceased
31217,34727,35013,1786-01-01,1806-06-01,deceased
31218,33875,35014,1781-01-01,1832-06-01,deceased
31219,33917,35017,1782-01-01,1819-06-01,deceased
31220,33866,35018,1784-01-01,1847-06-01,deceased
31221,34529,35019,1787-01-01,1808-06-01,deceased
31222,34839,35020,1787-01-01,1809-06-01,deceased
31223,34465,35021,1782-01-01,1804-06-01,deceased
31224,33934,35022,1782-01-01,1851-06-01,deceased
31225,33996,35023,1783-01-01,1811-06-01,deceased
31226,34592,35024,1784-01-01,1840-06-01,deceased
31227,34213,35025,1785-01-01,1818-06-01,deceased
31228,34701,35026,1781-01-01,1816-06-01,deceased
31229,33947,35027,1783-01-01,1807-06-01,deceased
31230,34348,35028,1786-01-01,1838-06-01,deceased
31231,34102,35029,1781-01-01,1800-06-01,deceased
31232,34221,35030,1783-01-01,1809-06-01,deceased
31233,34197,35031,1784-01-01,1808-06-01,deceased
31234,34385,35032,1785-01-01,1816-06-01,deceased
31235,34968,34449,1787-01-01,1816-06-01,deceased
31236,34141,35033,1781-01-01,1822-06-01,deceased
31237,33862,35034,1782-01-01,1797-06-01,deceased
31238,34970,35035,1784-01-01,1805-06-01,deceased
31239,34381,35036,1787-01-01,1814-06-01,deceased
31240,34483,35037,1784-01-01,1821-06-01,deceased
31241,34920,35038,1787-01-01,1836-06-01,deceased
31242,34094,35039,1784-01-01,1807-06-01,deceased
31243,34375,35040,1782-01-01,1819-06-01,deceased
31244,34734,35043,1786-01-01,1813-06-01,deceased
31245,34802,34306,1787-01-01,1803-06-01,deceased
31246,34021,34795,1784-01-01,1821-06-01,deceased
31247,34863,35044,1785-01-01,1813-06-01,deceased
31248,34305,34991,1781-01-01,1808-06-01,deceased
31249,34887,35045,1786-01-01,1806-06-01,deceased
31250,34986,35046,1785-01-01,1848-06-01,deceased
31251,34193,35047,1783-01-01,1817-06-01,deceased
31252,34830,35048,1785-01-01,1810-06-01,deceased
31253,34203,35049,1783-01-01,1798-06-01,deceased
31254,34799,35050,1785-01-01,1811-06-01,deceased
31255,34570,35051,1782-01-01,1831-06-01,deceased
31256,34233,35052,1782-01-01,1825-06-01,deceased
31257,34603,35053,1787-01-01,1808-06-01,deceased
31258,34327,34889,1787-01-01,1805-06-01,deceased
31259,34685,35054,1782-01-01,1837-06-01,deceased
31260,34017,35056,1785-01-01,1813-06-01,deceased
31261,33872,35057,1783-01-01,1801-06-01,deceased
31262,34587,35058,1784-01-01,1815-06-01,deceased
31263,34804,35059,1785-01-01,1820-06-01,deceased
31264,34387,35060,1785-01-01,1816-06-01,deceased
31265,33994,35062,1785-01-01,1833-06-01,deceased
31266,33869,35063,1786-01-01,1823-06-01,deceased
31267,34325,35064,1785-01-01,1837-06-01,deceased
31268,34236,35065,1785-01-01,1806-06-01,deceased
31269,33852,35066,1787-01-01,1825-06-01,deceased
31270,34145,35067,1786-01-01,1834-06-01,deceased
31271,34519,35068,1783-01-01,1804-06-01,deceased
31272,34931,35070,1786-01-01,1819-06-01,deceased
31273,34054,35071,1784-01-01,1815-06-01,deceased
31274,34110,35072,1786-01-01,1816-06-01,deceased
31275,34242,35073,1787-01-01,1817-06-01,deceased
31276,34503,35074,1785-01-01,1837-06-01,deceased
31277,34394,35075,1784-01-01,1807-06-01,deceased
31278,34087,34748,1783-01-01,1819-06-01,deceased
31279,34823,35077,1786-01-01,1807-06-01,deceased
31280,33884,35078,1784-01-01,1825-06-01,deceased
31281,34093,35079,1782-01-01,1836-06-01,deceased
31282,34542,35080,1783-01-01,1807-06-01,deceased
31283,34097,35081,1785-01-01,1828-06-01,deceased
31284,34247,35082,1784-01-01,1839-06-01,deceased
31285,33949,35083,1786-01-01,1817-06-01,deceased
31286,34617,35084,1787-01-01,1838-06-01,deceased
31287,34749,35085,1785-01-01,1817-06-01,deceased
31288,34410,35086,1781-01-01,1816-06-01,deceased
31289,34053,35087,1786-01-01,1813-06-01,deceased
31290,34260,34497,1785-01-01,1853-06-01,deceased
31291,34408,35088,1782-01-01,1804-06-01,deceased
31292,34917,35090,1784-01-01,1811-06-01,deceased
31293,34090,35091,1782-01-01,1808-06-01,deceased
31294,34768,35092,1782-01-01,1801-06-01,deceased
31295,34425,35095,1787-01-01,1807-06-01,deceased
31296,34205,35096,1785-01-01,1817-06-01,deceased
31297,33856,35097,1783-01-01,1817-06-01,deceased
31298,34934,35098,1785-01-01,1813-06-01,deceased
31299,34780,35099,1784-01-01,1829-06-01,deceased
31300,34429,35100,1785-01-01,1820-06-01,deceased
31301,34086,35101,1784-01-01,1829-06-01,deceased
31302,34114,34336,1782-01-01,1812-06-01,deceased
31303,34462,35102,1782-01-01,1805-06-01,deceased
31304,34283,35103,1784-01-01,1802-06-01,deceased
31305,34191,35104,1781-01-01,1819-06-01,deceased
31306,34069,35105,1784-01-01,1802-06-01,deceased
31307,34716,35106,1781-01-01,1816-06-01,deceased
31308,33851,35107,1783-01-01,1812-06-01,deceased
31309,33930,35108,1781-01-01,1830-06-01,deceased
31310,33993,35109,1782-01-01,1839-06-01,deceased
31311,34338,35110,1782-01-01,1816-06-01,deceased
31312,34295,35111,1786-01-01,1835-06-01,deceased
31313,34072,35112,1784-01-01,1822-06-01,deceased
31314,34783,35113,1783-01-01,1807-06-01,deceased
31315,34982,35114,1785-01-01,1813-06-01,deceased
31316,33916,35115,1782-01-01,1802-06-01,deceased
31317,34129,35116,1785-01-01,1805-06-01,deceased
31318,34317,35117,1782-01-01,1798-06-01,deceased
31319,34866,34681,1786-01-01,1812-06-01,deceased
31320,34635,35118,1787-01-01,1853-06-01,deceased
31321,34967,35119,1783-01-01,1801-06-01,deceased
31322,34770,35120,1784-01-01,1803-06-01,deceased
31323,33863,35121,1785-01-01,1830-06-01,deceased
31324,34577,35122,1787-01-01,1837-06-01,deceased
31325,34012,35123,1787-01-01,1822-06-01,deceased
31326,33865,35124,1787-01-01,1819-06-01,deceased
31327,34758,35125,1786-01-01,1805-06-01,deceased
31328,33990,35126,1786-01-01,1840-06-01,deceased
31329,34492,35128,1785-01-01,1808-06-01,deceased
31330,34382,35129,1787-01-01,1835-06-01,deceased
31331,33974,35130,1783-01-01,1806-06-01,deceased
31332,34346,35131,1784-01-01,1832-06-01,deceased
31333,34713,35132,1784-01-01,1805-06-01,deceased
31334,34539,34015,1783-01-01,1840-06-01,deceased
31335,33908,35134,1781-01-01,1816-06-01,deceased
31336,34873,35136,1782-01-01,1820-06-01,deceased
31337,34459,35137,1787-01-01,1834-06-01,deceased
31338,34854,35138,1783-01-01,1821-06-01,deceased
31339,33914,35139,1782-01-01,1807-06-01,deceased
31340,34537,35140,1787-01-01,1828-06-01,deceased
31341,34310,35141,1787-01-01,1807-06-01,deceased
31342,34911,34251,1787-01-01,1815-06-01,deceased
31343,34999,34491,1782-01-01,1808-06-01,deceased
31344,34335,34689,1783-01-01,1823-06-01,deceased
31345,34105,34372,1785-01-01,1806-06-01,deceased
31346,34469,35142,1787-01-01,1807-06-01,deceased
31347,34624,35143,1785-01-01,1821-06-01,deceased
31348,34098,35144,1783-01-01,1812-06-01,deceased
31349,34460,35145,1784-01-01,1803-06-01,deceased
31350,34585,35146,1783-01-01,1816-06-01,deceased
31351,34687,35147,1781-01-01,1827-06-01,deceased
31352,34611,35148,1781-01-01,1827-06-01,deceased
31353,34801,35149,1785-01-01,1804-06-01,deceased
31354,34499,35150,1786-01-01,1829-06-01,deceased
31355,33975,35153,1783-01-01,1819-06-01,deceased
31356,34441,34258,1783-01-01,1823-06-01,deceased
31357,34819,35155,1782-01-01,1802-06-01,deceased
31358,34131,34265,1782-01-01,1811-06-01,deceased
31359,34978,35156,1782-01-01,1835-06-01,deceased
31360,33854,35157,1784-01-01,1816-06-01,deceased
31361,34523,35158,1783-01-01,1840-06-01,deceased
31362,33923,35159,1786-01-01,1830-06-01,deceased
31363,34983,35160,1782-01-01,1825-06-01,deceased
31364,34226,35161,1785-01-01,1812-06-01,deceased
31365,34374,35162,1781-01-01,1805-06-01,deceased
31366,34319,34461,1785-01-01,1826-06-01,deceased
31367,34698,35164,1782-01-01,1805-06-01,deceased
31368,34472,35165,1781-01-01,1813-06-01,deceased
31369,34341,35166,1782-01-01,1800-06-01,deceased
31370,34152,35167,1781-01-01,1807-06-01,deceased
31371,34948,35168,1786-01-01,1834-06-01,deceased
31372,34700,35169,1787-01-01,1820-06-01,deceased
31373,34154,35170,1787-01-01,1817-06-01,deceased
31374,34846,35171,1782-01-01,1819-06-01,deceased
31375,34525,35172,1786-01-01,1815-06-01,deceased
31376,34552,35173,1784-01-01,1824-06-01,deceased
31377,34901,35174,1782-01-01,1817-06-01,deceased
31378,34176,35176,1783-01-01,1808-06-01,deceased
31379,34643,35177,1784-01-01,1806-06-01,deceased
31380,34329,35178,1782-01-01,1802-06-01,deceased
31381,34488,34020,1784-01-01,1818-06-01,deceased
31382,34850,35179,1787-01-01,1810-06-01,deceased
31383,34293,34485,1786-01-01,1835-06-01,deceased
31384,34219,35181,1787-01-01,1845-06-01,deceased
31385,34065,35183,1787-01-01,1828-06-01,deceased
31386,34302,35184,1782-01-01,1820-06-01,deceased
31387,34629,35185,1783-01-01,1819-06-01,deceased
31388,34075,35186,1781-01-01,1810-06-01,deceased
31389,33980,35187,1785-01-01,1806-06-01,deceased
31390,34228,33843,1787-01-01,1806-06-01,deceased
31391,34417,35188,1782-01-01,1804-06-01,deceased
31392,33887,35189,1785-01-01,1809-06-01,deceased
31393,34810,34851,1783-01-01,1811-06-01,deceased
31394,34842,33853,1783-01-01,1847-06-01,deceased
31395,34707,35191,1782-01-01,1830-06-01,deceased
31396,34294,35192,1787-01-01,1805-06-01,deceased
31397,34769,35193,1785-01-01,1820-06-01,deceased
31398,34949,35194,1787-01-01,1826-06-01,deceased
31399,34563,34474,1782-01-01,1835-06-01,deceased
31400,34602,35197,1786-01-01,1809-06-01,deceased
31401,34990,34409,1781-01-01,1840-06-01,deceased
31402,34875,35198,1782-01-01,1801-06-01,deceased
31403,33953,35199,1781-01-01,1845-06-01,deceased
31404,34023,35200,1783-01-01,1815-06-01,deceased
31405,34538,35201,1786-01-01,1812-06-01,deceased
31406,34084,35202,1787-01-01,1812-06-01,deceased
31407,34259,35203,1787-01-01,1843-06-01,deceased
31408,34623,34101,1781-01-01,1812-06-01,deceased
31409,34720,35204,1786-01-01,1821-06-01,deceased
31410,34925,35205,1786-01-01,1821-06-01,deceased
31411,34778,34513,1787-01-01,1819-06-01,deceased
31412,34565,35206,1785-01-01,1845-06-01,deceased
31413,33969,35207,1782-01-01,1810-06-01,deceased
31414,34436,35208,1785-01-01,1814-06-01,deceased
31415,34157,35209,1787-01-01,1830-06-01,deceased
31416,34673,35210,1781-01-01,1830-06-01,deceased
31417,34528,34824,1786-01-01,1817-06-01,deceased
31418,34566,35214,1781-01-01,1800-06-01,deceased
31419,34621,35215,1786-01-01,1821-06-01,deceased
31420,34007,35217,1782-01-01,1808-06-01,deceased
31421,34370,35218,1783-01-01,1804-06-01,deceased
31422,34741,34981,1787-01-01,1809-06-01,deceased
31423,33973,35219,1784-01-01,1827-06-01,deceased
31424,34171,35220,1785-01-01,1826-06-01,deceased
31425,33902,35221,1786-01-01,1820-06-01,deceased
31426,34838,34817,1787-01-01,1814-06-01,deceased
31427,34600,35222,1787-01-01,1813-06-01,deceased
31428,34056,34843,1786-01-01,1807-06-01,deceased
31429,33963,34977,1786-01-01,1834-06-01,deceased
31430,33978,35224,1783-01-01,1836-06-01,deceased
31431,34030,35225,1781-01-01,1838-06-01,deceased
31432,34494,35227,1786-01-01,1825-06-01,deceased
31433,34218,35228,1786-01-01,1808-06-01,deceased
31434,34826,35230,1782-01-01,1812-06-01,deceased
31435,33898,35231,1786-01-01,1818-06-01,deceased
31436,34002,35232,1786-01-01,1812-06-01,deceased
31437,34342,34622,1785-01-01,1809-06-01,deceased
31438,34928,35234,1781-01-01,1816-06-01,deceased
31439,34363,35235,1785-01-01,1831-06-01,deceased
31440,34514,35236,1786-01-01,1803-06-01,deceased
31441,33927,35237,1782-01-01,1820-06-01,deceased
31442,34876,35238,1784-01-01,1816-06-01,deceased
31443,34746,35239,1786-01-01,1846-06-01,deceased
31444,34334,35240,1785-01-01,1830-06-01,deceased
31445,34240,35242,1787-01-01,1811-06-01,deceased
31446,34506,33861,1785-01-01,1813-06-01,deceased
31447,34811,35243,1784-01-01,1805-06-01,deceased
31448,34256,35244,1786-01-01,1811-06-01,deceased
31449,33877,35245,1783-01-01,1821-06-01,deceased
31450,34793,35246,1783-01-01,1818-06-01,deceased
31451,34361,34354,1784-01-01,1809-06-01,deceased
31452,34582,35247,1783-01-01,1812-06-01,deceased
31453,34266,35248,1781-01-01,1804-06-01,deceased
31454,34989,35249,1784-01-01,1816-06-01,deceased
31455,34915,35250,1782-01-01,1821-06-01,deceased
31456,33900,35251,1782-01-01,1810-06-01,deceased
31457,34534,35252,1781-01-01,1809-06-01,deceased
31458,34035,35253,1787-01-01,1817-06-01,deceased
31459,34163,35254,1786-01-01,1811-06-01,deceased
31460,33970,35255,1782-01-01,1804-06-01,deceased
31461,34822,35256,1787-01-01,1835-06-01,deceased
31462,34975,35257,1787-01-01,1824-06-01,deceased
31463,34456,34740,1781-01-01,1808-06-01,deceased
31464,34150,35258,1786-01-01,1811-06-01,deceased
31465,34649,35259,1786-01-01,1828-06-01,deceased
31466,34781,35260,1786-01-01,1810-06-01,deceased
31467,34607,34155,1787-01-01,1847-06-01,deceased
31468,34434,35261,1782-01-01,1807-06-01,deceased
31469,34997,35262,1781-01-01,1833-06-01,deceased
31470,33878,35263,1784-01-01,1830-06-01,deceased
31471,34407,33845,1782-01-01,1820-06-01,deceased
31472,34008,35264,1782-01-01,1801-06-01,deceased
31473,34880,35265,1784-01-01,1805-06-01,deceased
31474,33896,35266,1787-01-01,1827-06-01,deceased
31475,34190,35267,1785-01-01,1822-06-01,deceased
31476,34786,35268,1784-01-01,1804-06-01,deceased
31477,33945,35269,1787-01-01,1820-06-01,deceased
31478,34225,35270,1782-01-01,1832-06-01,deceased
31479,33879,35271,1781-01-01,1801-06-01,deceased
31480,33892,35272,1784-01-01,1805-06-01,deceased
31481,34458,35273,1785-01-01,1814-06-01,deceased
31482,33857,35274,1782-01-01,1803-06-01,deceased
31483,34589,34403,1785-01-01,1816-06-01,deceased
31484,34653,35276,1782-01-01,1808-06-01,deceased
31485,34453,35278,1785-01-01,1828-06-01,deceased
31486,34487,35279,1781-01-01,1823-06-01,deceased
31487,34351,35280,1787-01-01,1811-06-01,deceased
31488,34032,35281,1782-01-01,1836-06-01,deceased
31489,34332,35282,1783-01-01,1830-06-01,deceased
31490,34448,35283,1784-01-01,1818-06-01,deceased
31491,34272,35285,1785-01-01,1813-06-01,deceased
31492,34723,34427,1784-01-01,1822-06-01,deceased
31493,34929,35288,1781-01-01,1823-06-01,deceased
31494,34195,35289,1784-01-01,1820-06-01,deceased
31495,34556,35290,1782-01-01,1808-06-01,deceased
31496,34663,34979,1787-01-01,1825-06-01,deceased
31497,33903,33982,1782-01-01,1811-06-01,deceased
31498,33951,35291,1787-01-01,1803-06-01,deceased
31499,33871,35292,1781-01-01,1812-06-01,deceased
31500,34232,35293,1783-01-01,1807-06-01,deceased
31501,34380,35294,1781-01-01,1806-06-01,deceased
31502,34794,35296,1781-01-01,1834-06-01,deceased
31503,34498,35297,1783-01-01,1814-06-01,deceased
31504,34207,35298,1784-01-01,1818-06-01,deceased
31505,34815,34792,1782-01-01,1814-06-01,deceased
31506,34933,35299,1786-01-01,1815-06-01,deceased
31507,33844,35300,1783-01-01,1799-06-01,deceased
31508,34249,35301,1782-01-01,1815-06-01,deceased
31509,34632,35302,1783-01-01,1839-06-01,deceased
31510,34527,35303,1784-01-01,1803-06-01,deceased
31511,34500,35304,1781-01-01,1797-06-01,deceased
31512,34860,35305,1782-01-01,1827-06-01,deceased
31513,34921,35306,1781-01-01,1832-06-01,deceased
31514,34278,35307,1783-01-01,1812-06-01,deceased
31515,34406,35308,1784-01-01,1821-06-01,deceased
31516,34884,35310,1785-01-01,1811-06-01,deceased
31517,34134,34590,1785-01-01,1809-06-01,deceased
31518,34855,35311,1783-01-01,1825-06-01,deceased
31519,34175,34932,1787-01-01,1819-06-01,deceased
31520,34475,34647,1782-01-01,1811-06-01,deceased
31521,34521,35313,1782-01-01,1804-06-01,deceased
31522,34164,35315,1781-01-01,1810-06-01,deceased
31523,33938,35317,1785-01-01,1821-06-01,deceased
31524,34352,35318,1784-01-01,1840-06-01,deceased
31525,34480,35320,1781-01-01,1835-06-01,deceased
31526,34895,35321,1781-01-01,1821-06-01,deceased
31527,34254,35322,1785-01-01,1829-06-01,deceased
31528,33940,35323,1785-01-01,1804-06-01,deceased
31529,34210,35324,1787-01-01,1833-06-01,deceased
31530,34714,35325,1784-01-01,1820-06-01,deceased
31531,34936,35326,1782-01-01,1818-06-01,deceased
31532,34264,34935,1783-01-01,1810-06-01,deceased
31533,33992,34518,1784-01-01,1823-06-01,deceased
31534,34212,35328,1785-01-01,1806-06-01,deceased
31535,33998,35329,1783-01-01,1817-06-01,deceased
31536,34672,34204,1787-01-01,1835-06-01,deceased
31537,34255,34731,1783-01-01,1841-06-01,deceased
31538,34580,35333,1784-01-01,1836-06-01,deceased
31539,34776,35334,1785-01-01,1820-06-01,deceased
31540,34217,35335,1785-01-01,1833-06-01,deceased
31541,34831,35336,1783-01-01,1799-06-01,deceased
31542,34181,35337,1784-01-01,1800-06-01,deceased
31543,34312,35338,1783-01-01,1829-06-01,deceased
31544,34350,34061,1781-01-01,1818-06-01,deceased
31545,34044,34423,1786-01-01,1839-06-01,deceased
31546,34550,35339,1782-01-01,1808-06-01,deceased
31547,34383,34322,1785-01-01,1836-06-01,deceased
31548,34036,35340,1786-01-01,1811-06-01,deceased
31549,33956,35342,1784-01-01,1840-06-01,deceased
31550,34759,35343,1786-01-01,1816-06-01,deceased
31551,34944,35344,1786-01-01,1841-06-01,deceased
31552,34358,35345,1785-01-01,1819-06-01,deceased
31553,34430,35346,1781-01-01,1827-06-01,deceased
31554,34095,35347,1783-01-01,1810-06-01,deceased
31555,34291,35348,1785-01-01,1816-06-01,deceased
31556,34288,35349,1782-01-01,1812-06-01,deceased
31557,34328,35351,1781-01-01,1829-06-01,deceased
31558,34852,35352,1784-01-01,1826-06-01,deceased
31559,34610,35353,1786-01-01,1840-06-01,deceased
31560,34451,34712,1786-01-01,1822-06-01,deceased
31561,34796,35356,1783-01-01,1816-06-01,deceased
31562,33986,35357,1782-01-01,1802-06-01,deceased
31563,34079,35358,1787-01-01,1836-06-01,deceased
31564,34789,35359,1781-01-01,1821-06-01,deceased
31565,34166,35360,1785-01-01,1811-06-01,deceased
31566,34695,35361,1782-01-01,1800-06-01,deceased
31567,34555,34939,1782-01-01,1807-06-01,deceased
31568,34421,35362,1783-01-01,1835-06-01,deceased
31569,34725,35363,1781-01-01,1797-06-01,deceased
31570,34206,35364,1781-01-01,1822-06-01,deceased
31571,34753,35365,1783-01-01,1809-06-01,deceased
31572,34185,35366,1781-01-01,1811-06-01,deceased
31573,33928,35367,1781-01-01,1806-06-01,deceased
31574,34390,35368,1782-01-01,1835-06-01,deceased
31575,34237,35369,1784-01-01,1804-06-01,deceased
31576,34972,35370,1787-01-01,1818-06-01,deceased
31577,33958,35372,1783-01-01,1811-06-01,deceased
31578,34401,35373,1785-01-01,1819-06-01,deceased
31579,33983,35374,1785-01-01,1825-06-01,deceased
31580,34668,34599,1781-01-01,1812-06-01,deceased
31581,34089,35375,1787-01-01,1806-06-01,deceased
31582,34123,35376,1781-01-01,1835-06-01,deceased
31583,34626,35377,1786-01-01,1810-06-01,deceased
31584,34337,35378,1781-01-01,1804-06-01,deceased
31585,34019,35380,1783-01-01,1846-06-01,deceased
31586,33848,34420,1782-01-01,1825-06-01,deceased
31587,34902,35381,1786-01-01,1815-06-01,deceased
31588,34675,35382,1787-01-01,1815-06-01,deceased
31589,34688,34655,1787-01-01,1819-06-01,deceased
31590,34299,35383,1786-01-01,1806-06-01,deceased
31591,34702,35384,1782-01-01,1810-06-01,deceased
31592,34355,35385,1787-01-01,1811-06-01,deceased
31593,34136,35386,1783-01-01,1809-06-01,deceased
31594,34763,35387,1785-01-01,1836-06-01,deceased
31595,34779,35388,1787-01-01,1847-06-01,deceased
31596,34618,35389,1785-01-01,1845-06-01,deceased
31597,34897,35390,1782-01-01,1826-06-01,deceased
31598,34324,35391,1787-01-01,1819-06-01,deceased
31599,34890,35392,1785-01-01,1803-06-01,deceased
31600,34418,33937,1787-01-01,1808-06-01,deceased
31601,34878,35393,1787-01-01,1816-06-01,deceased
31602,34724,35394,1785-01-01,1826-06-01,deceased
31603,34490,35395,1784-01-01,1830-06-01,deceased
31604,34077,35396,1781-01-01,1805-06-01,deceased
31605,34486,35398,1783-01-01,1813-06-01,deceased
31606,34767,35399,1783-01-01,1801-06-01,deceased
31607,33846,35400,1783-01-01,1803-06-01,deceased
31608,34548,35401,1784-01-01,1834-06-01,deceased
31609,33955,35402,1785-01-01,1809-06-01,deceased
31610,34504,35403,1784-01-01,1823-06-01,deceased
31611,34000,35404,1781-01-01,,active
31612,34848,35405,1786-01-01,1851-06-01,deceased
31613,34396,35406,1782-01-01,1848-06-01,deceased
31614,34859,35407,1781-01-01,1839-06-01,deceased
31615,34025,35408,1783-01-01,1805-06-01,deceased
31616,33936,35410,1784-01-01,1830-06-01,deceased
31617,34058,35411,1784-01-01,1813-06-01,deceased
31618,34751,35412,1786-01-01,1830-06-01,deceased
31619,34140,35413,1783-01-01,1810-06-01,deceased
31620,33841,35415,1784-01-01,1820-06-01,deceased
31621,34049,35416,1781-01-01,1844-06-01,deceased
31622,34011,35417,1786-01-01,1803-06-01,deceased
31623,34214,35418,1784-01-01,1806-06-01,deceased
31624,34041,35419,1786-01-01,1831-06-01,deceased
31625,34980,35420,1786-01-01,1813-06-01,deceased
31626,34117,35422,1783-01-01,1802-06-01,deceased
31627,34285,35423,1783-01-01,1813-06-01,deceased
31628,34471,34274,1786-01-01,1830-06-01,deceased
31629,34558,35424,1786-01-01,1810-06-01,deceased
31630,34962,35425,1784-01-01,1814-06-01,deceased
31631,34665,35426,1781-01-01,1811-06-01,deceased
31632,34858,35427,1782-01-01,1806-06-01,deceased
31633,33976,35428,1787-01-01,1804-06-01,deceased
31634,34111,33989,1784-01-01,1822-06-01,deceased
31635,33890,35429,1783-01-01,1820-06-01,deceased
31636,34128,35430,1781-01-01,1808-06-01,deceased
31637,34200,34959,1783-01-01,1821-06-01,deceased
31638,34378,35433,1787-01-01,1825-06-01,deceased
31639,34958,35434,1785-01-01,1806-06-01,deceased
31640,34703,35435,1782-01-01,1803-06-01,deceased
31641,34290,35436,1787-01-01,1824-06-01,deceased
31642,34189,33987,1787-01-01,1841-06-01,deceased
31643,33921,35438,1785-01-01,1817-06-01,deceased
31644,34816,35439,1787-01-01,1829-06-01,deceased
31645,34633,35440,1786-01-01,1820-06-01,deceased
31646,34841,35441,1785-01-01,1832-06-01,deceased
31647,34594,35442,1783-01-01,1810-06-01,deceased
31648,34790,35443,1782-01-01,1803-06-01,deceased
31649,33891,35444,1781-01-01,1799-06-01,deceased
31650,34656,35445,1781-01-01,1814-06-01,deceased
31651,34276,35446,1786-01-01,1818-06-01,deceased
31652,34009,35447,1785-01-01,1821-06-01,deceased
31653,34593,35448,1783-01-01,1807-06-01,deceased
31654,34660,35449,1785-01-01,1822-06-01,deceased
31655,34229,35450,1783-01-01,1848-06-01,deceased
31656,34186,35451,1787-01-01,1821-06-01,deceased
31657,34432,35452,1786-01-01,1823-06-01,deceased
31658,33950,35453,1784-01-01,1833-06-01,deceased
31659,33915,35454,1785-01-01,1803-06-01,deceased
31660,34248,35455,1783-01-01,1815-06-01,deceased
31661,34965,34412,1783-01-01,1818-06-01,deceased
31662,34343,35456,1787-01-01,1814-06-01,deceased
31663,34404,34869,1783-01-01,1817-06-01,deceased
31664,34359,35457,1783-01-01,1813-06-01,deceased
31665,34066,35458,1784-01-01,1829-06-01,deceased
31666,34318,35459,1782-01-01,1801-06-01,deceased
31667,34900,35461,1781-01-01,1834-06-01,deceased
31668,34812,35462,1787-01-01,1834-06-01,deceased
31669,34202,35463,1783-01-01,1815-06-01,deceased
31670,34173,35464,1781-01-01,1797-06-01,deceased
31671,34604,35465,1784-01-01,1802-06-01,deceased
31672,34268,35466,1781-01-01,1815-06-01,deceased
31673,34995,34964,1784-01-01,1806-06-01,deceased
31674,33867,34676,1785-01-01,1829-06-01,deceased
31675,34057,34963,1781-01-01,1803-06-01,deceased
31676,34505,35467,1781-01-01,1804-06-01,deceased
31677,34250,35468,1782-01-01,1814-06-01,deceased
31678,33888,35469,1783-01-01,1807-06-01,deceased
31679,34107,35470,1784-01-01,1826-06-01,deceased
31680,34638,35471,1781-01-01,1824-06-01,deceased
31681,34636,35472,1785-01-01,1809-06-01,deceased
31682,34864,35473,1786-01-01,1819-06-01,deceased
31683,34040,35474,1783-01-01,1818-06-01,deceased
31684,34886,35475,1782-01-01,1810-06-01,deceased
31685,34468,35476,1787-01-01,1819-06-01,deceased
31686,34659,35477,1782-01-01,1815-06-01,deceased
31687,35003,33943,1781-01-01,1823-06-01,deceased
31688,33922,35479,1783-01-01,1811-06-01,deceased
31689,33988,34569,1785-01-01,1814-06-01,deceased
31690,34282,35480,1783-01-01,1824-06-01,deceased
31691,34463,35481,1787-01-01,1835-06-01,deceased
31692,34956,35482,1787-01-01,1822-06-01,deceased
31693,34060,35483,1781-01-01,1799-06-01,deceased
31694,34209,35484,1784-01-01,1800-06-01,deceased
31695,36160,36961,1801-01-01,1826-06-01,deceased
31696,35491,36108,1802-01-01,1824-06-01,deceased
31697,36406,36659,1803-01-01,1840-06-01,deceased
31698,36299,36963,1805-01-01,1839-06-01,deceased
31699,36042,36964,1804-01-01,1839-06-01,deceased
31700,35902,36965,1802-01-01,1857-06-01,deceased
31701,36415,36966,1802-01-01,1823-06-01,deceased
31702,35759,36967,1803-01-01,1847-06-01,deceased
31703,36393,36968,1805-01-01,1838-06-01,deceased
31704,36842,36969,1802-01-01,1842-06-01,deceased
31705,36764,36970,1805-01-01,1826-06-01,deceased
31706,35545,36020,1800-01-01,1855-06-01,deceased
31707,36950,36971,1799-01-01,1817-06-01,deceased
31708,36326,36972,1801-01-01,1834-06-01,deceased
31709,35944,36973,1803-01-01,1830-06-01,deceased
31710,36877,36974,1802-01-01,1831-06-01,deceased
31711,36091,36975,1802-01-01,1823-06-01,deceased
31712,35843,36976,1804-01-01,1844-06-01,deceased
31713,36358,36978,1805-01-01,1832-06-01,deceased
31714,36111,36979,1803-01-01,1833-06-01,deceased
31715,36332,35991,1803-01-01,1833-06-01,deceased
31716,35972,36594,1804-01-01,1872-06-01,deceased
31717,35793,36980,1803-01-01,1866-06-01,deceased
31718,35648,36981,1805-01-01,1839-06-01,deceased
31719,36845,36982,1803-01-01,1833-06-01,deceased
31720,35897,36983,1799-01-01,1822-06-01,deceased
31721,36808,36984,1803-01-01,1823-06-01,deceased
31722,36236,36985,1799-01-01,1851-06-01,deceased
31723,35666,36986,1799-01-01,1840-06-01,deceased
31724,36517,36987,1805-01-01,1832-06-01,deceased
31725,36638,36989,1803-01-01,1835-06-01,deceased
31726,36273,36990,1805-01-01,1864-06-01,deceased
31727,35764,36652,1802-01-01,1828-06-01,deceased
31728,36494,36991,1803-01-01,1844-06-01,deceased
31729,36768,36544,1803-01-01,1841-06-01,deceased
31730,35584,36992,1805-01-01,1853-06-01,deceased
31731,36796,36993,1800-01-01,1833-06-01,deceased
31732,35487,36995,1804-01-01,1846-06-01,deceased
31733,36897,36439,1800-01-01,1834-06-01,deceased
31734,36851,36996,1804-01-01,1825-06-01,deceased
31735,36628,36997,1802-01-01,1829-06-01,deceased
31736,36627,36998,1805-01-01,1833-06-01,deceased
31737,36752,35680,1803-01-01,1821-06-01,deceased
31738,35795,36999,1801-01-01,1835-06-01,deceased
31739,36945,37000,1800-01-01,1844-06-01,deceased
31740,35685,37002,1801-01-01,1855-06-01,deceased
31741,35797,37003,1805-01-01,1846-06-01,deceased
31742,36033,37004,1800-01-01,1830-06-01,deceased
31743,36806,37006,1805-01-01,1851-06-01,deceased
31744,36614,37008,1802-01-01,1823-06-01,deceased
31745,36650,37009,1805-01-01,1846-06-01,deceased
31746,35806,36681,1804-01-01,1834-06-01,deceased
31747,36343,37010,1801-01-01,1825-06-01,deceased
31748,36554,36906,1805-01-01,1834-06-01,deceased
31749,35878,37011,1802-01-01,1846-06-01,deceased
31750,36791,37012,1801-01-01,1835-06-01,deceased
31751,36079,37013,1802-01-01,1822-06-01,deceased
31752,36653,37014,1799-01-01,1822-06-01,deceased
31753,36807,37016,1799-01-01,1824-06-01,deceased
31754,36574,37017,1800-01-01,1826-06-01,deceased
31755,36926,37018,1802-01-01,1839-06-01,deceased
31756,35790,37019,1804-01-01,1830-06-01,deceased
31757,35585,37020,1800-01-01,1851-06-01,deceased
31758,36087,37021,1805-01-01,1853-06-01,deceased
31759,36006,37022,1799-01-01,1829-06-01,deceased
31760,36728,37023,1804-01-01,1833-06-01,deceased
31761,36022,37024,1805-01-01,1833-06-01,deceased
31762,36469,37026,1804-01-01,1824-06-01,deceased
31763,35659,37027,1804-01-01,1859-06-01,deceased
31764,36088,37028,1799-01-01,1823-06-01,deceased
31765,35871,37029,1802-01-01,1839-06-01,deceased
31766,36483,37030,1805-01-01,1838-06-01,deceased
31767,36612,36514,1801-01-01,1836-06-01,deceased
31768,36717,37031,1800-01-01,1825-06-01,deceased
31769,36836,35931,1805-01-01,1860-06-01,deceased
31770,35492,37032,1802-01-01,1838-06-01,deceased
31771,36387,37033,1800-01-01,1840-06-01,deceased
31772,36268,37034,1805-01-01,1840-06-01,deceased
31773,36758,37035,1800-01-01,1837-06-01,deceased
31774,36055,37036,1801-01-01,1828-06-01,deceased
31775,36258,37037,1804-01-01,1857-06-01,deceased
31776,36156,35824,1801-01-01,1831-06-01,deceased
31777,36330,37039,1800-01-01,1824-06-01,deceased
31778,36521,37040,1800-01-01,1831-06-01,deceased
31779,36166,37041,1800-01-01,1833-06-01,deceased
31780,35609,37043,1805-01-01,1823-06-01,deceased
31781,36952,37044,1804-01-01,1834-06-01,deceased
31782,35899,35863,1800-01-01,1859-06-01,deceased
31783,36323,37045,1805-01-01,1823-06-01,deceased
31784,36772,37046,1799-01-01,1833-06-01,deceased
31785,35810,37047,1803-01-01,1841-06-01,deceased
31786,35958,37049,1801-01-01,1852-06-01,deceased
31787,36113,37050,1799-01-01,1820-06-01,deceased
31788,36118,37051,1802-01-01,1848-06-01,deceased
31789,35539,37052,1804-01-01,1844-06-01,deceased
31790,36603,35918,1802-01-01,1818-06-01,deceased
31791,35743,37054,1802-01-01,1825-06-01,deceased
31792,35633,37055,1801-01-01,1851-06-01,deceased
31793,35779,37056,1799-01-01,1839-06-01,deceased
31794,36736,37057,1799-01-01,1840-06-01,deceased
31795,36158,35592,1803-01-01,1824-06-01,deceased
31796,35895,37058,1799-01-01,1863-06-01,deceased
31797,35699,35629,1803-01-01,1834-06-01,deceased
31798,35892,37059,1800-01-01,1834-06-01,deceased
31799,36889,37060,1805-01-01,1839-06-01,deceased
31800,36601,37061,1804-01-01,1835-06-01,deceased
31801,35663,37062,1799-01-01,1825-06-01,deceased
31802,36803,37063,1805-01-01,1850-06-01,deceased
31803,36698,37064,1803-01-01,1821-06-01,deceased
31804,35695,37065,1801-01-01,1823-06-01,deceased
31805,36083,37066,1799-01-01,1861-06-01,deceased
31806,36232,37067,1800-01-01,1828-06-01,deceased
31807,36593,37068,1802-01-01,1825-06-01,deceased
31808,36265,37069,1804-01-01,1839-06-01,deceased
31809,35606,37071,1804-01-01,1840-06-01,deceased
31810,36094,37072,1802-01-01,1866-06-01,deceased
31811,36284,37073,1803-01-01,1852-06-01,deceased
31812,36282,35952,1801-01-01,1853-06-01,deceased
31813,35850,37074,1802-01-01,1824-06-01,deceased
31814,35526,37075,1801-01-01,1833-06-01,deceased
31815,36072,37076,1804-01-01,,active
31816,35777,37077,1799-01-01,1839-06-01,deceased
31817,36547,37080,1801-01-01,1829-06-01,deceased
31818,36448,37081,1804-01-01,1843-06-01,deceased
31819,36377,37082,1799-01-01,1833-06-01,deceased
31820,35718,37083,1805-01-01,1827-06-01,deceased
31821,35865,37084,1801-01-01,1821-06-01,deceased
31822,35791,37085,1800-01-01,1827-06-01,deceased
31823,36631,37086,1805-01-01,1825-06-01,deceased
31824,36881,37087,1804-01-01,1839-06-01,deceased
31825,36146,37088,1803-01-01,1859-06-01,deceased
31826,35934,37089,1804-01-01,1824-06-01,deceased
31827,35651,37090,1800-01-01,1825-06-01,deceased
31828,36384,37091,1801-01-01,1849-06-01,deceased
31829,35953,36170,1804-01-01,1839-06-01,deceased
31830,36802,35541,1801-01-01,1841-06-01,deceased
31831,35697,37092,1800-01-01,1826-06-01,deceased
31832,36487,37093,1805-01-01,1835-06-01,deceased
31833,36208,37094,1799-01-01,1854-06-01,deceased
31834,36421,37096,1804-01-01,1824-06-01,deceased
31835,35853,37098,1800-01-01,1820-06-01,deceased
31836,36677,37099,1801-01-01,1830-06-01,deceased
31837,36007,37100,1803-01-01,1855-06-01,deceased
31838,36860,37101,1802-01-01,1843-06-01,deceased
31839,36501,35948,1804-01-01,1840-06-01,deceased
31840,36648,36805,1801-01-01,1829-06-01,deceased
31841,36117,37102,1799-01-01,1818-06-01,deceased
31842,36580,35924,1803-01-01,1841-06-01,deceased
31843,35742,37106,1803-01-01,1834-06-01,deceased
31844,36246,37107,1802-01-01,1832-06-01,deceased
31845,36376,37108,1803-01-01,1852-06-01,deceased
31846,35533,37109,1805-01-01,1841-06-01,deceased
31847,35888,37110,1802-01-01,1835-06-01,deceased
31848,36262,36064,1802-01-01,1828-06-01,deceased
31849,35737,35808,1800-01-01,1846-06-01,deceased
31850,36542,37111,1804-01-01,1823-06-01,deceased
31851,35571,37112,1800-01-01,1842-06-01,deceased
31852,36849,37113,1799-01-01,1858-06-01,deceased
31853,36357,37114,1800-01-01,1837-06-01,deceased
31854,36759,35704,1799-01-01,1825-06-01,deceased
31855,35965,37116,1805-01-01,1838-06-01,deceased
31856,36474,36709,1803-01-01,1824-06-01,deceased
31857,36910,36583,1803-01-01,1840-06-01,deceased
31858,35909,37117,1799-01-01,1818-06-01,deceased
31859,36750,36408,1803-01-01,1849-06-01,deceased
31860,36136,37119,1802-01-01,1828-06-01,deceased
31861,36898,37120,1803-01-01,1832-06-01,deceased
31862,36430,37121,1799-01-01,1844-06-01,deceased
31863,35489,36053,1804-01-01,1862-06-01,deceased
31864,36351,37122,1801-01-01,1833-06-01,deceased
31865,35527,37123,1799-01-01,1818-06-01,deceased
31866,36056,37124,1801-01-01,1844-06-01,deceased
31867,35710,37125,1803-01-01,1829-06-01,deceased
31868,35776,37126,1805-01-01,1842-06-01,deceased
31869,36215,37127,1805-01-01,1868-06-01,deceased
31870,36247,37128,1801-01-01,1838-06-01,deceased
31871,36933,37129,1800-01-01,1814-06-01,deceased
31872,36291,37130,1805-01-01,1840-06-01,deceased
31873,35672,37131,1800-01-01,1826-06-01,deceased
31874,35542,37132,1800-01-01,1825-06-01,deceased
31875,35984,37133,1800-01-01,1827-06-01,deceased
31876,36948,37134,1804-01-01,1841-06-01,deceased
31877,35767,37135,1799-01-01,1834-06-01,deceased
31878,35707,37136,1805-01-01,1834-06-01,deceased
31879,35838,37137,1802-01-01,1827-06-01,deceased
31880,36115,37138,1803-01-01,1826-06-01,deceased
31881,36001,37139,1800-01-01,1820-06-01,deceased
31882,35981,37140,1805-01-01,1852-06-01,deceased
31883,35817,37141,1805-01-01,1823-06-01,deceased
31884,36383,36110,1801-01-01,1846-06-01,deceased
31885,36302,37142,1799-01-01,1823-06-01,deceased
31886,35671,37144,1800-01-01,1821-06-01,deceased
31887,35780,37146,1802-01-01,1827-06-01,deceased
31888,36863,37147,1802-01-01,,active
31889,36783,37148,1800-01-01,1829-06-01,deceased
31890,36468,37149,1804-01-01,1822-06-01,deceased
31891,35911,37150,1805-01-01,1847-06-01,deceased
31892,36130,37151,1803-01-01,1825-06-01,deceased
31893,36465,37152,1800-01-01,1838-06-01,deceased
31894,35927,37153,1799-01-01,1826-06-01,deceased
31895,36409,36557,1801-01-01,1855-06-01,deceased
31896,35665,37154,1802-01-01,1830-06-01,deceased
31897,36018,37155,1804-01-01,1836-06-01,deceased
31898,36540,37156,1804-01-01,1859-06-01,deceased
31899,36929,37157,1804-01-01,1845-06-01,deceased
31900,35717,37158,1799-01-01,1820-06-01,deceased
31901,36654,36279,1802-01-01,1825-06-01,deceased
31902,36526,37159,1805-01-01,1830-06-01,deceased
31903,35821,37160,1799-01-01,1822-06-01,deceased
31904,36621,36865,1803-01-01,1853-06-01,deceased
31905,35575,35794,1804-01-01,1836-06-01,deceased
31906,36025,37161,1800-01-01,1849-06-01,deceased
31907,36270,37162,1802-01-01,1836-06-01,deceased
31908,36361,37163,1800-01-01,1852-06-01,deceased
31909,35757,37164,1799-01-01,1825-06-01,deceased
31910,35803,37165,1805-01-01,1844-06-01,deceased
31911,36746,37166,1801-01-01,1844-06-01,deceased
31912,36345,36591,1802-01-01,1824-06-01,deceased
31913,36809,37167,1802-01-01,1823-06-01,deceased
31914,36667,37168,1799-01-01,1819-06-01,deceased
31915,36907,37169,1801-01-01,1817-06-01,deceased
31916,36956,37170,1800-01-01,1835-06-01,deceased
31917,36309,37171,1800-01-01,1850-06-01,deceased
31918,36019,37172,1801-01-01,1851-06-01,deceased
31919,36168,37173,1804-01-01,1825-06-01,deceased
31920,36071,37174,1802-01-01,1828-06-01,deceased
31921,36221,36436,1805-01-01,1825-06-01,deceased
31922,35788,37175,1800-01-01,1829-06-01,deceased
31923,36226,37176,1803-01-01,1847-06-01,deceased
31924,35719,37177,1800-01-01,1819-06-01,deceased
31925,36446,37178,1804-01-01,1836-06-01,deceased
31926,36871,37179,1799-01-01,1851-06-01,deceased
31927,36556,37180,1804-01-01,1832-06-01,deceased
31928,35503,37181,1799-01-01,1826-06-01,deceased
31929,35726,37182,1805-01-01,1846-06-01,deceased
31930,36703,37183,1800-01-01,1836-06-01,deceased
31931,35577,37184,1803-01-01,1851-06-01,deceased
31932,35682,37185,1803-01-01,1829-06-01,deceased
31933,36306,37186,1802-01-01,1838-06-01,deceased
31934,36451,37187,1801-01-01,1826-06-01,deceased
31935,35789,37188,1804-01-01,1834-06-01,deceased
31936,36530,37190,1804-01-01,1823-06-01,deceased
31937,36592,37191,1803-01-01,1842-06-01,deceased
31938,36660,36329,1800-01-01,1832-06-01,deceased
31939,35668,37193,1799-01-01,1838-06-01,deceased
31940,36559,36234,1801-01-01,1830-06-01,deceased
31941,35903,37194,1802-01-01,1827-06-01,deceased
31942,36044,37195,1805-01-01,1828-06-01,deceased
31943,35731,37196,1800-01-01,1824-06-01,deceased
31944,35890,37197,1802-01-01,1835-06-01,deceased
31945,36065,37198,1803-01-01,1850-06-01,deceased
31946,36227,37199,1799-01-01,1841-06-01,deceased
31947,36051,37200,1800-01-01,1818-06-01,deceased
31948,36767,37201,1805-01-01,1846-06-01,deceased
31949,36101,37202,1804-01-01,1838-06-01,deceased
31950,36366,37203,1804-01-01,1825-06-01,deceased
31951,36048,37204,1799-01-01,1844-06-01,deceased
31952,36397,37205,1801-01-01,1821-06-01,deceased
31953,36535,37206,1800-01-01,1837-06-01,deceased
31954,36524,37207,1799-01-01,1860-06-01,deceased
31955,35835,37208,1800-01-01,1851-06-01,deceased
31956,36293,37210,1801-01-01,1833-06-01,deceased
31957,36454,36632,1802-01-01,1825-06-01,deceased
31958,36476,37211,1805-01-01,1837-06-01,deceased
31959,36737,37212,1802-01-01,1820-06-01,deceased
31960,36823,37213,1803-01-01,1840-06-01,deceased
31961,35558,37215,1801-01-01,1836-06-01,deceased
31962,36958,37216,1805-01-01,1825-06-01,deceased
31963,35867,37217,1802-01-01,1832-06-01,deceased
31964,35870,37218,1805-01-01,1833-06-01,deceased
31965,36590,37219,1802-01-01,1823-06-01,deceased
31966,36830,37221,1799-01-01,1858-06-01,deceased
31967,36743,37222,1804-01-01,1826-06-01,deceased
31968,36123,35851,1800-01-01,1849-06-01,deceased
31969,35548,37223,1802-01-01,1848-06-01,deceased
31970,35631,37224,1803-01-01,1828-06-01,deceased
31971,35880,37225,1804-01-01,1827-06-01,deceased
31972,36241,37227,1801-01-01,1851-06-01,deceased
31973,35610,37228,1804-01-01,1849-06-01,deceased
31974,36822,37229,1804-01-01,1859-06-01,deceased
31975,36209,37230,1804-01-01,1867-06-01,deceased
31976,36399,35652,1801-01-01,1851-06-01,deceased
31977,36314,37231,1801-01-01,1843-06-01,deceased
31978,36841,36198,1804-01-01,1851-06-01,deceased
31979,36150,37232,1800-01-01,1832-06-01,deceased
31980,36391,37233,1803-01-01,1841-06-01,deceased
31981,36669,37234,1799-01-01,1834-06-01,deceased
31982,36734,37235,1799-01-01,1855-06-01,deceased
31983,36548,37236,1805-01-01,1838-06-01,deceased
31984,35721,37237,1805-01-01,1837-06-01,deceased
31985,36335,37238,1799-01-01,1816-06-01,deceased
31986,36916,36819,1803-01-01,1833-06-01,deceased
31987,36661,37239,1804-01-01,1854-06-01,deceased
31988,36518,37240,1802-01-01,1824-06-01,deceased
31989,36723,37241,1803-01-01,1844-06-01,deceased
31990,36231,37242,1803-01-01,1850-06-01,deceased
31991,36038,37243,1805-01-01,1837-06-01,deceased
31992,36199,37244,1804-01-01,1846-06-01,deceased
31993,36341,37245,1799-01-01,1860-06-01,deceased
31994,36619,37246,1799-01-01,1817-06-01,deceased
31995,36464,37247,1805-01-01,1826-06-01,deceased
31996,35556,37249,1801-01-01,1830-06-01,deceased
31997,36730,36873,1799-01-01,1833-06-01,deceased
31998,36012,37250,1804-01-01,1842-06-01,deceased
31999,36425,37251,1803-01-01,1847-06-01,deceased
32000,36385,35722,1804-01-01,1853-06-01,deceased
32001,35511,37252,1801-01-01,1828-06-01,deceased
32002,36312,36458,1805-01-01,1833-06-01,deceased
32003,36220,37253,1803-01-01,1825-06-01,deceased
32004,36285,37254,1802-01-01,1841-06-01,deceased
32005,35834,37255,1799-01-01,1823-06-01,deceased
32006,36488,37256,1799-01-01,1844-06-01,deceased
32007,36957,37257,1800-01-01,1841-06-01,deceased
32008,36617,37258,1801-01-01,1828-06-01,deceased
32009,35674,37259,1805-01-01,1838-06-01,deceased
32010,35713,36817,1801-01-01,1831-06-01,deceased
32011,36869,37260,1803-01-01,1818-06-01,deceased
32012,36643,37261,1802-01-01,1855-06-01,deceased
32013,35864,37262,1801-01-01,1841-06-01,deceased
32014,35796,37263,1803-01-01,1821-06-01,deceased
32015,35937,37264,1799-01-01,1867-06-01,deceased
32016,35616,35705,1803-01-01,1826-06-01,deceased
32017,35654,35485,1800-01-01,1832-06-01,deceased
32018,36596,37265,1802-01-01,1840-06-01,deceased
32019,35658,37266,1804-01-01,1857-06-01,deceased
32020,36440,37267,1799-01-01,1845-06-01,deceased
32021,36922,37268,1802-01-01,1835-06-01,deceased
32022,36308,37270,1804-01-01,1835-06-01,deceased
32023,36692,37271,1802-01-01,1849-06-01,deceased
32024,36317,37272,1804-01-01,1829-06-01,deceased
32025,35494,37273,1801-01-01,1833-06-01,deceased
32026,36589,37274,1799-01-01,1860-06-01,deceased
32027,36742,37275,1801-01-01,1852-06-01,deceased
32028,35620,37276,1804-01-01,1841-06-01,deceased
32029,36716,37277,1804-01-01,1827-06-01,deceased
32030,35964,37278,1804-01-01,1842-06-01,deceased
32031,35549,36843,1802-01-01,1842-06-01,deceased
32032,36423,37279,1802-01-01,1836-06-01,deceased
32033,36280,36543,1799-01-01,1820-06-01,deceased
32034,36021,37280,1803-01-01,1831-06-01,deceased
32035,36545,36680,1803-01-01,1859-06-01,deceased
32036,36852,37281,1803-01-01,1823-06-01,deceased
32037,35643,37282,1805-01-01,1825-06-01,deceased
32038,36144,37283,1802-01-01,1822-06-01,deceased
32039,36331,36413,1800-01-01,1849-06-01,deceased
32040,36339,37284,1800-01-01,1828-06-01,deceased
32041,35752,37285,1803-01-01,1829-06-01,deceased
32042,36098,37286,1799-01-01,1850-06-01,deceased
32043,35847,37287,1800-01-01,1816-06-01,deceased
32044,36876,37288,1800-01-01,1852-06-01,deceased
32045,35978,37289,1803-01-01,1823-06-01,deceased
32046,36213,37290,1800-01-01,1816-06-01,deceased
32047,35619,37291,1800-01-01,1838-06-01,deceased
32048,36954,37292,1799-01-01,1844-06-01,deceased
32049,36688,37293,1803-01-01,1827-06-01,deceased
32050,36778,37294,1802-01-01,1833-06-01,deceased
32051,36921,37295,1805-01-01,1825-06-01,deceased
32052,36639,37296,1799-01-01,1837-06-01,deceased
32053,36605,37298,1803-01-01,1839-06-01,deceased
32054,35812,37299,1800-01-01,1826-06-01,deceased
32055,36134,37300,1801-01-01,1836-06-01,deceased
32056,35724,36416,1802-01-01,1847-06-01,deceased
32057,36119,37301,1802-01-01,1842-06-01,deceased
32058,36225,37302,1801-01-01,1851-06-01,deceased
32059,35849,37304,1801-01-01,1825-06-01,deceased
32060,35913,37305,1800-01-01,1856-06-01,deceased
32061,35649,37306,1799-01-01,1857-06-01,deceased
32062,35588,37307,1801-01-01,1836-06-01,deceased
32063,36577,37310,1803-01-01,1835-06-01,deceased
32064,36057,37311,1799-01-01,1821-06-01,deceased
32065,35956,37312,1802-01-01,1842-06-01,deceased
32066,35858,37313,1801-01-01,1857-06-01,deceased
32067,36490,35872,1805-01-01,1850-06-01,deceased
32068,36721,37314,1805-01-01,1832-06-01,deceased
32069,35962,36479,1800-01-01,1827-06-01,deceased
32070,36013,36924,1799-01-01,1831-06-01,deceased
32071,35531,37315,1805-01-01,1830-06-01,deceased
32072,36023,37316,1804-01-01,1847-06-01,deceased
32073,36405,36353,1803-01-01,1831-06-01,deceased
32074,36754,37317,1801-01-01,1840-06-01,deceased
32075,35842,37318,1799-01-01,1843-06-01,deceased
32076,36316,37319,1804-01-01,1835-06-01,deceased
32077,35565,37320,1804-01-01,1861-06-01,deceased
32078,35715,36157,1805-01-01,1828-06-01,deceased
32079,35988,37321,1799-01-01,1847-06-01,deceased
32080,36228,37322,1803-01-01,1852-06-01,deceased
32081,36004,37323,1802-01-01,1821-06-01,deceased
32082,36562,36769,1799-01-01,1866-06-01,deceased
32083,36771,37327,1799-01-01,1858-06-01,deceased
32084,35693,37328,1804-01-01,1833-06-01,deceased
32085,36104,37329,1802-01-01,1840-06-01,deceased
32086,36891,37330,1804-01-01,1858-06-01,deceased
32087,35596,37331,1801-01-01,1845-06-01,deceased
32088,35783,37332,1800-01-01,1818-06-01,deceased
32089,35645,37333,1801-01-01,1852-06-01,deceased
32090,36908,37334,1805-01-01,1824-06-01,deceased
32091,35977,37335,1804-01-01,1823-06-01,deceased
32092,35536,37336,1804-01-01,1838-06-01,deceased
32093,35916,37337,1804-01-01,1843-06-01,deceased
32094,36682,36189,1800-01-01,1856-06-01,deceased
32095,36856,37338,1801-01-01,1823-06-01,deceased
32096,36122,37339,1805-01-01,1840-06-01,deceased
32097,35765,37340,1801-01-01,1825-06-01,deceased
32098,36481,37341,1801-01-01,1827-06-01,deceased
32099,35801,37342,1805-01-01,1866-06-01,deceased
32100,35621,37343,1801-01-01,1823-06-01,deceased
32101,36672,37344,1802-01-01,1818-06-01,deceased
32102,36847,37345,1804-01-01,1819-06-01,deceased
32103,35775,37347,1803-01-01,1852-06-01,deceased
32104,36260,37348,1802-01-01,1860-06-01,deceased
32105,36788,37349,1801-01-01,1858-06-01,deceased
32106,36527,37350,1802-01-01,1828-06-01,deceased
32107,36711,37351,1805-01-01,1832-06-01,deceased
32108,36587,35519,1800-01-01,1831-06-01,deceased
32109,36679,37352,1801-01-01,1834-06-01,deceased
32110,36437,37353,1799-01-01,1834-06-01,deceased
32111,35711,37354,1805-01-01,1851-06-01,deceased
32112,36595,37355,1805-01-01,1830-06-01,deceased
32113,36626,37356,1799-01-01,1832-06-01,deceased
32114,35959,37358,1801-01-01,1865-06-01,deceased
32115,36346,37359,1805-01-01,1848-06-01,deceased
32116,36014,37360,1801-01-01,1824-06-01,deceased
32117,36261,37361,1801-01-01,1834-06-01,deceased
32118,35993,35747,1804-01-01,1832-06-01,deceased
32119,36503,37362,1802-01-01,1837-06-01,deceased
32120,36635,37363,1804-01-01,1822-06-01,deceased
32121,36811,37364,1799-01-01,1852-06-01,deceased
32122,36493,37365,1800-01-01,1822-06-01,deceased
32123,36920,37366,1801-01-01,1817-06-01,deceased
32124,36576,36555,1804-01-01,1826-06-01,deceased
32125,36585,37368,1804-01-01,1829-06-01,deceased
32126,36147,37370,1805-01-01,1842-06-01,deceased
32127,36143,37372,1801-01-01,1864-06-01,deceased
32128,35781,37373,1804-01-01,1826-06-01,deceased
32129,36319,36888,1802-01-01,1851-06-01,deceased
32130,35887,37374,1800-01-01,1833-06-01,deceased
32131,35690,37375,1805-01-01,1844-06-01,deceased
32132,36195,37376,1799-01-01,1841-06-01,deceased
32133,36449,37377,1804-01-01,1830-06-01,deceased
32134,36063,37378,1803-01-01,1840-06-01,deceased
32135,36337,37379,1805-01-01,1824-06-01,deceased
32136,36169,37380,1804-01-01,1857-06-01,deceased
32137,36453,37381,1802-01-01,1868-06-01,deceased
32138,35497,37382,1802-01-01,1864-06-01,deceased
32139,36833,37383,1800-01-01,1830-06-01,deceased
32140,36774,37384,1803-01-01,1827-06-01,deceased
32141,36668,36495,1804-01-01,1830-06-01,deceased
32142,36374,37385,1799-01-01,1847-06-01,deceased
32143,35499,37386,1803-01-01,1848-06-01,deceased
32144,36463,37387,1799-01-01,1846-06-01,deceased
32145,36886,37388,1800-01-01,1817-06-01,deceased
32146,35740,37389,1804-01-01,1825-06-01,deceased
32147,36431,37390,1801-01-01,1855-06-01,deceased
32148,36076,37391,1805-01-01,1832-06-01,deceased
32149,35832,37392,1799-01-01,1843-06-01,deceased
32150,36931,35904,1800-01-01,1847-06-01,deceased
32151,36657,37394,1799-01-01,1816-06-01,deceased
32152,36381,37395,1804-01-01,1868-06-01,deceased
32153,36647,37396,1803-01-01,1840-06-01,deceased
32154,36037,37397,1805-01-01,1836-06-01,deceased
32155,36960,37398,1805-01-01,1843-06-01,deceased
32156,35811,37399,1802-01-01,1858-06-01,deceased
32157,35613,37400,1801-01-01,1819-06-01,deceased
32158,36786,37401,1805-01-01,1844-06-01,deceased
32159,36201,37402,1802-01-01,1820-06-01,deceased
32160,36651,36301,1803-01-01,1832-06-01,deceased
32161,36402,37403,1800-01-01,1846-06-01,deceased
32162,36187,37404,1801-01-01,1850-06-01,deceased
32163,36047,37405,1801-01-01,1837-06-01,deceased
32164,36821,37406,1800-01-01,1851-06-01,deceased
32165,36148,37407,1805-01-01,1823-06-01,deceased
32166,36276,37408,1804-01-01,1843-06-01,deceased
32167,36857,37409,1803-01-01,1853-06-01,deceased
32168,36700,37410,1800-01-01,1834-06-01,deceased
32169,36658,35957,1799-01-01,1820-06-01,deceased
32170,35608,37411,1801-01-01,1822-06-01,deceased
32171,35604,37412,1803-01-01,1828-06-01,deceased
32172,36745,37413,1801-01-01,1850-06-01,deceased
32173,36460,35601,1802-01-01,1836-06-01,deceased
32174,36420,36461,1803-01-01,1832-06-01,deceased
32175,35896,37414,1803-01-01,1833-06-01,deceased
32176,35785,36744,1803-01-01,1834-06-01,deceased
32177,36369,36608,1800-01-01,1829-06-01,deceased
32178,36417,37415,1799-01-01,1832-06-01,deceased
32179,35760,37416,1803-01-01,1855-06-01,deceased
32180,35900,37417,1801-01-01,1855-06-01,deceased
32181,36828,37418,1802-01-01,1835-06-01,deceased
32182,36061,37419,1804-01-01,1823-06-01,deceased
32183,35698,37420,1800-01-01,1835-06-01,deceased
32184,36192,35915,1801-01-01,1821-06-01,deceased
32185,35936,37421,1805-01-01,1853-06-01,deceased
32186,35861,36797,1804-01-01,1843-06-01,deceased
32187,36874,37422,1804-01-01,1830-06-01,deceased
32188,35515,35945,1801-01-01,1836-06-01,deceased
32189,35736,37424,1803-01-01,1850-06-01,deceased
32190,36173,37425,1799-01-01,1840-06-01,deceased
32191,36266,37426,1802-01-01,1831-06-01,deceased
32192,36634,37427,1801-01-01,1865-06-01,deceased
32193,35882,37428,1804-01-01,1822-06-01,deceased
32194,36207,37429,1799-01-01,1853-06-01,deceased
32195,35579,37431,1800-01-01,1821-06-01,deceased
32196,36699,37432,1804-01-01,1840-06-01,deceased
32197,36052,37433,1801-01-01,1859-06-01,deceased
32198,35930,37434,1799-01-01,1853-06-01,deceased
32199,35518,37435,1803-01-01,1834-06-01,deceased
32200,36664,37436,1804-01-01,1859-06-01,deceased
32201,36582,37437,1805-01-01,1821-06-01,deceased
32202,36026,37438,1804-01-01,1826-06-01,deceased
32203,35786,37439,1803-01-01,1837-06-01,deceased
32204,36565,36378,1799-01-01,1834-06-01,deceased
32205,36506,37440,1799-01-01,1844-06-01,deceased
32206,35670,37441,1800-01-01,1818-06-01,deceased
32207,36304,37442,1799-01-01,1823-06-01,deceased
32208,36727,37443,1800-01-01,1827-06-01,deceased
32209,36347,37445,1802-01-01,1857-06-01,deceased
32210,35537,37446,1802-01-01,1818-06-01,deceased
32211,35578,37447,1804-01-01,1841-06-01,deceased
32212,35754,37448,1803-01-01,1850-06-01,deceased
32213,36373,37449,1804-01-01,1857-06-01,deceased
32214,35543,37450,1799-01-01,1829-06-01,deceased
32215,36855,37451,1800-01-01,1835-06-01,deceased
32216,35986,37452,1803-01-01,1827-06-01,deceased
32217,35602,37453,1803-01-01,1848-06-01,deceased
32218,36444,37455,1805-01-01,1842-06-01,deceased
32219,35638,37456,1804-01-01,1837-06-01,deceased
32220,35932,37457,1805-01-01,1856-06-01,deceased
32221,36080,37458,1801-01-01,1829-06-01,deceased
32222,35614,37459,1799-01-01,1831-06-01,deceased
32223,36875,37460,1805-01-01,1835-06-01,deceased
32224,36205,37461,1804-01-01,1836-06-01,deceased
32225,35600,37463,1803-01-01,1824-06-01,deceased
32226,35540,37464,1799-01-01,1855-06-01,deceased
32227,36296,37465,1800-01-01,1831-06-01,deceased
32228,35883,37466,1799-01-01,1834-06-01,deceased
32229,35559,37467,1800-01-01,1846-06-01,deceased
32230,36182,37468,1802-01-01,1845-06-01,deceased
32231,36185,36740,1799-01-01,1849-06-01,deceased
32232,36936,37470,1804-01-01,1836-06-01,deceased
32233,35594,37471,1803-01-01,1826-06-01,deceased
32234,36516,36602,1802-01-01,1838-06-01,deceased
32235,35730,37473,1805-01-01,1858-06-01,deceased
32236,36905,36571,1801-01-01,1820-06-01,deceased
32237,35639,37474,1799-01-01,1850-06-01,deceased
32238,35681,37475,1801-01-01,1832-06-01,deceased
32239,36838,37476,1805-01-01,1845-06-01,deceased
32240,36832,36078,1800-01-01,1848-06-01,deceased
32241,36928,37478,1803-01-01,1822-06-01,deceased
32242,35624,36816,1804-01-01,1853-06-01,deceased
32243,35917,37479,1801-01-01,1851-06-01,deceased
32244,35905,37480,1799-01-01,1823-06-01,deceased
32245,36586,37481,1803-01-01,1830-06-01,deceased
32246,36708,37483,1804-01-01,1835-06-01,deceased
32247,36766,37484,1802-01-01,1827-06-01,deceased
32248,36598,37485,1800-01-01,1830-06-01,deceased
32249,36854,37486,1800-01-01,1838-06-01,deceased
32250,36762,37487,1802-01-01,1824-06-01,deceased
32251,36538,37488,1804-01-01,1841-06-01,deceased
32252,36031,37489,1800-01-01,1861-06-01,deceased
32253,36325,36046,1802-01-01,1836-06-01,deceased
32254,36781,37491,1801-01-01,1833-06-01,deceased
32255,36256,36398,1801-01-01,1856-06-01,deceased
32256,36610,37493,1799-01-01,1828-06-01,deceased
32257,35506,37494,1800-01-01,1824-06-01,deceased
32258,36363,37495,1805-01-01,1831-06-01,deceased
32259,35732,37496,1804-01-01,1863-06-01,deceased
32260,35555,37497,1804-01-01,1848-06-01,deceased
32261,36077,37498,1800-01-01,1849-06-01,deceased
32262,36125,37499,1804-01-01,1836-06-01,deceased
32263,35748,37500,1800-01-01,1832-06-01,deceased
32264,35688,35891,1801-01-01,1819-06-01,deceased
32265,36426,36456,1799-01-01,1834-06-01,deceased
32266,35825,37501,1803-01-01,1835-06-01,deceased
32267,36418,37502,1803-01-01,1827-06-01,deceased
32268,35500,37503,1799-01-01,1827-06-01,deceased
32269,35762,37504,1800-01-01,1830-06-01,deceased
32270,35819,37505,1803-01-01,1848-06-01,deceased
32271,35580,37506,1805-01-01,1833-06-01,deceased
32272,36704,37507,1804-01-01,1843-06-01,deceased
32273,35954,37508,1805-01-01,1835-06-01,deceased
32274,35987,37509,1804-01-01,1856-06-01,deceased
32275,36455,37511,1801-01-01,1845-06-01,deceased
32276,36683,37512,1803-01-01,1841-06-01,deceased
32277,36107,37513,1805-01-01,1842-06-01,deceased
32278,36777,37514,1803-01-01,1828-06-01,deceased
32279,36179,37515,1803-01-01,1845-06-01,deceased
32280,36690,37516,1800-01-01,1844-06-01,deceased
32281,35923,37517,1805-01-01,1865-06-01,deceased
32282,35598,35687,1802-01-01,1866-06-01,deceased
32283,36243,37518,1804-01-01,1838-06-01,deceased
32284,36686,37519,1804-01-01,1841-06-01,deceased
32285,36010,37520,1805-01-01,1848-06-01,deceased
32286,36505,36696,1799-01-01,1845-06-01,deceased
32287,35507,37521,1799-01-01,1828-06-01,deceased
32288,35635,37522,1805-01-01,1833-06-01,deceased
32289,36058,37523,1801-01-01,1844-06-01,deceased
32290,36800,36120,1799-01-01,1826-06-01,deceased
32291,35508,37524,1801-01-01,1864-06-01,deceased
32292,35590,35660,1800-01-01,1836-06-01,deceased
32293,36371,37525,1802-01-01,1829-06-01,deceased
32294,35873,37526,1805-01-01,1830-06-01,deceased
32295,36100,37527,1805-01-01,1828-06-01,deceased
32296,36642,37528,1803-01-01,1838-06-01,deceased
32297,36177,37529,1799-01-01,1827-06-01,deceased
32298,35772,37530,1799-01-01,1833-06-01,deceased
32299,36864,37531,1801-01-01,1825-06-01,deceased
32300,36127,35866,1804-01-01,1832-06-01,deceased
32301,35637,37532,1800-01-01,1839-06-01,deceased
32302,36190,37533,1802-01-01,1827-06-01,deceased
32303,36102,37534,1803-01-01,1855-06-01,deceased
32304,36000,37535,1801-01-01,1824-06-01,deceased
32305,35912,37536,1801-01-01,1819-06-01,deceased
32306,36947,36573,1803-01-01,1847-06-01,deceased
32307,36705,37537,1800-01-01,1830-06-01,deceased
32308,36790,37538,1802-01-01,1844-06-01,deceased
32309,35626,37539,1804-01-01,1845-06-01,deceased
32310,36151,35827,1803-01-01,1820-06-01,deceased
32311,36943,37540,1802-01-01,1832-06-01,deceased
32312,36112,37541,1799-01-01,1824-06-01,deceased
32313,35951,36237,1803-01-01,1828-06-01,deceased
32314,36352,35716,1805-01-01,1850-06-01,deceased
32315,35769,37542,1801-01-01,1828-06-01,deceased
32316,36287,37543,1799-01-01,1822-06-01,deceased
32317,36217,37544,1802-01-01,1836-06-01,deceased
32318,36731,37545,1802-01-01,1833-06-01,deceased
32319,35522,37547,1803-01-01,1857-06-01,deceased
32320,36799,35837,1800-01-01,1830-06-01,deceased
32321,36893,37548,1800-01-01,1829-06-01,deceased
32322,36844,37549,1805-01-01,1853-06-01,deceased
32323,36367,36390,1804-01-01,1838-06-01,deceased
32324,36041,37550,1804-01-01,1833-06-01,deceased
32325,35520,37551,1802-01-01,1836-06-01,deceased
32326,35943,37552,1800-01-01,1841-06-01,deceased
32327,36035,37554,1801-01-01,1853-06-01,deceased
32328,36894,37555,1801-01-01,1823-06-01,deceased
32329,36798,37556,1804-01-01,1868-06-01,deceased
32330,36613,37557,1802-01-01,1843-06-01,deceased
32331,36482,37558,1805-01-01,1859-06-01,deceased
32332,36813,37559,1801-01-01,1864-06-01,deceased
32333,36204,37560,1805-01-01,1845-06-01,deceased
32334,36389,37561,1803-01-01,1855-06-01,deceased
32335,36868,37562,1799-01-01,1841-06-01,deceased
32336,35569,37563,1800-01-01,1827-06-01,deceased
32337,36761,37564,1801-01-01,1836-06-01,deceased
32338,36175,37565,1802-01-01,1826-06-01,deceased
32339,35746,36129,1799-01-01,1848-06-01,deceased
32340,36739,37566,1800-01-01,1829-06-01,deceased
32341,35661,37567,1805-01-01,1831-06-01,deceased
32342,35496,37568,1800-01-01,1830-06-01,deceased
32343,35992,37569,1800-01-01,1828-06-01,deceased
32344,35647,37570,1803-01-01,1858-06-01,deceased
32345,35725,36197,1799-01-01,1826-06-01,deceased
32346,35973,37571,1804-01-01,1832-06-01,deceased
32347,36649,37573,1805-01-01,1829-06-01,deceased
32348,36250,37574,1799-01-01,1840-06-01,deceased
32349,36478,37575,1803-01-01,1823-06-01,deceased
32350,35852,37576,1802-01-01,1825-06-01,deceased
32351,35969,37578,1804-01-01,1843-06-01,deceased
32352,36011,37579,1800-01-01,1832-06-01,deceased
32353,36710,37580,1805-01-01,1829-06-01,deceased
32354,36785,37581,1804-01-01,1824-06-01,deceased
32355,36067,37582,1799-01-01,1844-06-01,deceased
32356,35502,36036,1804-01-01,1859-06-01,deceased
32357,35982,37583,1802-01-01,1822-06-01,deceased
32358,35857,37585,1800-01-01,1862-06-01,deceased
32359,35921,37586,1800-01-01,1820-06-01,deceased
32360,36184,37587,1802-01-01,1840-06-01,deceased
32361,35625,37588,1801-01-01,1840-06-01,deceased
32362,36222,36724,1802-01-01,1826-06-01,deceased
32363,35809,37589,1802-01-01,1834-06-01,deceased
32364,36355,37590,1804-01-01,1825-06-01,deceased
32365,36655,37591,1799-01-01,1825-06-01,deceased
32366,38305,39610,1817-01-01,1854-06-01,deceased
32367,38474,39611,1820-01-01,1848-06-01,deceased
32368,37668,39612,1821-01-01,1870-06-01,deceased
32369,38072,39613,1821-01-01,1852-06-01,deceased
32370,38627,39615,1823-01-01,1847-06-01,deceased
32371,38882,39616,1823-01-01,1850-06-01,deceased
32372,37670,39617,1820-01-01,1876-06-01,deceased
32373,38343,39618,1820-01-01,1845-06-01,deceased
32374,39288,39619,1821-01-01,1856-06-01,deceased
32375,38807,39620,1819-01-01,1844-06-01,deceased
32376,38719,39621,1820-01-01,1843-06-01,deceased
32377,37664,39622,1817-01-01,1843-06-01,deceased
32378,39499,39623,1817-01-01,1863-06-01,deceased
32379,39167,39624,1820-01-01,1858-06-01,deceased
32380,39295,39625,1823-01-01,1850-06-01,deceased
32381,38036,39361,1821-01-01,1850-06-01,deceased
32382,38832,39627,1819-01-01,1863-06-01,deceased
32383,39349,39628,1823-01-01,1885-06-01,deceased
32384,38909,39630,1820-01-01,1841-06-01,deceased
32385,39369,39632,1822-01-01,1848-06-01,deceased
32386,38461,39633,1818-01-01,1840-06-01,deceased
32387,38690,39634,1820-01-01,1854-06-01,deceased
32388,39252,39635,1817-01-01,1861-06-01,deceased
32389,39115,39636,1819-01-01,1860-06-01,deceased
32390,37800,39638,1820-01-01,1844-06-01,deceased
32391,39004,39640,1820-01-01,1843-06-01,deceased
32392,39109,39641,1820-01-01,1856-06-01,deceased
32393,37839,39643,1820-01-01,1836-06-01,deceased
32394,37884,39644,1817-01-01,1846-06-01,deceased
32395,39513,39645,1823-01-01,1874-06-01,deceased
32396,38530,39646,1818-01-01,1859-06-01,deceased
32397,37729,39492,1819-01-01,1847-06-01,deceased
32398,39504,39648,1818-01-01,1867-06-01,deceased
32399,39577,39649,1820-01-01,1886-06-01,deceased
32400,38635,39650,1818-01-01,1848-06-01,deceased
32401,39523,39651,1818-01-01,1849-06-01,deceased
32402,37942,39652,1823-01-01,1843-06-01,deceased
32403,37927,39653,1821-01-01,1884-06-01,deceased
32404,39501,39654,1819-01-01,1852-06-01,deceased
32405,38446,39655,1822-01-01,1853-06-01,deceased
32406,37850,38032,1818-01-01,1876-06-01,deceased
32407,38406,39656,1821-01-01,1855-06-01,deceased
32408,38552,39657,1822-01-01,1874-06-01,deceased
32409,38243,39658,1822-01-01,1884-06-01,deceased
32410,39386,39659,1817-01-01,1872-06-01,deceased
32411,37761,39661,1823-01-01,1862-06-01,deceased
32412,38939,39662,1817-01-01,1872-06-01,deceased
32413,38055,39663,1818-01-01,1849-06-01,deceased
32414,37836,38852,1823-01-01,1865-06-01,deceased
32415,38737,39665,1821-01-01,1864-06-01,deceased
32416,37953,39666,1821-01-01,1851-06-01,deceased
32417,37701,39667,1819-01-01,1851-06-01,deceased
32418,38298,38027,1819-01-01,1838-06-01,deceased
32419,38628,39668,1817-01-01,1835-06-01,deceased
32420,38262,39669,1820-01-01,1885-06-01,deceased
32421,38924,39670,1823-01-01,1863-06-01,deceased
32422,38335,39671,1819-01-01,1874-06-01,deceased
32423,38611,39672,1817-01-01,1850-06-01,deceased
32424,37596,39673,1820-01-01,1839-06-01,deceased
32425,37754,39674,1818-01-01,1857-06-01,deceased
32426,39017,39675,1821-01-01,1855-06-01,deceased
32427,38255,39676,1817-01-01,1864-06-01,deceased
32428,37866,39677,1819-01-01,1856-06-01,deceased
32429,37657,39678,1818-01-01,1836-06-01,deceased
32430,38726,39681,1817-01-01,1850-06-01,deceased
32431,38783,39682,1817-01-01,1837-06-01,deceased
32432,38703,39684,1818-01-01,1849-06-01,deceased
32433,39213,39686,1822-01-01,1860-06-01,deceased
32434,38190,39687,1817-01-01,1882-06-01,deceased
32435,39606,39688,1822-01-01,1844-06-01,deceased
32436,37929,39689,1817-01-01,1844-06-01,deceased
32437,38479,39690,1818-01-01,1836-06-01,deceased
32438,37713,39691,1823-01-01,1863-06-01,deceased
32439,38978,37733,1823-01-01,1858-06-01,deceased
32440,38607,39695,1821-01-01,1874-06-01,deceased
32441,38599,39696,1820-01-01,1854-06-01,deceased
32442,38231,39697,1818-01-01,1836-06-01,deceased
32443,39392,39698,1822-01-01,1872-06-01,deceased
32444,39579,39699,1822-01-01,1871-06-01,deceased
32445,38140,39700,1818-01-01,1858-06-01,deceased
32446,38413,39701,1823-01-01,1856-06-01,deceased
32447,37614,39702,1821-01-01,1861-06-01,deceased
32448,38274,39703,1818-01-01,1873-06-01,deceased
32449,38855,39704,1822-01-01,1858-06-01,deceased
32450,39043,39705,1822-01-01,1843-06-01,deceased
32451,38092,39706,1823-01-01,1842-06-01,deceased
32452,38179,39707,1822-01-01,1844-06-01,deceased
32453,39457,39708,1822-01-01,1848-06-01,deceased
32454,38817,39709,1821-01-01,1841-06-01,deceased
32455,38158,39710,1822-01-01,1855-06-01,deceased
32456,38122,39711,1819-01-01,1868-06-01,deceased
32457,39364,39712,1822-01-01,1861-06-01,deceased
32458,39331,39713,1819-01-01,1884-06-01,deceased
32459,38160,39714,1822-01-01,1856-06-01,deceased
32460,39122,39716,1817-01-01,1838-06-01,deceased
32461,38536,39717,1822-01-01,1864-06-01,deceased
32462,39162,39718,1818-01-01,1847-06-01,deceased
32463,38555,39719,1819-01-01,1858-06-01,deceased
32464,37661,39720,1818-01-01,1854-06-01,deceased
32465,38483,39721,1819-01-01,1876-06-01,deceased
32466,37869,39722,1820-01-01,1850-06-01,deceased
32467,39440,39723,1820-01-01,1853-06-01,deceased
32468,38933,39724,1818-01-01,1836-06-01,deceased
32469,38758,39725,1823-01-01,1849-06-01,deceased
32470,38048,39726,1821-01-01,1867-06-01,deceased
32471,38911,39727,1821-01-01,1852-06-01,deceased
32472,38149,39728,1819-01-01,1863-06-01,deceased
32473,39183,39729,1823-01-01,1857-06-01,deceased
32474,39226,39730,1818-01-01,1876-06-01,deceased
32475,38987,39731,1821-01-01,1842-06-01,deceased
32476,38403,39732,1822-01-01,1844-06-01,deceased
32477,37921,39733,1823-01-01,1849-06-01,deceased
32478,39388,39734,1818-01-01,1854-06-01,deceased
32479,38053,39240,1823-01-01,1856-06-01,deceased
32480,37711,39738,1823-01-01,1840-06-01,deceased
32481,38731,39739,1819-01-01,1845-06-01,deceased
32482,39189,39740,1818-01-01,1839-06-01,deceased
32483,38379,39741,1818-01-01,1846-06-01,deceased
32484,38024,39742,1821-01-01,1839-06-01,deceased
32485,38293,39743,1820-01-01,1839-06-01,deceased
32486,39003,39744,1820-01-01,1834-06-01,deceased
32487,38689,39745,1822-01-01,1878-06-01,deceased
32488,39450,39746,1818-01-01,1863-06-01,deceased
32489,37625,39747,1820-01-01,1845-06-01,deceased
32490,39128,39748,1820-01-01,1858-06-01,deceased
32491,39583,39749,1822-01-01,1847-06-01,deceased
32492,38020,39750,1822-01-01,1850-06-01,deceased
32493,38531,39751,1818-01-01,1841-06-01,deceased
32494,38268,39752,1821-01-01,1844-06-01,deceased
32495,38202,39271,1820-01-01,1855-06-01,deceased
32496,38340,39753,1817-01-01,1836-06-01,deceased
32497,38077,39754,1817-01-01,1846-06-01,deceased
32498,38560,39755,1817-01-01,1835-06-01,deceased
32499,39376,39756,1817-01-01,1837-06-01,deceased
32500,39042,39757,1819-01-01,1847-06-01,deceased
32501,38969,39758,1822-01-01,1848-06-01,deceased
32502,38623,38485,1819-01-01,1845-06-01,deceased
32503,38333,38478,1821-01-01,1874-06-01,deceased
32504,38043,39759,1818-01-01,1860-06-01,deceased
32505,37778,39760,1817-01-01,1843-06-01,deceased
32506,38935,39411,1819-01-01,1852-06-01,deceased
32507,37820,39761,1822-01-01,1854-06-01,deceased
32508,39417,39762,1818-01-01,1860-06-01,deceased
32509,37967,39763,1819-01-01,1868-06-01,deceased
32510,37846,39764,1822-01-01,1859-06-01,deceased
32511,39126,39765,1820-01-01,1861-06-01,deceased
32512,39188,39766,1821-01-01,1869-06-01,deceased
32513,37970,39767,1820-01-01,1851-06-01,deceased
32514,39394,39768,1818-01-01,1859-06-01,deceased
32515,39052,39769,1821-01-01,1865-06-01,deceased
32516,38059,39770,1822-01-01,1849-06-01,deceased
32517,38658,38507,1818-01-01,1845-06-01,deceased
32518,38669,39771,1823-01-01,1845-06-01,deceased
32519,38866,39772,1823-01-01,1848-06-01,deceased
32520,37945,39774,1819-01-01,1876-06-01,deceased
32521,39327,39775,1821-01-01,1851-06-01,deceased
32522,39301,39776,1818-01-01,1856-06-01,deceased
32523,37914,39777,1820-01-01,1872-06-01,deceased
32524,39414,37972,1822-01-01,1869-06-01,deceased
32525,39125,39778,1818-01-01,1868-06-01,deceased
32526,38131,39779,1822-01-01,1856-06-01,deceased
32527,38943,39780,1822-01-01,1844-06-01,deceased
32528,38753,38301,1821-01-01,1869-06-01,deceased
32529,39390,39781,1823-01-01,1847-06-01,deceased
32530,38849,39782,1821-01-01,1862-06-01,deceased
32531,38061,39783,1819-01-01,1853-06-01,deceased
32532,38576,37708,1823-01-01,1881-06-01,deceased
32533,38957,37896,1822-01-01,1877-06-01,deceased
32534,39078,39785,1821-01-01,1842-06-01,deceased
32535,38198,39786,1821-01-01,1841-06-01,deceased
32536,39540,39788,1823-01-01,1859-06-01,deceased
32537,38223,39789,1821-01-01,1873-06-01,deceased
32538,37746,39790,1821-01-01,1855-06-01,deceased
32539,38835,39791,1819-01-01,1836-06-01,deceased
32540,38457,39792,1818-01-01,1873-06-01,deceased
32541,38311,39793,1820-01-01,1851-06-01,deceased
32542,39324,39794,1823-01-01,1863-06-01,deceased
32543,38602,39795,1819-01-01,1847-06-01,deceased
32544,38357,39557,1820-01-01,1845-06-01,deceased
32545,38212,39798,1821-01-01,1844-06-01,deceased
32546,39346,39799,1822-01-01,1884-06-01,deceased
32547,38795,38070,1823-01-01,1866-06-01,deceased
32548,38025,39801,1819-01-01,1837-06-01,deceased
32549,38508,39802,1821-01-01,1865-06-01,deceased
32550,39049,38420,1821-01-01,1878-06-01,deceased
32551,38632,39803,1817-01-01,1848-06-01,deceased
32552,38546,39804,1818-01-01,1859-06-01,deceased
32553,37677,39255,1823-01-01,1871-06-01,deceased
32554,37618,39406,1822-01-01,1847-06-01,deceased
32555,38318,37655,1818-01-01,1850-06-01,deceased
32556,38603,39805,1819-01-01,1866-06-01,deceased
32557,38968,39806,1819-01-01,1835-06-01,deceased
32558,38011,37961,1820-01-01,1867-06-01,deceased
32559,37623,39807,1818-01-01,1848-06-01,deceased
32560,39103,39808,1823-01-01,1845-06-01,deceased
32561,39238,39809,1818-01-01,1874-06-01,deceased
32562,37974,39810,1820-01-01,1842-06-01,deceased
32563,39407,39811,1817-01-01,1877-06-01,deceased
32564,37939,39812,1820-01-01,1848-06-01,deceased
32565,37726,39813,1823-01-01,1860-06-01,deceased
32566,38532,39814,1823-01-01,1843-06-01,deceased
32567,38937,39816,1819-01-01,1852-06-01,deceased
32568,39008,39817,1818-01-01,1836-06-01,deceased
32569,39343,39818,1817-01-01,1851-06-01,deceased
32570,37821,39819,1821-01-01,1865-06-01,deceased
32571,37918,39820,1820-01-01,1867-06-01,deceased
32572,38784,39821,1823-01-01,1863-06-01,deceased
32573,39264,39822,1823-01-01,1841-06-01,deceased
32574,38803,39009,1818-01-01,1869-06-01,deceased
32575,37622,37607,1818-01-01,1842-06-01,deceased
32576,38872,39308,1817-01-01,1848-06-01,deceased
32577,39602,39823,1823-01-01,1864-06-01,deceased
32578,39535,39824,1822-01-01,1858-06-01,deceased
32579,37854,39825,1820-01-01,1860-06-01,deceased
32580,38566,39826,1818-01-01,1851-06-01,deceased
32581,38039,39827,1820-01-01,1856-06-01,deceased
32582,38010,39828,1817-01-01,1868-06-01,deceased
32583,39403,39829,1818-01-01,1867-06-01,deceased
32584,39150,39830,1818-01-01,1842-06-01,deceased
32585,38277,39831,1817-01-01,1849-06-01,deceased
32586,38108,39832,1817-01-01,1860-06-01,deceased
32587,39086,39834,1821-01-01,1851-06-01,deceased
32588,38819,39835,1822-01-01,1853-06-01,deceased
32589,39231,39836,1820-01-01,1847-06-01,deceased
32590,39148,39837,1821-01-01,1863-06-01,deceased
32591,38360,39838,1817-01-01,1844-06-01,deceased
32592,37687,39510,1822-01-01,1865-06-01,deceased
32593,39527,39839,1819-01-01,1849-06-01,deceased
32594,37826,39350,1818-01-01,1841-06-01,deceased
32595,37755,39840,1821-01-01,1870-06-01,deceased
32596,39506,39841,1822-01-01,1845-06-01,deceased
32597,38225,39842,1820-01-01,1847-06-01,deceased
32598,39140,39843,1819-01-01,1840-06-01,deceased
32599,37806,39844,1817-01-01,1836-06-01,deceased
32600,37880,39845,1818-01-01,1870-06-01,deceased
32601,38615,39846,1822-01-01,1852-06-01,deceased
32602,39090,39847,1817-01-01,1841-06-01,deceased
32603,39476,39848,1822-01-01,1875-06-01,deceased
32604,38704,39850,1821-01-01,1868-06-01,deceased
32605,38174,39851,1820-01-01,1863-06-01,deceased
32606,38304,39273,1822-01-01,1864-06-01,deceased
32607,37957,39852,1819-01-01,1851-06-01,deceased
32608,37874,39853,1818-01-01,1865-06-01,deceased
32609,38415,38510,1821-01-01,1842-06-01,deceased
32610,38373,39854,1821-01-01,1846-06-01,deceased
32611,38708,39855,1818-01-01,1840-06-01,deceased
32612,39508,39856,1821-01-01,1843-06-01,deceased
32613,39133,39857,1817-01-01,1877-06-01,deceased
32614,38105,39858,1823-01-01,1847-06-01,deceased
32615,38346,39859,1821-01-01,1850-06-01,deceased
32616,38667,39860,1817-01-01,1845-06-01,deceased
32617,39413,39861,1822-01-01,1862-06-01,deceased
32618,39360,39863,1821-01-01,1840-06-01,deceased
32619,37887,39864,1817-01-01,1838-06-01,deceased
32620,39178,39865,1823-01-01,1865-06-01,deceased
32621,39601,39866,1817-01-01,1841-06-01,deceased
32622,37723,39867,1822-01-01,1863-06-01,deceased
32623,38195,39868,1821-01-01,1858-06-01,deceased
32624,37722,39869,1821-01-01,1854-06-01,deceased
32625,38606,39871,1821-01-01,1861-06-01,deceased
32626,39441,39873,1819-01-01,1851-06-01,deceased
32627,37640,39874,1823-01-01,1865-06-01,deceased
32628,38096,39875,1823-01-01,1846-06-01,deceased
32629,38741,39876,1822-01-01,1849-06-01,deceased
32630,37949,39877,1822-01-01,1843-06-01,deceased
32631,38979,39878,1818-01-01,1844-06-01,deceased
32632,37977,39879,1820-01-01,1841-06-01,deceased
32633,37679,39881,1820-01-01,1865-06-01,deceased
32634,38537,39882,1817-01-01,1866-06-01,deceased
32635,38099,39883,1821-01-01,1845-06-01,deceased
32636,38005,39884,1819-01-01,1850-06-01,deceased
32637,39251,39885,1823-01-01,1853-06-01,deceased
32638,38062,39886,1820-01-01,1848-06-01,deceased
32639,38985,38842,1819-01-01,1840-06-01,deceased
32640,37895,39887,1817-01-01,1849-06-01,deceased
32641,37604,39446,1818-01-01,1843-06-01,deceased
32642,37785,39888,1818-01-01,1866-06-01,deceased
32643,39216,39889,1817-01-01,1835-06-01,deceased
32644,37823,39890,1821-01-01,1864-06-01,deceased
32645,39100,39891,1823-01-01,1843-06-01,deceased
32646,38996,39892,1817-01-01,1880-06-01,deceased
32647,37744,39893,1819-01-01,1856-06-01,deceased
32648,37805,38830,1821-01-01,1866-06-01,deceased
32649,39502,37840,1818-01-01,1840-06-01,deceased
32650,39599,39894,1817-01-01,1860-06-01,deceased
32651,38860,39895,1821-01-01,1869-06-01,deceased
32652,38432,39896,1820-01-01,1845-06-01,deceased
32653,37603,39898,1819-01-01,1875-06-01,deceased
32654,38822,39899,1822-01-01,1881-06-01,deceased
32655,37706,39900,1819-01-01,1851-06-01,deceased
32656,38949,39901,1817-01-01,1851-06-01,deceased
32657,37920,39902,1818-01-01,1839-06-01,deceased
32658,38189,39157,1818-01-01,1861-06-01,deceased
32659,38556,39903,1821-01-01,1873-06-01,deceased
32660,38128,39904,1819-01-01,1864-06-01,deceased
32661,37743,39905,1823-01-01,1841-06-01,deceased
32662,38066,39906,1818-01-01,1871-06-01,deceased
32663,39318,38220,1821-01-01,1846-06-01,deceased
32664,38456,39908,1817-01-01,1841-06-01,deceased
32665,37819,39909,1818-01-01,1841-06-01,deceased
32666,37601,39910,1822-01-01,1841-06-01,deceased
32667,39560,39911,1821-01-01,1848-06-01,deceased
32668,38639,39912,1821-01-01,1837-06-01,deceased
32669,39530,39913,1822-01-01,1855-06-01,deceased
32670,38787,37936,1820-01-01,1849-06-01,deceased
32671,38733,39914,1823-01-01,1856-06-01,deceased
32672,39062,39915,1818-01-01,1844-06-01,deceased
32673,39002,39916,1819-01-01,1877-06-01,deceased
32674,38812,39919,1822-01-01,1847-06-01,deceased
32675,39293,39920,1822-01-01,1860-06-01,deceased
32676,38526,39922,1820-01-01,1856-06-01,deceased
32677,38257,39923,1818-01-01,1867-06-01,deceased
32678,38095,39924,1818-01-01,1840-06-01,deceased
32679,38582,39925,1818-01-01,1837-06-01,deceased
32680,39436,39926,1819-01-01,1839-06-01,deceased
32681,38337,39927,1820-01-01,1853-06-01,deceased
32682,39362,39930,1818-01-01,1841-06-01,deceased
32683,38805,39931,1822-01-01,1858-06-01,deceased
32684,38529,39932,1819-01-01,1870-06-01,deceased
32685,39127,39474,1820-01-01,1842-06-01,deceased
32686,39164,39934,1820-01-01,1844-06-01,deceased
32687,38152,39935,1819-01-01,1836-06-01,deceased
32688,38402,39936,1821-01-01,1855-06-01,deceased
32689,39120,38143,1820-01-01,1850-06-01,deceased
32690,37947,39938,1823-01-01,1864-06-01,deceased
32691,37772,39939,1823-01-01,1854-06-01,deceased
32692,39310,39940,1818-01-01,1842-06-01,deceased
32693,39066,39941,1822-01-01,1862-06-01,deceased
32694,38729,39942,1818-01-01,1868-06-01,deceased
32695,38285,38452,1821-01-01,1849-06-01,deceased
32696,38964,39943,1823-01-01,1852-06-01,deceased
32697,37940,39944,1823-01-01,1858-06-01,deceased
32698,39171,39945,1820-01-01,1871-06-01,deceased
32699,37993,39946,1817-01-01,1852-06-01,deceased
32700,38569,39947,1822-01-01,1841-06-01,deceased
32701,38713,39948,1819-01-01,1848-06-01,deceased
32702,39424,39949,1822-01-01,1881-06-01,deceased
32703,38097,39950,1818-01-01,1843-06-01,deceased
32704,37786,39951,1823-01-01,1865-06-01,deceased
32705,39404,39952,1818-01-01,1843-06-01,deceased
32706,38324,39953,1817-01-01,1859-06-01,deceased
32707,38253,39955,1820-01-01,1852-06-01,deceased
32708,38736,38604,1820-01-01,1847-06-01,deceased
32709,38327,39956,1818-01-01,1849-06-01,deceased
32710,38273,39957,1817-01-01,1855-06-01,deceased
32711,38901,39960,1818-01-01,1847-06-01,deceased
32712,38517,39962,1822-01-01,1846-06-01,deceased
32713,38435,39964,1818-01-01,1840-06-01,deceased
32714,38401,39965,1817-01-01,1873-06-01,deceased
32715,38562,37593,1821-01-01,1856-06-01,deceased
32716,37959,37750,1818-01-01,1844-06-01,deceased
32717,38060,39966,1817-01-01,1841-06-01,deceased
32718,37632,39967,1817-01-01,1840-06-01,deceased
32719,38145,39968,1819-01-01,1837-06-01,deceased
32720,38464,39969,1817-01-01,1867-06-01,deceased
32721,38559,39970,1822-01-01,1854-06-01,deceased
32722,39354,38261,1820-01-01,1851-06-01,deceased
32723,38677,39971,1823-01-01,1844-06-01,deceased
32724,38685,39972,1820-01-01,1868-06-01,deceased
32725,39511,39973,1822-01-01,1880-06-01,deceased
32726,38622,39974,1823-01-01,1851-06-01,deceased
32727,38283,39975,1817-01-01,1866-06-01,deceased
32728,39180,39976,1818-01-01,1837-06-01,deceased
32729,38224,39977,1820-01-01,1872-06-01,deceased
32730,38410,39978,1817-01-01,1836-06-01,deceased
32731,39528,38580,1819-01-01,1874-06-01,deceased
32732,37908,39979,1818-01-01,1853-06-01,deceased
32733,38673,39980,1823-01-01,1849-06-01,deceased
32734,39202,39981,1822-01-01,1881-06-01,deceased
32735,39274,39982,1820-01-01,1875-06-01,deceased
32736,39483,39983,1819-01-01,1860-06-01,deceased
32737,37732,39984,1819-01-01,1840-06-01,deceased
32738,38486,39985,1823-01-01,1880-06-01,deceased
32739,37766,39986,1823-01-01,1851-06-01,deceased
32740,39426,39987,1818-01-01,1841-06-01,deceased
32741,38505,39988,1818-01-01,1847-06-01,deceased
32742,39515,39989,1822-01-01,1868-06-01,deceased
32743,39556,39990,1820-01-01,1852-06-01,deceased
32744,38561,39991,1817-01-01,1838-06-01,deceased
32745,37808,38184,1822-01-01,1870-06-01,deceased
32746,39471,38765,1817-01-01,1866-06-01,deceased
32747,38141,39992,1822-01-01,1860-06-01,deceased
32748,39314,39993,1820-01-01,1875-06-01,deceased
32749,38369,39994,1817-01-01,1833-06-01,deceased
32750,39367,38535,1820-01-01,1883-06-01,deceased
32751,38797,39995,1823-01-01,1845-06-01,deceased
32752,38879,39996,1819-01-01,1848-06-01,deceased
32753,38940,39997,1822-01-01,1870-06-01,deceased
32754,38596,39998,1820-01-01,1838-06-01,deceased
32755,37964,39999,1817-01-01,1852-06-01,deceased
32756,37716,40000,1822-01-01,1849-06-01,deceased
32757,37649,40001,1820-01-01,1846-06-01,deceased
32758,39379,40002,1823-01-01,1884-06-01,deceased
32759,38188,40003,1817-01-01,1854-06-01,deceased
32760,37595,40004,1819-01-01,1875-06-01,deceased
32761,38973,40005,1818-01-01,1845-06-01,deceased
32762,39108,40006,1817-01-01,1841-06-01,deceased
32763,38700,40007,1818-01-01,1860-06-01,deceased
32764,38201,38014,1822-01-01,1845-06-01,deceased
32765,38466,40009,1820-01-01,1861-06-01,deceased
32766,39541,40010,1818-01-01,1836-06-01,deceased
32767,39277,40011,1819-01-01,1862-06-01,deceased
32768,39509,40012,1820-01-01,1851-06-01,deceased
32769,37647,40013,1818-01-01,1856-06-01,deceased
32770,38930,40014,1818-01-01,1871-06-01,deceased
32771,37979,38956,1823-01-01,1851-06-01,deceased
32772,39419,40015,1823-01-01,1847-06-01,deceased
32773,38707,39320,1818-01-01,1876-06-01,deceased
32774,38666,40017,1820-01-01,1842-06-01,deceased
32775,38814,40018,1823-01-01,1844-06-01,deceased
32776,38289,40019,1822-01-01,1849-06-01,deceased
32777,39443,38595,1821-01-01,1854-06-01,deceased
32778,38045,40020,1821-01-01,1861-06-01,deceased
32779,37891,40021,1820-01-01,1864-06-01,deceased
32780,38686,40022,1820-01-01,1851-06-01,deceased
32781,39456,40023,1819-01-01,1853-06-01,deceased
32782,38308,39016,1820-01-01,1848-06-01,deceased
32783,39409,40024,1819-01-01,1860-06-01,deceased
32784,39487,38012,1821-01-01,1849-06-01,deceased
32785,39524,40025,1822-01-01,1841-06-01,deceased
32786,38947,40026,1818-01-01,1845-06-01,deceased
32787,39094,38290,1822-01-01,1862-06-01,deceased
32788,37814,38585,1821-01-01,1842-06-01,deceased
32789,37911,40028,1818-01-01,1836-06-01,deceased
32790,38843,40029,1823-01-01,1847-06-01,deceased
32791,37857,40030,1821-01-01,1851-06-01,deceased
32792,38718,40031,1819-01-01,1835-06-01,deceased
32793,37775,40033,1822-01-01,1863-06-01,deceased
32794,39006,40034,1822-01-01,1850-06-01,deceased
32795,37749,40036,1818-01-01,1857-06-01,deceased
32796,39569,40037,1817-01-01,1841-06-01,deceased
32797,39590,40038,1823-01-01,1851-06-01,deceased
32798,37997,40039,1817-01-01,1873-06-01,deceased
32799,39186,37768,1817-01-01,1846-06-01,deceased
32800,38701,40040,1817-01-01,1853-06-01,deceased
32801,37727,40041,1821-01-01,1869-06-01,deceased
32802,38423,40042,1821-01-01,1863-06-01,deceased
32803,39229,40043,1823-01-01,1843-06-01,deceased
32804,38970,40044,1818-01-01,1859-06-01,deceased
32805,38865,40046,1821-01-01,1847-06-01,deceased
32806,38906,40047,1822-01-01,1853-06-01,deceased
32807,38548,40048,1823-01-01,1846-06-01,deceased
32808,37712,40049,1821-01-01,1844-06-01,deceased
32809,37812,40052,1817-01-01,1837-06-01,deceased
32810,37665,40053,1821-01-01,1862-06-01,deceased
32811,38711,40054,1819-01-01,1847-06-01,deceased
32812,39159,40056,1817-01-01,1839-06-01,deceased
32813,38394,40057,1817-01-01,1876-06-01,deceased
32814,38724,40058,1819-01-01,1840-06-01,deceased
32815,39058,37673,1820-01-01,1843-06-01,deceased
32816,39595,40060,1819-01-01,1856-06-01,deceased
32817,39549,40061,1821-01-01,1841-06-01,deceased
32818,38825,40062,1822-01-01,1876-06-01,deceased
32819,39604,40063,1821-01-01,1849-06-01,deceased
32820,38837,40064,1821-01-01,1848-06-01,deceased
32821,37987,40065,1818-01-01,1867-06-01,deceased
32822,38384,40066,1819-01-01,1865-06-01,deceased
32823,38519,40067,1821-01-01,1875-06-01,deceased
32824,38944,40068,1821-01-01,1850-06-01,deceased
32825,37693,38132,1819-01-01,1856-06-01,deceased
32826,39399,40069,1821-01-01,1840-06-01,deceased
32827,39241,40070,1822-01-01,1874-06-01,deceased
32828,39280,40071,1817-01-01,1844-06-01,deceased
32829,38439,38460,1822-01-01,1851-06-01,deceased
32830,37968,40072,1817-01-01,1855-06-01,deceased
32831,38084,40073,1823-01-01,1869-06-01,deceased
32832,38199,40074,1821-01-01,1852-06-01,deceased
32833,39210,40075,1822-01-01,1848-06-01,deceased
32834,37644,39036,1819-01-01,1859-06-01,deceased
32835,38695,40076,1823-01-01,1870-06-01,deceased
32836,39258,40077,1823-01-01,1839-06-01,deceased
32837,37756,40078,1821-01-01,1845-06-01,deceased
32838,38786,40079,1822-01-01,1848-06-01,deceased
32839,38907,40080,1823-01-01,1848-06-01,deceased
32840,39046,40081,1820-01-01,1872-06-01,deceased
32841,39332,38493,1819-01-01,1874-06-01,deceased
32842,38761,40082,1821-01-01,1865-06-01,deceased
32843,38177,40083,1822-01-01,1854-06-01,deceased
32844,38988,37917,1822-01-01,1874-06-01,deceased
32845,39312,40084,1817-01-01,1879-06-01,deceased
32846,39222,40085,1823-01-01,1845-06-01,deceased
32847,37871,40086,1823-01-01,1876-06-01,deceased
32848,39344,40087,1818-01-01,1854-06-01,deceased
32849,38612,40088,1817-01-01,1840-06-01,deceased
32850,39339,40089,1822-01-01,1885-06-01,deceased
32851,39292,40090,1818-01-01,1835-06-01,deceased
32852,38167,40091,1822-01-01,1870-06-01,deceased
32853,38300,40092,1822-01-01,1867-06-01,deceased
32854,39045,40093,1822-01-01,1848-06-01,deceased
32855,38610,37803,1817-01-01,1845-06-01,deceased
32856,38041,40094,1821-01-01,1851-06-01,deceased
32857,38459,40095,1823-01-01,1848-06-01,deceased
32858,39373,40097,1822-01-01,1847-06-01,deceased
32859,39174,40099,1820-01-01,1852-06-01,deceased
32860,37672,40100,1822-01-01,1843-06-01,deceased
32861,37976,40101,1821-01-01,1839-06-01,deceased
32862,39559,40102,1818-01-01,1836-06-01,deceased
32863,39366,40104,1818-01-01,1839-06-01,deceased
32864,39026,40105,1822-01-01,1844-06-01,deceased
32865,38661,40106,1822-01-01,1840-06-01,deceased
32866,39555,40107,1819-01-01,1856-06-01,deceased
32867,38294,40109,1819-01-01,1844-06-01,deceased
32868,38766,40110,1823-01-01,1862-06-01,deceased
32869,38492,40111,1822-01-01,1846-06-01,deceased
32870,38443,38990,1820-01-01,1864-06-01,deceased
32871,37877,40112,1823-01-01,1866-06-01,deceased
32872,39333,39105,1818-01-01,1868-06-01,deceased
32873,38139,40114,1823-01-01,1857-06-01,deceased
32874,38102,40115,1818-01-01,1868-06-01,deceased
32875,38655,40116,1819-01-01,1871-06-01,deceased
32876,38269,40117,1818-01-01,1853-06-01,deceased
32877,37799,40118,1823-01-01,1853-06-01,deceased
32878,38264,37828,1820-01-01,1858-06-01,deceased
32879,38902,37807,1819-01-01,1845-06-01,deceased
32880,37757,40119,1817-01-01,1842-06-01,deceased
32881,39219,40121,1820-01-01,1862-06-01,deceased
32882,39291,40122,1823-01-01,1846-06-01,deceased
32883,37731,40123,1822-01-01,1847-06-01,deceased
32884,39581,40124,1818-01-01,1861-06-01,deceased
32885,38904,40126,1821-01-01,1847-06-01,deceased
32886,38509,40127,1818-01-01,1844-06-01,deceased
32887,38164,38959,1817-01-01,1862-06-01,deceased
32888,39570,40131,1818-01-01,1880-06-01,deceased
32889,38926,40133,1823-01-01,1849-06-01,deceased
32890,37989,40134,1819-01-01,1843-06-01,deceased
32891,38169,40135,1823-01-01,1866-06-01,deceased
32892,39594,40136,1821-01-01,1838-06-01,deceased
32893,38770,40137,1821-01-01,1855-06-01,deceased
32894,37619,40138,1819-01-01,1883-06-01,deceased
32895,37816,40139,1821-01-01,1846-06-01,deceased
32896,39269,40140,1820-01-01,1872-06-01,deceased
32897,39139,40141,1818-01-01,1851-06-01,deceased
32898,37675,40142,1819-01-01,1852-06-01,deceased
32899,39032,40143,1818-01-01,1851-06-01,deceased
32900,37710,40144,1820-01-01,1859-06-01,deceased
32901,38291,40146,1821-01-01,1856-06-01,deceased
32902,38788,40147,1822-01-01,1849-06-01,deceased
32903,38768,40148,1821-01-01,1885-06-01,deceased
32904,39574,40149,1822-01-01,1850-06-01,deceased
32905,39317,40150,1819-01-01,1863-06-01,deceased
32906,39199,40151,1822-01-01,1870-06-01,deceased
32907,38767,40152,1823-01-01,1854-06-01,deceased
32908,38833,40153,1818-01-01,1843-06-01,deceased
32909,37852,40154,1823-01-01,1884-06-01,deceased
32910,39596,40155,1817-01-01,1869-06-01,deceased
32911,37714,40156,1822-01-01,1874-06-01,deceased
32912,37627,40157,1820-01-01,1860-06-01,deceased
32913,38016,40158,1818-01-01,1839-06-01,deceased
32914,39102,38161,1821-01-01,1865-06-01,deceased
32915,38671,40159,1819-01-01,1847-06-01,deceased
32916,38213,40160,1820-01-01,1857-06-01,deceased
32917,38793,40161,1818-01-01,1836-06-01,deceased
32918,39533,40162,1823-01-01,1842-06-01,deceased
32919,38591,40164,1821-01-01,1843-06-01,deceased
32920,37691,40165,1821-01-01,1843-06-01,deceased
32921,39462,40166,1822-01-01,1861-06-01,deceased
32922,39519,40167,1823-01-01,1852-06-01,deceased
32923,37834,38338,1820-01-01,1879-06-01,deceased
32924,39563,40168,1822-01-01,1858-06-01,deceased
32925,38494,40169,1823-01-01,1857-06-01,deceased
32926,38110,40170,1819-01-01,1841-06-01,deceased
32927,38630,40171,1820-01-01,1838-06-01,deceased
32928,38652,40173,1818-01-01,1845-06-01,deceased
32929,38581,40174,1823-01-01,1844-06-01,deceased
32930,38981,40175,1817-01-01,1858-06-01,deceased
32931,39054,37818,1817-01-01,1853-06-01,deceased
32932,38114,40176,1822-01-01,1861-06-01,deceased
32933,39170,40177,1822-01-01,1853-06-01,deceased
32934,37906,40178,1822-01-01,1889-06-01,deceased
32935,39326,40179,1817-01-01,1869-06-01,deceased
32936,38845,37597,1818-01-01,1857-06-01,deceased
32937,39022,40180,1817-01-01,1868-06-01,deceased
32938,38381,39262,1821-01-01,1855-06-01,deceased
32939,39444,40181,1821-01-01,1861-06-01,deceased
32940,38186,40182,1823-01-01,1854-06-01,deceased
32941,38542,40183,1820-01-01,1861-06-01,deceased
32942,39453,40184,1821-01-01,1839-06-01,deceased
32943,38124,40185,1820-01-01,1845-06-01,deceased
32944,37898,40186,1823-01-01,1863-06-01,deceased
32945,39547,40187,1819-01-01,1842-06-01,deceased
32946,38480,40188,1818-01-01,1837-06-01,deceased
32947,37797,40189,1822-01-01,1840-06-01,deceased
32948,39161,40190,1818-01-01,1860-06-01,deceased
32949,38921,40191,1820-01-01,1871-06-01,deceased
32950,37702,40193,1822-01-01,1862-06-01,deceased
32951,39572,40195,1821-01-01,1878-06-01,deceased
32952,37736,40196,1821-01-01,1841-06-01,deceased
32953,39261,40197,1819-01-01,1838-06-01,deceased
32954,38503,40198,1818-01-01,1852-06-01,deceased
32955,37882,40199,1820-01-01,1843-06-01,deceased
32956,38989,40200,1823-01-01,1859-06-01,deceased
32957,37831,40202,1818-01-01,1840-06-01,deceased
32958,38073,40203,1817-01-01,1875-06-01,deceased
32959,39151,38752,1822-01-01,1846-06-01,deceased
32960,38050,40204,1822-01-01,1863-06-01,deceased
32961,39000,40205,1819-01-01,1849-06-01,deceased
32962,38299,40206,1817-01-01,1840-06-01,deceased
32963,38789,40207,1818-01-01,1848-06-01,deceased
32964,38069,40208,1820-01-01,1845-06-01,deceased
32965,37739,40209,1822-01-01,1840-06-01,deceased
32966,38883,40210,1818-01-01,1865-06-01,deceased
32967,37654,40211,1820-01-01,1872-06-01,deceased
32968,38351,40212,1819-01-01,1837-06-01,deceased
32969,37888,38570,1818-01-01,1838-06-01,deceased
32970,39475,40213,1817-01-01,1835-06-01,deceased
32971,38984,40214,1823-01-01,1861-06-01,deceased
32972,39267,40215,1820-01-01,1851-06-01,deceased
32973,38523,40217,1817-01-01,1834-06-01,deceased
32974,37788,37991,1820-01-01,1862-06-01,deceased
32975,37926,39566,1819-01-01,1838-06-01,deceased
32976,39421,40218,1821-01-01,1843-06-01,deceased
32977,38454,40219,1819-01-01,1844-06-01,deceased
32978,38829,40221,1820-01-01,1863-06-01,deceased
32979,38286,38828,1819-01-01,1843-06-01,deceased
32980,38116,37983,1818-01-01,1837-06-01,deceased
32981,38621,40222,1818-01-01,1837-06-01,deceased
32982,38129,40223,1823-01-01,1844-06-01,deceased
32983,38955,40224,1822-01-01,1885-06-01,deceased
32984,39469,37641,1823-01-01,1864-06-01,deceased
32985,38650,40227,1822-01-01,1849-06-01,deceased
32986,38362,40228,1817-01-01,1844-06-01,deceased
32987,38118,40229,1817-01-01,1878-06-01,deceased
32988,39348,40230,1817-01-01,1849-06-01,deceased
32989,38810,40233,1823-01-01,1874-06-01,deceased
32990,38136,40234,1819-01-01,1864-06-01,deceased
32991,39196,40236,1820-01-01,1845-06-01,deceased
32992,38242,39101,1823-01-01,1887-06-01,deceased
32993,37934,40237,1819-01-01,1852-06-01,deceased
32994,38665,40238,1820-01-01,1839-06-01,deceased
32995,38206,40239,1823-01-01,1845-06-01,deceased
32996,39283,40240,1817-01-01,1853-06-01,deceased
32997,37804,39467,1823-01-01,1852-06-01,deceased
32998,37903,40241,1818-01-01,1836-06-01,deceased
32999,39591,38859,1823-01-01,1859-06-01,deceased
33000,37611,40242,1818-01-01,1848-06-01,deceased
33001,38516,40243,1821-01-01,1869-06-01,deceased
33002,39434,40244,1821-01-01,1856-06-01,deceased
33003,39536,40245,1822-01-01,1882-06-01,deceased
33004,39033,40246,1818-01-01,1845-06-01,deceased
33005,38668,38538,1820-01-01,1877-06-01,deceased
33006,38934,40249,1821-01-01,1844-06-01,deceased
33007,38759,40250,1818-01-01,1834-06-01,deceased
33008,38589,40251,1821-01-01,1840-06-01,deceased
33009,38894,40252,1817-01-01,1851-06-01,deceased
33010,38547,40253,1818-01-01,1841-06-01,deceased
33011,39484,40254,1823-01-01,1875-06-01,deceased
33012,38085,39593,1823-01-01,1841-06-01,deceased
33013,37862,40255,1820-01-01,1858-06-01,deceased
33014,37856,40256,1822-01-01,1863-06-01,deceased
33015,38134,40257,1817-01-01,1839-06-01,deceased
33016,39217,40258,1820-01-01,1873-06-01,deceased
33017,38958,40259,1819-01-01,1841-06-01,deceased
33018,38266,40260,1820-01-01,1857-06-01,deceased
33019,38054,40261,1817-01-01,1855-06-01,deceased
33020,39468,40264,1819-01-01,1878-06-01,deceased
33021,39166,40266,1818-01-01,1855-06-01,deceased
33022,38376,40267,1818-01-01,1842-06-01,deceased
33023,38727,40268,1819-01-01,1870-06-01,deceased
33024,39201,38412,1822-01-01,1848-06-01,deceased
33025,38218,40269,1817-01-01,1836-06-01,deceased
33026,38920,40270,1822-01-01,1861-06-01,deceased
33027,39544,40271,1819-01-01,1848-06-01,deceased
33028,38568,38645,1820-01-01,1880-06-01,deceased
33029,39477,40272,1818-01-01,1860-06-01,deceased
33030,39431,40273,1818-01-01,1836-06-01,deceased
33031,37699,40274,1820-01-01,1843-06-01,deceased
33032,38972,40275,1820-01-01,1839-06-01,deceased
33033,39341,40276,1817-01-01,1846-06-01,deceased
33034,38317,40277,1823-01-01,1874-06-01,deceased
33035,38215,40278,1821-01-01,1863-06-01,deceased
33036,37616,38463,1823-01-01,1862-06-01,deceased
33037,38638,40279,1822-01-01,1844-06-01,deceased
33038,38631,40281,1820-01-01,1846-06-01,deceased
33039,39156,40282,1820-01-01,1870-06-01,deceased
33040,38217,40283,1818-01-01,1855-06-01,deceased
33041,38605,40284,1820-01-01,1851-06-01,deceased
33042,37998,40285,1821-01-01,1862-06-01,deceased
33043,39107,40288,1822-01-01,1859-06-01,deceased
33044,37635,40289,1820-01-01,1852-06-01,deceased
33045,39558,40290,1817-01-01,1860-06-01,deceased
33046,38185,40291,1820-01-01,1857-06-01,deceased
33047,38107,40293,1818-01-01,1842-06-01,deceased
33048,38328,40294,1818-01-01,1837-06-01,deceased
33049,39383,40295,1818-01-01,1856-06-01,deceased
33050,38740,40296,1818-01-01,1866-06-01,deceased
33051,37697,40297,1820-01-01,1871-06-01,deceased
33052,39119,40298,1821-01-01,1863-06-01,deceased
33053,38182,40300,1818-01-01,1854-06-01,deceased
33054,39495,40301,1817-01-01,1835-06-01,deceased
33055,38121,40302,1821-01-01,1843-06-01,deceased
33056,38501,39449,1819-01-01,1839-06-01,deceased
33057,39092,40304,1823-01-01,1858-06-01,deceased
33058,39338,40305,1822-01-01,1880-06-01,deceased
33059,37950,40306,1820-01-01,1863-06-01,deceased
33060,38030,40307,1822-01-01,1848-06-01,deceased
33061,38594,40309,1818-01-01,1837-06-01,deceased
33062,38858,40310,1819-01-01,1881-06-01,deceased
33063,38905,38296,1818-01-01,1840-06-01,deceased
33064,39303,40311,1818-01-01,1851-06-01,deceased
33065,38910,40312,1821-01-01,1846-06-01,deceased
33066,37883,40313,1822-01-01,1844-06-01,deceased
33067,38841,40314,1818-01-01,1851-06-01,deceased
33068,39309,40315,1820-01-01,1877-06-01,deceased
33069,39227,40316,1820-01-01,1849-06-01,deceased
33070,38895,40317,1820-01-01,1849-06-01,deceased
33071,37769,40318,1817-01-01,1857-06-01,deceased
33072,38915,40319,1820-01-01,1856-06-01,deceased
33073,37916,40320,1820-01-01,1859-06-01,deceased
33074,38399,38804,1821-01-01,1861-06-01,deceased
33075,38997,40322,1821-01-01,1852-06-01,deceased
33076,38748,40323,1821-01-01,1845-06-01,deceased
33077,38541,40324,1823-01-01,1843-06-01,deceased
33078,38660,40325,1818-01-01,1851-06-01,deceased
33079,39299,40326,1821-01-01,1846-06-01,deceased
33080,37867,40327,1819-01-01,1857-06-01,deceased
33081,38441,40328,1823-01-01,1870-06-01,deceased
33082,38192,40329,1822-01-01,1859-06-01,deceased
33083,38801,40330,1821-01-01,1850-06-01,deceased
33084,38359,40331,1817-01-01,1841-06-01,deceased
33085,39259,40332,1819-01-01,1851-06-01,deceased
33086,38288,40333,1818-01-01,1872-06-01,deceased
33087,39567,40334,1822-01-01,1863-06-01,deceased
33088,39184,40335,1818-01-01,1841-06-01,deceased
33089,38353,40336,1821-01-01,1851-06-01,deceased
33090,39208,40337,1822-01-01,1846-06-01,deceased
33091,39496,40338,1821-01-01,1853-06-01,deceased
33092,38001,40339,1822-01-01,1877-06-01,deceased
33093,39565,40340,1817-01-01,1849-06-01,deceased
33094,39040,40341,1822-01-01,1865-06-01,deceased
33095,37605,40342,1817-01-01,1860-06-01,deceased
33096,38680,40343,1820-01-01,1849-06-01,deceased
33097,38663,40344,1819-01-01,1863-06-01,deceased
33098,37951,38387,1817-01-01,1876-06-01,deceased
33099,37861,40345,1819-01-01,1863-06-01,deceased
33100,38287,40346,1819-01-01,1887-06-01,deceased
33101,38450,40347,1822-01-01,1857-06-01,deceased
33102,37963,40348,1822-01-01,1851-06-01,deceased
33103,37742,40349,1822-01-01,1854-06-01,deceased
33104,39521,40350,1819-01-01,1863-06-01,deceased
33105,39112,38518,1819-01-01,1849-06-01,deceased
33106,37656,40351,1819-01-01,1837-06-01,deceased
33107,37960,40352,1821-01-01,1848-06-01,deceased
33108,39034,40353,1820-01-01,1835-06-01,deceased
33109,38002,40356,1821-01-01,1853-06-01,deceased
33110,39041,40357,1819-01-01,1885-06-01,deceased
33111,37707,40358,1819-01-01,1845-06-01,deceased
33112,39104,37669,1819-01-01,1882-06-01,deceased
33113,37780,40359,1818-01-01,1875-06-01,deceased
33114,37612,40360,1822-01-01,1875-06-01,deceased
33115,38875,40361,1819-01-01,1848-06-01,deceased
33116,38148,39260,1821-01-01,1855-06-01,deceased
33117,38029,40362,1818-01-01,1867-06-01,deceased
33118,38798,40363,1820-01-01,1843-06-01,deceased
33119,38848,40364,1817-01-01,1855-06-01,deceased
33120,38313,40365,1819-01-01,1857-06-01,deceased
33121,38877,40366,1821-01-01,1865-06-01,deceased
33122,38248,40367,1819-01-01,1855-06-01,deceased
33123,38468,40368,1821-01-01,1849-06-01,deceased
33124,39185,40369,1819-01-01,1855-06-01,deceased
33125,38544,40370,1820-01-01,1866-06-01,deceased
33126,39136,40371,1817-01-01,1843-06-01,deceased
33127,38888,40372,1817-01-01,1833-06-01,deceased
33128,37592,40375,1821-01-01,1855-06-01,deceased
33129,39587,40376,1817-01-01,1867-06-01,deceased
33130,38923,40377,1817-01-01,1844-06-01,deceased
33131,39428,40378,1819-01-01,1865-06-01,deceased
33132,39142,37758,1820-01-01,1885-06-01,deceased
33133,39466,40379,1821-01-01,1845-06-01,deceased
33134,38323,40380,1817-01-01,1838-06-01,deceased
33135,38927,40381,1822-01-01,1888-06-01,deceased
33136,39415,40382,1820-01-01,1837-06-01,deceased
33137,39246,40383,1821-01-01,1841-06-01,deceased
33138,37842,40384,1818-01-01,1840-06-01,deceased
33139,39395,40385,1819-01-01,1875-06-01,deceased
33140,38683,40386,1817-01-01,1839-06-01,deceased
33141,39400,40387,1820-01-01,1849-06-01,deceased
33142,37982,40388,1821-01-01,1874-06-01,deceased
33143,39473,40389,1822-01-01,1861-06-01,deceased
33144,39029,40390,1822-01-01,1873-06-01,deceased
33145,38227,40391,1823-01-01,1862-06-01,deceased
33146,37904,40392,1823-01-01,1839-06-01,deceased
33147,39099,40393,1819-01-01,1849-06-01,deceased
33148,38251,40394,1820-01-01,1860-06-01,deceased
33149,38421,40395,1823-01-01,1846-06-01,deceased
33150,38259,40396,1820-01-01,1841-06-01,deceased
33151,39075,40397,1821-01-01,1866-06-01,deceased
33152,38515,40399,1820-01-01,1854-06-01,deceased
33153,38676,40400,1820-01-01,1842-06-01,deceased
33154,37973,40401,1822-01-01,1850-06-01,deceased
33155,38355,40402,1821-01-01,1869-06-01,deceased
33156,37838,40403,1823-01-01,1861-06-01,deceased
33157,38790,40404,1821-01-01,1844-06-01,deceased
33158,37937,40405,1818-01-01,1863-06-01,deceased
33159,37932,40406,1818-01-01,1863-06-01,deceased
33160,38614,40407,1818-01-01,1845-06-01,deceased
33161,38280,40408,1821-01-01,1868-06-01,deceased
33162,38792,38490,1820-01-01,1844-06-01,deceased
33163,37795,40409,1817-01-01,1842-06-01,deceased
33164,37599,40410,1817-01-01,1855-06-01,deceased
33165,37643,40412,1820-01-01,1847-06-01,deceased
33166,38111,40413,1821-01-01,1849-06-01,deceased
33167,38954,40414,1819-01-01,1870-06-01,deceased
33168,38771,40415,1818-01-01,1851-06-01,deceased
33169,37913,37782,1822-01-01,1854-06-01,deceased
33170,38982,40416,1817-01-01,1868-06-01,deceased
33171,38750,37901,1820-01-01,1874-06-01,deceased
33172,39437,40418,1818-01-01,1849-06-01,deceased
33173,39297,40419,1820-01-01,1868-06-01,deceased
33174,38779,40420,1817-01-01,1866-06-01,deceased
33175,37662,40421,1821-01-01,1851-06-01,deceased
33176,37899,40422,1821-01-01,1862-06-01,deceased
33177,38886,40423,1818-01-01,1849-06-01,deceased
33178,37894,40424,1818-01-01,1838-06-01,deceased
33179,38500,40425,1817-01-01,1863-06-01,deceased
33180,37783,40426,1821-01-01,1850-06-01,deceased
33181,37659,39380,1823-01-01,1870-06-01,deceased
33182,39152,40427,1823-01-01,1866-06-01,deceased
33183,38385,40428,1817-01-01,1843-06-01,deceased
33184,39061,40429,1817-01-01,1876-06-01,deceased
33185,39272,40430,1819-01-01,1849-06-01,deceased
33186,39552,37923,1817-01-01,1845-06-01,deceased
33187,37720,40432,1822-01-01,1863-06-01,deceased
33188,38851,40433,1822-01-01,1859-06-01,deceased
33189,37792,40434,1819-01-01,1846-06-01,deceased
33190,37630,40435,1823-01-01,1882-06-01,deceased
33191,38846,40436,1822-01-01,1862-06-01,deceased
33192,38763,40437,1821-01-01,1840-06-01,deceased
33193,38799,40438,1820-01-01,1839-06-01,deceased
33194,38572,40439,1818-01-01,1843-06-01,deceased
33195,39191,40440,1817-01-01,1857-06-01,deceased
33196,38022,40442,1818-01-01,1868-06-01,deceased
33197,39088,40443,1818-01-01,1835-06-01,deceased
33198,38941,40444,1822-01-01,1853-06-01,deceased
33199,38965,40445,1822-01-01,1873-06-01,deceased
33200,39412,40446,1821-01-01,1861-06-01,deceased
33201,38554,38367,1823-01-01,1852-06-01,deceased
33202,37666,40447,1820-01-01,1866-06-01,deceased
33203,37764,40448,1821-01-01,1836-06-01,deceased
33204,38210,40450,1820-01-01,1841-06-01,deceased
33205,38618,40451,1820-01-01,1853-06-01,deceased
33206,38352,38003,1819-01-01,1878-06-01,deceased
33207,39082,40452,1818-01-01,1859-06-01,deceased
33208,38181,40453,1817-01-01,1836-06-01,deceased
33209,39573,40454,1820-01-01,1867-06-01,deceased
33210,39319,37958,1819-01-01,1859-06-01,deceased
33211,38723,40455,1820-01-01,1867-06-01,deceased
33212,38315,40456,1822-01-01,1865-06-01,deceased
33213,38564,40457,1820-01-01,1871-06-01,deceased
33214,38449,40458,1817-01-01,1848-06-01,deceased
33215,38476,39543,1821-01-01,1867-06-01,deceased
33216,38743,40459,1817-01-01,1847-06-01,deceased
33217,38491,40460,1820-01-01,1843-06-01,deceased
33218,38142,40461,1820-01-01,1846-06-01,deceased
33219,39111,40462,1820-01-01,1843-06-01,deceased
33220,39306,40463,1822-01-01,1858-06-01,deceased
33221,38089,40464,1820-01-01,1847-06-01,deceased
33222,38391,40465,1818-01-01,1845-06-01,deceased
33223,37645,40466,1822-01-01,1845-06-01,deceased
33224,38746,40467,1821-01-01,1854-06-01,deceased
33225,37610,40468,1817-01-01,1857-06-01,deceased
33226,38489,40470,1822-01-01,1853-06-01,deceased
33227,38998,40471,1820-01-01,1852-06-01,deceased
33228,38035,40472,1823-01-01,1871-06-01,deceased
33229,38154,40473,1817-01-01,1842-06-01,deceased
33230,38597,40474,1817-01-01,1853-06-01,deceased
33231,38527,40475,1823-01-01,1858-06-01,deceased
33232,38239,40477,1817-01-01,1868-06-01,deceased
33233,39205,40478,1819-01-01,1843-06-01,deceased
33234,39132,40479,1817-01-01,1841-06-01,deceased
33235,39377,40480,1821-01-01,1846-06-01,deceased
33236,41764,43122,1835-01-01,1858-06-01,deceased
33237,41028,43123,1839-01-01,1866-06-01,deceased
33238,43067,43124,1837-01-01,1855-06-01,deceased
33239,43018,43125,1841-01-01,1879-06-01,deceased
33240,42024,43126,1838-01-01,1866-06-01,deceased
33241,41251,43127,1837-01-01,1859-06-01,deceased
33242,41005,43129,1840-01-01,1859-06-01,deceased
33243,41110,43130,1840-01-01,1900-06-01,deceased
33244,41132,43131,1837-01-01,1877-06-01,deceased
33245,41666,43132,1839-01-01,1870-06-01,deceased
33246,40774,43133,1840-01-01,1887-06-01,deceased
33247,42389,43135,1838-01-01,1869-06-01,deceased
33248,41707,43136,1841-01-01,1864-06-01,deceased
33249,42720,43137,1841-01-01,1890-06-01,deceased
33250,40536,41981,1838-01-01,1859-06-01,deceased
33251,41512,43138,1838-01-01,1884-06-01,deceased
33252,42075,43140,1839-01-01,1874-06-01,deceased
33253,40848,41311,1839-01-01,1857-06-01,deceased
33254,41218,43141,1835-01-01,1865-06-01,deceased
33255,42160,43142,1841-01-01,1866-06-01,deceased
33256,41294,43143,1840-01-01,1890-06-01,deceased
33257,41502,43145,1837-01-01,1856-06-01,deceased
33258,42010,41044,1838-01-01,1881-06-01,deceased
33259,41620,42791,1835-01-01,1857-06-01,deceased
33260,42807,43146,1839-01-01,1860-06-01,deceased
33261,41302,43147,1841-01-01,1863-06-01,deceased
33262,41270,43148,1841-01-01,1877-06-01,deceased
33263,42306,43149,1838-01-01,1884-06-01,deceased
33264,40678,43150,1840-01-01,1879-06-01,deceased
33265,40708,43152,1839-01-01,1891-06-01,deceased
33266,42098,43153,1836-01-01,1858-06-01,deceased
33267,40740,43154,1840-01-01,1892-06-01,deceased
33268,42843,43155,1839-01-01,1871-06-01,deceased
33269,41161,43156,1836-01-01,1878-06-01,deceased
33270,41470,43157,1841-01-01,1879-06-01,deceased
33271,42400,43159,1836-01-01,1876-06-01,deceased
33272,42168,43160,1838-01-01,1876-06-01,deceased
33273,41623,43162,1835-01-01,1859-06-01,deceased
33274,41295,43163,1841-01-01,1884-06-01,deceased
33275,41557,43164,1838-01-01,1863-06-01,deceased
33276,42079,43165,1839-01-01,1884-06-01,deceased
33277,41859,43166,1840-01-01,1872-06-01,deceased
33278,42134,43167,1838-01-01,1875-06-01,deceased
33279,42920,41582,1837-01-01,1879-06-01,deceased
33280,41916,43168,1837-01-01,1861-06-01,deceased
33281,41858,43169,1836-01-01,1859-06-01,deceased
33282,40513,43170,1836-01-01,1865-06-01,deceased
33283,42857,43171,1836-01-01,1877-06-01,deceased
33284,42443,43172,1837-01-01,1869-06-01,deceased
33285,40842,43173,1836-01-01,1861-06-01,deceased
33286,41844,43174,1838-01-01,1882-06-01,deceased
33287,41037,43175,1836-01-01,1874-06-01,deceased
33288,42901,42817,1841-01-01,1860-06-01,deceased
33289,42073,43177,1841-01-01,1883-06-01,deceased
33290,42522,43178,1838-01-01,1874-06-01,deceased
33291,42396,43179,1837-01-01,1887-06-01,deceased
33292,41056,43180,1835-01-01,1877-06-01,deceased
33293,42722,42640,1838-01-01,1881-06-01,deceased
33294,41614,43181,1835-01-01,1870-06-01,deceased
33295,41214,43183,1838-01-01,1877-06-01,deceased
33296,42444,43184,1838-01-01,1897-06-01,deceased
33297,42130,43185,1838-01-01,1870-06-01,deceased
33298,42343,43186,1839-01-01,1866-06-01,deceased
33299,42503,43187,1840-01-01,1863-06-01,deceased
33300,41840,43188,1839-01-01,1873-06-01,deceased
33301,40684,43189,1839-01-01,1863-06-01,deceased
33302,43074,43190,1838-01-01,1873-06-01,deceased
33303,42822,43191,1836-01-01,1887-06-01,deceased
33304,42040,43192,1839-01-01,1886-06-01,deceased
33305,42478,43193,1838-01-01,1877-06-01,deceased
33306,41957,43194,1840-01-01,1868-06-01,deceased
33307,40494,43195,1835-01-01,1853-06-01,deceased
33308,41617,43196,1840-01-01,1875-06-01,deceased
33309,40564,43197,1835-01-01,1854-06-01,deceased
33310,41238,43198,1839-01-01,1886-06-01,deceased
33311,40945,40778,1836-01-01,1865-06-01,deceased
33312,40761,43199,1836-01-01,1866-06-01,deceased
33313,40630,43200,1838-01-01,1889-06-01,deceased
33314,41147,43201,1837-01-01,1858-06-01,deceased
33315,41183,43202,1837-01-01,1879-06-01,deceased
33316,42653,43203,1835-01-01,1880-06-01,deceased
33317,42052,43204,1840-01-01,1898-06-01,deceased
33318,41576,43205,1835-01-01,1880-06-01,deceased
33319,40794,43206,1835-01-01,1889-06-01,deceased
33320,42148,43208,1840-01-01,1865-06-01,deceased
33321,40724,43209,1840-01-01,1862-06-01,deceased
33322,40537,42531,1836-01-01,1857-06-01,deceased
33323,42237,43071,1838-01-01,1880-06-01,deceased
33324,41169,43210,1836-01-01,1869-06-01,deceased
33325,42069,43211,1835-01-01,1882-06-01,deceased
33326,42251,43212,1837-01-01,1899-06-01,deceased
33327,42175,43213,1840-01-01,1888-06-01,deceased
33328,41830,43214,1839-01-01,1873-06-01,deceased
33329,42165,42988,1839-01-01,1860-06-01,deceased
33330,41225,43215,1837-01-01,1887-06-01,deceased
33331,41808,43216,1839-01-01,1885-06-01,deceased
33332,41134,43217,1841-01-01,1867-06-01,deceased
33333,41324,43218,1841-01-01,1884-06-01,deceased
33334,42959,43219,1838-01-01,1858-06-01,deceased
33335,43083,40777,1837-01-01,1864-06-01,deceased
33336,40908,43220,1837-01-01,1857-06-01,deceased
33337,42319,43222,1841-01-01,1865-06-01,deceased
33338,42990,43224,1835-01-01,1853-06-01,deceased
33339,41835,43225,1839-01-01,1897-06-01,deceased
33340,41074,43227,1838-01-01,1868-06-01,deceased
33341,41148,43228,1836-01-01,1855-06-01,deceased
33342,42082,43229,1840-01-01,1870-06-01,deceased
33343,42582,43230,1838-01-01,1881-06-01,deceased
33344,40972,41449,1839-01-01,1874-06-01,deceased
33345,41510,43231,1838-01-01,1893-06-01,deceased
33346,42758,43232,1841-01-01,1877-06-01,deceased
33347,42689,43233,1838-01-01,1874-06-01,deceased
33348,42830,43234,1838-01-01,1872-06-01,deceased
33349,40963,43235,1841-01-01,1880-06-01,deceased
33350,41371,43236,1837-01-01,1881-06-01,deceased
33351,41820,43237,1841-01-01,1884-06-01,deceased
33352,41662,43238,1840-01-01,1862-06-01,deceased
33353,43103,43239,1835-01-01,1870-06-01,deceased
33354,42519,43240,1838-01-01,1852-06-01,deceased
33355,42547,43241,1836-01-01,1856-06-01,deceased
33356,41258,43242,1838-01-01,1866-06-01,deceased
33357,42304,43243,1837-01-01,1883-06-01,deceased
33358,41085,43244,1841-01-01,1882-06-01,deceased
33359,42171,42408,1836-01-01,1856-06-01,deceased
33360,40987,43245,1836-01-01,1863-06-01,deceased
33361,42627,43246,1836-01-01,1887-06-01,deceased
33362,41944,43247,1840-01-01,1869-06-01,deceased
33363,41799,43248,1837-01-01,1867-06-01,deceased
33364,42468,43249,1839-01-01,1881-06-01,deceased
33365,42255,43250,1841-01-01,1909-06-01,deceased
33366,42474,43251,1835-01-01,1864-06-01,deceased
33367,42105,43252,1836-01-01,1861-06-01,deceased
33368,40947,43253,1838-01-01,1868-06-01,deceased
33369,43095,43254,1835-01-01,1876-06-01,deceased
33370,42386,43255,1837-01-01,1870-06-01,deceased
33371,40787,43256,1838-01-01,1891-06-01,deceased
33372,40995,43257,1839-01-01,1871-06-01,deceased
33373,42186,43258,1838-01-01,1872-06-01,deceased
33374,42723,43259,1838-01-01,1879-06-01,deceased
33375,40887,43260,1839-01-01,1871-06-01,deceased
33376,41775,42487,1838-01-01,1886-06-01,deceased
33377,41960,43261,1836-01-01,1861-06-01,deceased
33378,42467,43264,1840-01-01,1867-06-01,deceased
33379,42563,43265,1837-01-01,1874-06-01,deceased
33380,42483,43268,1839-01-01,1860-06-01,deceased
33381,42896,43269,1835-01-01,1891-06-01,deceased
33382,40509,43270,1840-01-01,1879-06-01,deceased
33383,41485,43272,1840-01-01,1887-06-01,deceased
33384,42530,43273,1837-01-01,1876-06-01,deceased
33385,40809,43274,1836-01-01,1865-06-01,deceased
33386,42656,43276,1836-01-01,1878-06-01,deceased
33387,41815,43277,1840-01-01,1873-06-01,deceased
33388,41832,43278,1839-01-01,1889-06-01,deceased
33389,41993,43279,1835-01-01,1863-06-01,deceased
33390,40883,43280,1841-01-01,1866-06-01,deceased
33391,41797,43282,1840-01-01,1871-06-01,deceased
33392,41645,43283,1836-01-01,1876-06-01,deceased
33393,41714,43284,1835-01-01,1876-06-01,deceased
33394,42287,43285,1841-01-01,1871-06-01,deceased
33395,41654,43286,1837-01-01,1891-06-01,deceased
33396,41694,43287,1839-01-01,1864-06-01,deceased
33397,42825,43288,1838-01-01,1860-06-01,deceased
33398,42618,43289,1841-01-01,1878-06-01,deceased
33399,41023,41185,1840-01-01,1859-06-01,deceased
33400,41647,41363,1835-01-01,1860-06-01,deceased
33401,40501,43290,1836-01-01,1881-06-01,deceased
33402,41384,43291,1840-01-01,1878-06-01,deceased
33403,41756,43292,1841-01-01,1900-06-01,deceased
33404,40849,43293,1835-01-01,1873-06-01,deceased
33405,41951,43294,1837-01-01,1859-06-01,deceased
33406,41066,43295,1838-01-01,1867-06-01,deceased
33407,41304,43296,1835-01-01,1853-06-01,deceased
33408,41945,43297,1836-01-01,1868-06-01,deceased
33409,41560,43298,1835-01-01,1869-06-01,deceased
33410,40913,41834,1837-01-01,1878-06-01,deceased
33411,41292,43299,1836-01-01,1865-06-01,deceased
33412,42126,42602,1835-01-01,1854-06-01,deceased
33413,41298,43301,1839-01-01,1876-06-01,deceased
33414,40538,43302,1835-01-01,1869-06-01,deceased
33415,40687,43303,1838-01-01,1884-06-01,deceased
33416,41465,43304,1837-01-01,1876-06-01,deceased
33417,43016,43305,1836-01-01,1861-06-01,deceased
33418,40901,43306,1838-01-01,1867-06-01,deceased
33419,41663,43307,1838-01-01,1865-06-01,deceased
33420,40789,43308,1840-01-01,1871-06-01,deceased
33421,41057,43309,1840-01-01,1863-06-01,deceased
33422,43112,43310,1838-01-01,1889-06-01,deceased
33423,41361,43311,1835-01-01,1874-06-01,deceased
33424,40754,43312,1841-01-01,1861-06-01,deceased
33425,42016,40577,1837-01-01,1894-06-01,deceased
33426,41191,43313,1835-01-01,1860-06-01,deceased
33427,41912,43314,1839-01-01,1875-06-01,deceased
33428,42677,43315,1840-01-01,1867-06-01,deceased
33429,40554,43316,1840-01-01,1860-06-01,deceased
33430,41331,43317,1835-01-01,1890-06-01,deceased
33431,41705,43318,1841-01-01,1897-06-01,deceased
33432,41902,43319,1841-01-01,1883-06-01,deceased
33433,42675,43320,1840-01-01,1887-06-01,deceased
33434,40788,43321,1837-01-01,1882-06-01,deceased
33435,41986,43322,1836-01-01,1871-06-01,deceased
33436,42154,43323,1840-01-01,1867-06-01,deceased
33437,40798,43325,1841-01-01,1881-06-01,deceased
33438,42480,41266,1835-01-01,1864-06-01,deceased
33439,41913,42161,1836-01-01,1881-06-01,deceased
33440,41718,43330,1836-01-01,1863-06-01,deceased
33441,42575,43333,1840-01-01,1886-06-01,deceased
33442,42680,43334,1836-01-01,1861-06-01,deceased
33443,41159,43335,1836-01-01,1892-06-01,deceased
33444,40938,43336,1835-01-01,1871-06-01,deceased
33445,42232,43337,1836-01-01,1877-06-01,deceased
33446,40590,43338,1835-01-01,1863-06-01,deceased
33447,40961,42717,1840-01-01,1877-06-01,deceased
33448,42824,41135,1836-01-01,1861-06-01,deceased
33449,42687,43340,1835-01-01,1850-06-01,deceased
33450,41953,43341,1840-01-01,1887-06-01,deceased
33451,42187,43342,1840-01-01,1893-06-01,deceased
33452,40776,43343,1840-01-01,1870-06-01,deceased
33453,40485,43344,1838-01-01,1871-06-01,deceased
33454,42981,43345,1835-01-01,1896-06-01,deceased
33455,40631,43346,1835-01-01,1853-06-01,deceased
33456,42769,43347,1840-01-01,1882-06-01,deceased
33457,43075,43349,1835-01-01,1875-06-01,deceased
33458,42354,43350,1839-01-01,1871-06-01,deceased
33459,42218,43351,1835-01-01,1875-06-01,deceased
33460,41120,43352,1840-01-01,1879-06-01,deceased
33461,41671,43353,1840-01-01,1864-06-01,deceased
33462,41357,43354,1838-01-01,1867-06-01,deceased
33463,41755,43355,1839-01-01,1896-06-01,deceased
33464,40912,43356,1841-01-01,1866-06-01,deceased
33465,40498,40838,1838-01-01,1878-06-01,deceased
33466,42317,43358,1836-01-01,1887-06-01,deceased
33467,41410,43359,1840-01-01,1870-06-01,deceased
33468,41956,43360,1839-01-01,1860-06-01,deceased
33469,42992,43361,1841-01-01,1863-06-01,deceased
33470,43052,43362,1837-01-01,1862-06-01,deceased
33471,42652,43363,1839-01-01,1865-06-01,deceased
33472,42156,43365,1840-01-01,1875-06-01,deceased
33473,41329,43366,1838-01-01,1889-06-01,deceased
33474,41063,43367,1839-01-01,1883-06-01,deceased
33475,42409,43368,1838-01-01,1861-06-01,deceased
33476,42085,43369,1835-01-01,1862-06-01,deceased
33477,43003,43371,1837-01-01,1856-06-01,deceased
33478,42938,40658,1838-01-01,1876-06-01,deceased
33479,42438,43372,1836-01-01,1856-06-01,deceased
33480,41438,43373,1835-01-01,1880-06-01,deceased
33481,41007,43374,1841-01-01,1874-06-01,deceased
33482,40967,43375,1836-01-01,1874-06-01,deceased
33483,40588,43376,1837-01-01,1868-06-01,deceased
33484,42885,43377,1839-01-01,1871-06-01,deceased
33485,41223,43378,1837-01-01,1871-06-01,deceased
33486,41806,43379,1839-01-01,1871-06-01,deceased
33487,41545,43380,1840-01-01,1889-06-01,deceased
33488,40958,41144,1840-01-01,1859-06-01,deceased
33489,40793,43382,1835-01-01,1854-06-01,deceased
33490,42116,41693,1838-01-01,1874-06-01,deceased
33491,42535,43385,1839-01-01,1875-06-01,deceased
33492,40737,41029,1839-01-01,1863-06-01,deceased
33493,42836,43386,1836-01-01,1867-06-01,deceased
33494,42803,43387,1837-01-01,1860-06-01,deceased
33495,42989,43388,1836-01-01,1899-06-01,deceased
33496,41488,43389,1836-01-01,1889-06-01,deceased
33497,42832,43390,1840-01-01,1900-06-01,deceased
33498,40709,41275,1839-01-01,1858-06-01,deceased
33499,41011,43392,1835-01-01,1869-06-01,deceased
33500,42767,43393,1836-01-01,1880-06-01,deceased
33501,41974,43394,1838-01-01,1866-06-01,deceased
33502,41337,43396,1835-01-01,1868-06-01,deceased
33503,41370,43397,1841-01-01,1862-06-01,deceased
33504,40721,43398,1837-01-01,1872-06-01,deceased
33505,40904,43399,1835-01-01,1873-06-01,deceased
33506,40971,43400,1839-01-01,1863-06-01,deceased
33507,42910,43401,1836-01-01,1902-06-01,deceased
33508,40819,43402,1840-01-01,1875-06-01,deceased
33509,42691,43404,1835-01-01,1858-06-01,deceased
33510,42387,43405,1840-01-01,1857-06-01,deceased
33511,40515,43406,1836-01-01,1873-06-01,deceased
33512,41078,43407,1837-01-01,1882-06-01,deceased
33513,41587,43408,1838-01-01,1901-06-01,deceased
33514,41517,43409,1835-01-01,1873-06-01,deceased
33515,41172,42058,1835-01-01,1863-06-01,deceased
33516,41228,43410,1838-01-01,1866-06-01,deceased
33517,42631,43411,1837-01-01,1885-06-01,deceased
33518,42101,43412,1835-01-01,1887-06-01,deceased
33519,42844,43414,1838-01-01,1883-06-01,deceased
33520,40886,43415,1835-01-01,1870-06-01,deceased
33521,42663,43416,1838-01-01,1885-06-01,deceased
33522,41697,43417,1838-01-01,1864-06-01,deceased
33523,41468,43418,1839-01-01,1866-06-01,deceased
33524,42026,43419,1838-01-01,1853-06-01,deceased
33525,41878,43420,1841-01-01,1894-06-01,deceased
33526,42733,40521,1838-01-01,1872-06-01,deceased
33527,42181,43421,1835-01-01,1858-06-01,deceased
33528,42775,43422,1839-01-01,1861-06-01,deceased
33529,40719,43423,1841-01-01,1877-06-01,deceased
33530,42338,43424,1836-01-01,1856-06-01,deceased
33531,40884,43425,1840-01-01,1880-06-01,deceased
33532,42109,43426,1835-01-01,1869-06-01,deceased
33533,42793,42369,1837-01-01,1864-06-01,deceased
33534,40569,43427,1836-01-01,1882-06-01,deceased
33535,40511,43428,1836-01-01,1864-06-01,deceased
33536,42397,43429,1837-01-01,1857-06-01,deceased
33537,42450,43430,1839-01-01,1860-06-01,deceased
33538,43040,43431,1838-01-01,1862-06-01,deceased
33539,42133,43433,1841-01-01,1875-06-01,deceased
33540,41031,43434,1836-01-01,1860-06-01,deceased
33541,41454,43435,1840-01-01,1893-06-01,deceased
33542,40551,43436,1837-01-01,1856-06-01,deceased
33543,41783,43437,1835-01-01,1867-06-01,deceased
33544,42580,43438,1837-01-01,1898-06-01,deceased
33545,41872,43439,1838-01-01,1880-06-01,deceased
33546,41472,43440,1835-01-01,1868-06-01,deceased
33547,41001,43441,1835-01-01,1859-06-01,deceased
33548,41307,43064,1838-01-01,1887-06-01,deceased
33549,40593,41435,1837-01-01,1885-06-01,deceased
33550,41759,43443,1836-01-01,1875-06-01,deceased
33551,42553,41092,1837-01-01,1880-06-01,deceased
33552,42310,42554,1836-01-01,1891-06-01,deceased
33553,42573,43444,1837-01-01,1894-06-01,deceased
33554,40720,43445,1836-01-01,1856-06-01,deceased
33555,41127,43446,1835-01-01,1875-06-01,deceased
33556,42998,43447,1836-01-01,1867-06-01,deceased
33557,40989,41014,1838-01-01,1863-06-01,deceased
33558,42393,43449,1835-01-01,1894-06-01,deceased
33559,42625,43450,1835-01-01,1875-06-01,deceased
33560,41402,43451,1835-01-01,1860-06-01,deceased
33561,40722,42239,1835-01-01,1902-06-01,deceased
33562,42735,43452,1835-01-01,1855-06-01,deceased
33563,42657,43453,1840-01-01,1869-06-01,deceased
33564,40656,43454,1839-01-01,1872-06-01,deceased
33565,41193,43455,1840-01-01,1904-06-01,deceased
33566,41773,40726,1840-01-01,1882-06-01,deceased
33567,41448,43456,1838-01-01,1855-06-01,deceased
33568,41829,41709,1838-01-01,1858-06-01,deceased
33569,42192,43458,1839-01-01,1897-06-01,deceased
33570,42744,43459,1838-01-01,1858-06-01,deceased
33571,42864,43460,1835-01-01,1883-06-01,deceased
33572,41507,43461,1835-01-01,1895-06-01,deceased
33573,41952,43462,1835-01-01,1898-06-01,deceased
33574,42119,41609,1838-01-01,1895-06-01,deceased
33575,41534,42756,1836-01-01,1864-06-01,deceased
33576,43002,43463,1839-01-01,1882-06-01,deceased
33577,42838,40634,1840-01-01,1866-06-01,deceased
33578,42376,43464,1841-01-01,1900-06-01,deceased
33579,40632,43465,1835-01-01,1871-06-01,deceased
33580,42201,43467,1836-01-01,1897-06-01,deceased
33581,43069,43468,1838-01-01,1858-06-01,deceased
33582,42206,43469,1835-01-01,1861-06-01,deceased
33583,42159,43470,1837-01-01,1865-06-01,deceased
33584,42762,43471,1835-01-01,1864-06-01,deceased
33585,42934,43472,1836-01-01,1881-06-01,deceased
33586,42262,43473,1840-01-01,1875-06-01,deceased
33587,42797,43078,1837-01-01,1870-06-01,deceased
33588,43106,43474,1838-01-01,1889-06-01,deceased
33589,41680,43475,1836-01-01,1874-06-01,deceased
33590,41093,43476,1835-01-01,1869-06-01,deceased
33591,41959,43477,1838-01-01,1867-06-01,deceased
33592,40616,41814,1836-01-01,1855-06-01,deceased
33593,42892,43478,1840-01-01,1872-06-01,deceased
33594,40784,43479,1836-01-01,1880-06-01,deceased
33595,41155,43480,1835-01-01,1868-06-01,deceased
33596,40540,41843,1836-01-01,1854-06-01,deceased
33597,40872,43481,1841-01-01,1894-06-01,deceased
33598,42806,43482,1837-01-01,1859-06-01,deceased
33599,40635,43483,1839-01-01,1879-06-01,deceased
33600,43021,43484,1836-01-01,1866-06-01,deceased
33601,41097,43486,1838-01-01,1866-06-01,deceased
33602,40667,43487,1838-01-01,1869-06-01,deceased
33603,40669,43488,1840-01-01,1862-06-01,deceased
33604,42286,41323,1840-01-01,1859-06-01,deceased
33605,42246,43489,1839-01-01,1863-06-01,deceased
33606,40518,41400,1838-01-01,1882-06-01,deceased
33607,40516,43490,1839-01-01,1875-06-01,deceased
33608,42799,43491,1839-01-01,1880-06-01,deceased
33609,42028,43492,1835-01-01,1878-06-01,deceased
33610,41936,43493,1835-01-01,1858-06-01,deceased
33611,42151,43494,1839-01-01,1853-06-01,deceased
33612,41341,43495,1837-01-01,1861-06-01,deceased
33613,42616,43496,1835-01-01,1878-06-01,deceased
33614,42254,41511,1836-01-01,1862-06-01,deceased
33615,41701,43497,1840-01-01,1878-06-01,deceased
33616,42555,43498,1835-01-01,1849-06-01,deceased
33617,41973,43499,1840-01-01,1861-06-01,deceased
33618,40833,43500,1839-01-01,1862-06-01,deceased
33619,40863,43501,1837-01-01,1899-06-01,deceased
33620,40712,43502,1840-01-01,1876-06-01,deceased
33621,42613,43503,1839-01-01,1861-06-01,deceased
33622,42491,43504,1836-01-01,1862-06-01,deceased
33623,41108,43505,1838-01-01,1856-06-01,deceased
33624,41686,43506,1838-01-01,1868-06-01,deceased
33625,42131,43507,1838-01-01,1862-06-01,deceased
33626,41990,43508,1840-01-01,1865-06-01,deceased
33627,40960,42607,1840-01-01,1863-06-01,deceased
33628,41954,43509,1841-01-01,1890-06-01,deceased
33629,41578,43510,1837-01-01,1897-06-01,deceased
33630,41498,43512,1840-01-01,1890-06-01,deceased
33631,41224,43513,1836-01-01,1854-06-01,deceased
33632,41992,43514,1837-01-01,1855-06-01,deceased
33633,41451,43515,1836-01-01,1880-06-01,deceased
33634,41627,42754,1838-01-01,1864-06-01,deceased
33635,41977,43516,1836-01-01,1879-06-01,deceased
33636,42348,43517,1838-01-01,1857-06-01,deceased
33637,41377,43518,1839-01-01,1871-06-01,deceased
33638,40752,43519,1838-01-01,1897-06-01,deceased
33639,42639,43520,1841-01-01,1880-06-01,deceased
33640,42705,43521,1841-01-01,1897-06-01,deceased
33641,42533,43522,1837-01-01,1884-06-01,deceased
33642,41522,43523,1837-01-01,1868-06-01,deceased
33643,40919,43524,1838-01-01,1861-06-01,deceased
33644,40916,43525,1837-01-01,1889-06-01,deceased
33645,41105,43526,1835-01-01,1855-06-01,deceased
33646,42316,43527,1837-01-01,1856-06-01,deceased
33647,41478,43528,1835-01-01,1861-06-01,deceased
33648,42610,43529,1838-01-01,1879-06-01,deceased
33649,42495,41067,1838-01-01,1874-06-01,deceased
33650,41049,43530,1838-01-01,1866-06-01,deceased
33651,40626,43531,1841-01-01,1869-06-01,deceased
33652,42872,43532,1836-01-01,1872-06-01,deceased
33653,43010,43533,1837-01-01,1870-06-01,deceased
33654,42035,43534,1839-01-01,1875-06-01,deceased
33655,42382,43535,1841-01-01,1877-06-01,deceased
33656,41386,43536,1841-01-01,1870-06-01,deceased
33657,40973,43537,1836-01-01,1897-06-01,deceased
33658,42330,43538,1837-01-01,1855-06-01,deceased
33659,41408,43539,1835-01-01,1854-06-01,deceased
33660,41296,43540,1840-01-01,1898-06-01,deceased
33661,42542,43541,1837-01-01,1868-06-01,deceased
33662,41020,43542,1840-01-01,1871-06-01,deceased
33663,42676,43543,1841-01-01,1858-06-01,deceased
33664,40595,43544,1836-01-01,1854-06-01,deceased
33665,42401,43545,1840-01-01,1869-06-01,deceased
33666,42275,43546,1837-01-01,1881-06-01,deceased
33667,41149,42395,1837-01-01,1862-06-01,deceased
33668,42904,43547,1838-01-01,1862-06-01,deceased
33669,42417,43548,1839-01-01,1882-06-01,deceased
33670,41763,43549,1838-01-01,1892-06-01,deceased
33671,40613,43550,1841-01-01,1856-06-01,deceased
33672,42195,43551,1836-01-01,1873-06-01,deceased
33673,42044,43552,1835-01-01,1872-06-01,deceased
33674,41248,43553,1841-01-01,1897-06-01,deceased
33675,41392,43554,1840-01-01,1872-06-01,deceased
33676,42284,43555,1837-01-01,1869-06-01,deceased
33677,41927,43556,1839-01-01,1869-06-01,deceased
33678,41765,42726,1840-01-01,1858-06-01,deceased
33679,41340,43557,1841-01-01,1895-06-01,deceased
33680,40490,43558,1838-01-01,1882-06-01,deceased
33681,42810,43559,1836-01-01,1856-06-01,deceased
33682,41863,43560,1838-01-01,1887-06-01,deceased
33683,42004,43561,1840-01-01,1859-06-01,deceased
33684,42873,43562,1838-01-01,1870-06-01,deceased
33685,41659,43563,1835-01-01,1861-06-01,deceased
33686,40663,43564,1836-01-01,1852-06-01,deceased
33687,41922,43565,1835-01-01,1863-06-01,deceased
33688,41664,42737,1841-01-01,1865-06-01,deceased
33689,40672,43566,1838-01-01,1865-06-01,deceased
33690,41398,43567,1841-01-01,1897-06-01,deceased
33691,42792,43568,1837-01-01,1867-06-01,deceased
33692,41081,43569,1841-01-01,1891-06-01,deceased
33693,41784,43570,1835-01-01,1882-06-01,deceased
33694,42149,43572,1837-01-01,1879-06-01,deceased
33695,40619,43574,1840-01-01,1863-06-01,deceased
33696,41597,43575,1838-01-01,1885-06-01,deceased
33697,41940,43576,1839-01-01,1860-06-01,deceased
33698,40697,43577,1838-01-01,1860-06-01,deceased
33699,41603,43578,1836-01-01,1862-06-01,deceased
33700,42351,43580,1837-01-01,1878-06-01,deceased
33701,40674,43581,1838-01-01,1879-06-01,deceased
33702,42064,43583,1837-01-01,1880-06-01,deceased
33703,42761,43584,1836-01-01,1896-06-01,deceased
33704,42584,43585,1835-01-01,1890-06-01,deceased
33705,42968,43587,1841-01-01,1877-06-01,deceased
33706,41167,43588,1836-01-01,1859-06-01,deceased
33707,41237,43589,1839-01-01,1878-06-01,deceased
33708,42210,43590,1835-01-01,1871-06-01,deceased
33709,42485,43591,1838-01-01,1891-06-01,deceased
33710,40654,43592,1837-01-01,1879-06-01,deceased
33711,41327,43593,1837-01-01,1879-06-01,deceased
33712,41424,43594,1841-01-01,1877-06-01,deceased
33713,42975,43595,1840-01-01,1859-06-01,deceased
33714,41412,43596,1841-01-01,1887-06-01,deceased
33715,42945,43597,1837-01-01,1857-06-01,deceased
33716,40955,43598,1837-01-01,1857-06-01,deceased
33717,42978,43599,1841-01-01,1891-06-01,deceased
33718,40530,43600,1835-01-01,1864-06-01,deceased
33719,42087,43601,1840-01-01,1893-06-01,deceased
33720,40492,43602,1835-01-01,1860-06-01,deceased
33721,41328,43603,1839-01-01,1864-06-01,deceased
33722,40624,42622,1835-01-01,1887-06-01,deceased
33723,40695,43604,1839-01-01,1858-06-01,deceased
33724,42750,42496,1837-01-01,1866-06-01,deceased
33725,41523,43605,1836-01-01,1863-06-01,deceased
33726,41353,43606,1838-01-01,1870-06-01,deceased
33727,42297,43607,1839-01-01,1874-06-01,deceased
33728,41677,43608,1839-01-01,1896-06-01,deceased
33729,42274,43609,1836-01-01,1860-06-01,deceased
33730,40953,43611,1837-01-01,1871-06-01,deceased
33731,42300,43612,1837-01-01,1895-06-01,deceased
33732,43050,43613,1838-01-01,1890-06-01,deceased
33733,41749,43614,1841-01-01,1903-06-01,deceased
33734,43091,43615,1838-01-01,1883-06-01,deceased
33735,42899,43616,1836-01-01,1871-06-01,deceased
33736,41058,43617,1835-01-01,1856-06-01,deceased
33737,41964,43618,1838-01-01,1867-06-01,deceased
33738,41045,43619,1839-01-01,1893-06-01,deceased
33739,41625,43621,1838-01-01,1869-06-01,deceased
33740,41924,43622,1841-01-01,1868-06-01,deceased
33741,41723,43624,1840-01-01,1889-06-01,deceased
33742,41732,43625,1840-01-01,1860-06-01,deceased
33743,40568,43626,1835-01-01,1856-06-01,deceased
33744,41881,43627,1835-01-01,1863-06-01,deceased
33745,42782,41374,1837-01-01,1861-06-01,deceased
33746,42099,43628,1838-01-01,1863-06-01,deceased
33747,42630,43090,1836-01-01,1864-06-01,deceased
33748,40585,43630,1839-01-01,1862-06-01,deceased
33749,42644,43631,1840-01-01,1864-06-01,deceased
33750,40792,43632,1839-01-01,1858-06-01,deceased
33751,41527,43633,1835-01-01,1864-06-01,deceased
33752,42089,43634,1840-01-01,1860-06-01,deceased
33753,42704,43635,1837-01-01,1872-06-01,deceased
33754,41230,43637,1836-01-01,1894-06-01,deceased
33755,40905,40558,1835-01-01,1861-06-01,deceased
33756,40731,43638,1837-01-01,1875-06-01,deceased
33757,40692,43639,1836-01-01,1863-06-01,deceased
33758,41107,43640,1840-01-01,1858-06-01,deceased
33759,41735,43641,1836-01-01,1892-06-01,deceased
33760,42845,43642,1841-01-01,1875-06-01,deceased
33761,41030,43643,1838-01-01,1860-06-01,deceased
33762,41875,43645,1837-01-01,1855-06-01,deceased
33763,41746,43646,1836-01-01,1880-06-01,deceased
33764,41681,43073,1837-01-01,1875-06-01,deceased
33765,42002,43647,1840-01-01,1885-06-01,deceased
33766,41006,42787,1837-01-01,1865-06-01,deceased
33767,43114,43648,1838-01-01,1876-06-01,deceased
33768,42266,43649,1840-01-01,1880-06-01,deceased
33769,41378,43650,1838-01-01,1902-06-01,deceased
33770,41257,43651,1836-01-01,1860-06-01,deceased
33771,42014,43652,1835-01-01,1881-06-01,deceased
33772,41276,43653,1841-01-01,1866-06-01,deceased
33773,42880,41508,1838-01-01,1888-06-01,deceased
33774,41569,41000,1841-01-01,1869-06-01,deceased
33775,42037,43655,1841-01-01,1877-06-01,deceased
33776,42935,43656,1838-01-01,1867-06-01,deceased
33777,40665,43657,1836-01-01,1885-06-01,deceased
33778,42059,42592,1838-01-01,1859-06-01,deceased
33779,41641,43658,1840-01-01,1874-06-01,deceased
33780,40981,43660,1837-01-01,1858-06-01,deceased
33781,42765,43661,1841-01-01,1861-06-01,deceased
33782,41125,43662,1837-01-01,1859-06-01,deceased
33783,40866,43663,1840-01-01,1889-06-01,deceased
33784,41848,43664,1835-01-01,1889-06-01,deceased
33785,40748,43665,1840-01-01,1865-06-01,deceased
33786,41941,43666,1836-01-01,1858-06-01,deceased
33787,42699,43667,1836-01-01,1862-06-01,deceased
33788,41937,43669,1836-01-01,1856-06-01,deceased
33789,42746,42768,1841-01-01,1888-06-01,deceased
33790,41768,43670,1835-01-01,1890-06-01,deceased
33791,41613,43671,1841-01-01,1870-06-01,deceased
33792,40878,43672,1840-01-01,1885-06-01,deceased
33793,42759,41010,1837-01-01,1898-06-01,deceased
33794,42458,43673,1841-01-01,1876-06-01,deceased
33795,40645,43674,1841-01-01,1892-06-01,deceased
33796,42426,43675,1838-01-01,1876-06-01,deceased
33797,40771,41133,1838-01-01,1867-06-01,deceased
33798,43028,43676,1838-01-01,1890-06-01,deceased
33799,40599,43677,1841-01-01,1895-06-01,deceased
33800,42570,40519,1836-01-01,1865-06-01,deceased
33801,41491,43678,1836-01-01,1862-06-01,deceased
33802,40534,40931,1840-01-01,1896-06-01,deceased
33803,42869,43679,1838-01-01,1871-06-01,deceased
33804,41199,43680,1836-01-01,1855-06-01,deceased
33805,42114,43682,1838-01-01,1855-06-01,deceased
33806,42985,43683,1839-01-01,1883-06-01,deceased
33807,41286,43684,1836-01-01,1871-06-01,deceased
33808,41591,43685,1839-01-01,1887-06-01,deceased
33809,42245,43686,1835-01-01,1865-06-01,deceased
33810,41319,43687,1841-01-01,1866-06-01,deceased
33811,43072,43688,1840-01-01,1875-06-01,deceased
33812,42174,43689,1835-01-01,1871-06-01,deceased
33813,40892,43690,1841-01-01,1867-06-01,deceased
33814,40873,42558,1840-01-01,1862-06-01,deceased
33815,41246,43691,1837-01-01,1858-06-01,deceased
33816,43008,43692,1840-01-01,1862-06-01,deceased
33817,41426,43693,1840-01-01,1880-06-01,deceased
33818,41748,43694,1836-01-01,1872-06-01,deceased
33819,40691,43695,1835-01-01,1864-06-01,deceased
33820,42428,41247,1837-01-01,1884-06-01,deceased
33821,41642,42871,1840-01-01,1895-06-01,deceased
33822,42738,43696,1839-01-01,1867-06-01,deceased
33823,42924,43697,1839-01-01,1859-06-01,deceased
33824,41098,43698,1836-01-01,1856-06-01,deceased
33825,43101,41712,1835-01-01,1874-06-01,deceased
33826,42264,43699,1839-01-01,1857-06-01,deceased
33827,41601,43700,1838-01-01,1890-06-01,deceased
33828,41368,43701,1839-01-01,1866-06-01,deceased
33829,40576,43702,1838-01-01,1865-06-01,deceased
33830,41976,43703,1836-01-01,1867-06-01,deceased
33831,42207,43704,1840-01-01,1859-06-01,deceased
33832,41326,43705,1835-01-01,1869-06-01,deceased
33833,42974,43707,1838-01-01,1862-06-01,deceased
33834,41128,43708,1840-01-01,1871-06-01,deceased
33835,41987,43709,1835-01-01,1885-06-01,deceased
33836,41812,43710,1837-01-01,1863-06-01,deceased
33837,42456,43711,1839-01-01,1879-06-01,deceased
33838,40729,43713,1835-01-01,1869-06-01,deceased
33839,42282,43714,1838-01-01,1873-06-01,deceased
33840,41290,41487,1836-01-01,1871-06-01,deceased
33841,41586,40760,1836-01-01,1857-06-01,deceased
33842,40791,43716,1836-01-01,1875-06-01,deceased
33843,41800,42070,1836-01-01,1872-06-01,deceased
33844,41344,43719,1841-01-01,1873-06-01,deceased
33845,41741,43720,1839-01-01,1883-06-01,deceased
33846,42710,43721,1838-01-01,1897-06-01,deceased
33847,41278,43722,1839-01-01,1862-06-01,deceased
33848,41887,43723,1841-01-01,1864-06-01,deceased
33849,42682,43724,1841-01-01,1889-06-01,deceased
33850,40535,43726,1841-01-01,1898-06-01,deceased
33851,40677,43727,1837-01-01,1864-06-01,deceased
33852,41231,43728,1840-01-01,1886-06-01,deceased
33853,42435,43729,1835-01-01,1878-06-01,deceased
33854,41520,42662,1835-01-01,1862-06-01,deceased
33855,42942,42293,1841-01-01,1893-06-01,deceased
33856,41710,43731,1841-01-01,1860-06-01,deceased
33857,41317,43733,1837-01-01,1871-06-01,deceased
33858,42693,43734,1839-01-01,1882-06-01,deceased
33859,40744,43735,1841-01-01,1864-06-01,deceased
33860,41994,43736,1835-01-01,1864-06-01,deceased
33861,40994,43737,1837-01-01,1865-06-01,deceased
33862,40641,43738,1835-01-01,1853-06-01,deceased
33863,40628,43739,1837-01-01,1895-06-01,deceased
33864,40528,43740,1835-01-01,1895-06-01,deceased
33865,41696,43741,1840-01-01,1881-06-01,deceased
33866,40829,42834,1836-01-01,1873-06-01,deceased
33867,42500,43743,1837-01-01,1857-06-01,deceased
33868,42889,43744,1841-01-01,1859-06-01,deceased
33869,40834,43745,1836-01-01,1877-06-01,deceased
33870,42445,43746,1835-01-01,1867-06-01,deceased
33871,42601,43747,1839-01-01,1880-06-01,deceased
33872,41118,43749,1836-01-01,1876-06-01,deceased
33873,43086,43750,1835-01-01,1870-06-01,deceased
33874,41281,40542,1836-01-01,1864-06-01,deceased
33875,42303,43751,1839-01-01,1884-06-01,deceased
33876,41189,43752,1840-01-01,1864-06-01,deceased
33877,42868,42921,1836-01-01,1869-06-01,deceased
33878,40496,40881,1835-01-01,1856-06-01,deceased
33879,41046,43753,1840-01-01,1888-06-01,deceased
33880,41174,43754,1835-01-01,1868-06-01,deceased
33881,40736,43756,1839-01-01,1897-06-01,deceased
33882,42269,43757,1840-01-01,1880-06-01,deceased
33883,42943,43758,1838-01-01,1895-06-01,deceased
33884,41399,43759,1835-01-01,1859-06-01,deceased
33885,42172,43760,1838-01-01,1860-06-01,deceased
33886,42083,43761,1839-01-01,1863-06-01,deceased
33887,41716,43762,1840-01-01,1862-06-01,deceased
33888,42728,43763,1838-01-01,1891-06-01,deceased
33889,42696,43765,1839-01-01,1906-06-01,deceased
33890,41418,43767,1841-01-01,1905-06-01,deceased
33891,41284,43768,1839-01-01,1859-06-01,deceased
33892,40553,43770,1835-01-01,1886-06-01,deceased
33893,41901,43771,1835-01-01,1864-06-01,deceased
33894,42288,43773,1841-01-01,1875-06-01,deceased
33895,42414,43774,1840-01-01,1861-06-01,deceased
33896,40617,43775,1835-01-01,1889-06-01,deceased
33897,41157,43776,1837-01-01,1860-06-01,deceased
33898,40927,43777,1839-01-01,1870-06-01,deceased
33899,41136,43778,1841-01-01,1894-06-01,deceased
33900,40507,43779,1835-01-01,1888-06-01,deceased
33901,41995,43780,1835-01-01,1863-06-01,deceased
33902,42879,43781,1837-01-01,1869-06-01,deceased
33903,40852,43782,1836-01-01,1894-06-01,deceased
33904,41824,43783,1835-01-01,1862-06-01,deceased
33905,43014,43784,1839-01-01,1869-06-01,deceased
33906,42139,43785,1838-01-01,1877-06-01,deceased
33907,42093,43786,1840-01-01,1893-06-01,deceased
33908,42788,43787,1840-01-01,1877-06-01,deceased
33909,42980,43788,1841-01-01,1882-06-01,deceased
33910,41416,43789,1838-01-01,1900-06-01,deceased
33911,41404,43790,1837-01-01,1872-06-01,deceased
33912,41070,43792,1837-01-01,1875-06-01,deceased
33913,41750,43793,1837-01-01,1856-06-01,deceased
33914,41065,43794,1840-01-01,1881-06-01,deceased
33915,42365,43795,1841-01-01,1873-06-01,deceased
33916,41634,41861,1839-01-01,1866-06-01,deceased
33917,42152,43796,1836-01-01,1856-06-01,deceased
33918,43116,43797,1837-01-01,1880-06-01,deceased
33919,40604,43798,1838-01-01,1889-06-01,deceased
33920,42511,43799,1839-01-01,1860-06-01,deceased
33921,41432,43800,1841-01-01,1868-06-01,deceased
33922,41219,43801,1837-01-01,1855-06-01,deceased
33923,42823,43803,1839-01-01,1865-06-01,deceased
33924,41529,43804,1838-01-01,1867-06-01,deceased
33925,41209,43805,1835-01-01,1864-06-01,deceased
33926,40718,43806,1837-01-01,1883-06-01,deceased
33927,42017,43808,1840-01-01,1886-06-01,deceased
33928,40926,43810,1841-01-01,1884-06-01,deceased
33929,41600,43811,1841-01-01,1871-06-01,deceased
33930,40741,43813,1839-01-01,1879-06-01,deceased
33931,41179,43814,1836-01-01,1856-06-01,deceased
33932,40637,43815,1840-01-01,1860-06-01,deceased
33933,41113,43816,1836-01-01,1859-06-01,deceased
33934,40580,43818,1837-01-01,1858-06-01,deceased
33935,41430,43820,1836-01-01,1866-06-01,deceased
33936,41653,42839,1838-01-01,1857-06-01,deceased
33937,40529,43821,1835-01-01,1895-06-01,deceased
33938,41515,43823,1835-01-01,1863-06-01,deceased
33939,41476,43824,1838-01-01,1856-06-01,deceased
33940,40745,43825,1838-01-01,1873-06-01,deceased
33941,41406,42614,1838-01-01,1874-06-01,deceased
33942,41205,43826,1837-01-01,1878-06-01,deceased
33943,41886,43827,1836-01-01,1876-06-01,deceased
33944,41407,43828,1835-01-01,1856-06-01,deceased
33945,41946,43829,1836-01-01,1883-06-01,deceased
33946,41042,43830,1839-01-01,1870-06-01,deceased
33947,40563,43831,1837-01-01,1882-06-01,deceased
33948,42167,43832,1840-01-01,1858-06-01,deceased
33949,42739,43834,1839-01-01,1865-06-01,deceased
33950,41244,43835,1836-01-01,1882-06-01,deceased
33951,42430,43836,1837-01-01,1865-06-01,deceased
33952,42095,43837,1835-01-01,1864-06-01,deceased
33953,40607,43838,1840-01-01,1868-06-01,deceased
33954,41547,41595,1837-01-01,1887-06-01,deceased
33955,42240,43840,1839-01-01,1870-06-01,deceased
33956,42308,43842,1839-01-01,1867-06-01,deceased
33957,41032,43843,1837-01-01,1858-06-01,deceased
33958,40775,43844,1837-01-01,1882-06-01,deceased
33959,41173,43845,1840-01-01,1866-06-01,deceased
33960,40572,43846,1836-01-01,1880-06-01,deceased
33961,42861,43847,1838-01-01,1858-06-01,deceased
33962,41261,43848,1838-01-01,1860-06-01,deceased
33963,42403,43849,1840-01-01,1897-06-01,deceased
33964,40666,40506,1840-01-01,1880-06-01,deceased
33965,42609,43852,1837-01-01,1896-06-01,deceased
33966,42882,43854,1836-01-01,1899-06-01,deceased
33967,41684,40495,1840-01-01,1861-06-01,deceased
33968,42658,43855,1841-01-01,1880-06-01,deceased
33969,41504,43856,1836-01-01,1884-06-01,deceased
33970,40933,43858,1839-01-01,1878-06-01,deceased
33971,41544,43860,1836-01-01,1874-06-01,deceased
33972,41679,42984,1840-01-01,1902-06-01,deceased
33973,40759,43861,1838-01-01,1864-06-01,deceased
33974,41918,43862,1838-01-01,1864-06-01,deceased
33975,41130,43863,1840-01-01,1872-06-01,deceased
33976,41888,43864,1841-01-01,1865-06-01,deceased
33977,42092,40925,1835-01-01,1869-06-01,deceased
33978,41967,43865,1835-01-01,1859-06-01,deceased
33979,42620,43866,1839-01-01,1889-06-01,deceased
33980,40545,40715,1837-01-01,1864-06-01,deceased
33981,43097,43867,1835-01-01,1860-06-01,deceased
33982,42983,43868,1837-01-01,1869-06-01,deceased
33983,40920,43869,1837-01-01,1875-06-01,deceased
33984,43060,43870,1835-01-01,1877-06-01,deceased
33985,42955,43871,1836-01-01,1862-06-01,deceased
33986,41245,43873,1839-01-01,1859-06-01,deceased
33987,42633,43874,1836-01-01,1858-06-01,deceased
33988,42279,43875,1835-01-01,1857-06-01,deceased
33989,41068,43876,1836-01-01,1875-06-01,deceased
33990,42419,43877,1838-01-01,1854-06-01,deceased
33991,41084,43878,1835-01-01,1887-06-01,deceased
33992,41649,43879,1836-01-01,1867-06-01,deceased
33993,41208,43880,1839-01-01,1905-06-01,deceased
33994,41182,43882,1841-01-01,1865-06-01,deceased
33995,41062,43883,1835-01-01,1892-06-01,deceased
33996,40762,43884,1835-01-01,1885-06-01,deceased
33997,43044,42829,1838-01-01,1869-06-01,deceased
33998,40954,43885,1840-01-01,1875-06-01,deceased
33999,42163,43886,1839-01-01,1861-06-01,deceased
34000,41073,43887,1839-01-01,1888-06-01,deceased
34001,40950,43888,1835-01-01,1881-06-01,deceased
34002,40756,43890,1838-01-01,1867-06-01,deceased
34003,43099,43891,1837-01-01,1853-06-01,deceased
34004,40832,43892,1840-01-01,1864-06-01,deceased
34005,42606,43893,1838-01-01,1869-06-01,deceased
34006,40597,43894,1839-01-01,1881-06-01,deceased
34007,41273,43895,1841-01-01,1871-06-01,deceased
34008,42929,42479,1840-01-01,1898-06-01,deceased
34009,40767,43896,1835-01-01,1882-06-01,deceased
34010,41052,43897,1841-01-01,1874-06-01,deceased
34011,40728,43899,1838-01-01,1870-06-01,deceased
34012,40657,43900,1837-01-01,1869-06-01,deceased
34013,41852,43901,1836-01-01,1863-06-01,deceased
34014,41268,43902,1835-01-01,1856-06-01,deceased
34015,42543,43903,1841-01-01,1869-06-01,deceased
34016,42228,42399,1839-01-01,1854-06-01,deceased
34017,40930,43905,1838-01-01,1894-06-01,deceased
34018,42878,43906,1841-01-01,1883-06-01,deceased
34019,42036,43907,1839-01-01,1880-06-01,deceased
34020,41417,43908,1835-01-01,1866-06-01,deceased
34021,41853,40682,1841-01-01,1895-06-01,deceased
34022,42169,43909,1835-01-01,1880-06-01,deceased
34023,41857,43910,1839-01-01,1891-06-01,deceased
34024,41112,43911,1835-01-01,1883-06-01,deceased
34025,40910,43912,1840-01-01,1896-06-01,deceased
34026,41733,41444,1839-01-01,1867-06-01,deceased
34027,41163,42219,1841-01-01,1898-06-01,deceased
34028,42489,43914,1835-01-01,1857-06-01,deceased
34029,42816,43915,1841-01-01,1881-06-01,deceased
34030,40603,43916,1841-01-01,1864-06-01,deceased
34031,42888,43917,1841-01-01,1885-06-01,deceased
34032,41845,42356,1840-01-01,1895-06-01,deceased
34033,40876,43918,1841-01-01,1900-06-01,deceased
34034,42996,43919,1841-01-01,1874-06-01,deceased
34035,41846,43920,1840-01-01,1870-06-01,deceased
34036,41038,43922,1837-01-01,1892-06-01,deceased
34037,42534,43923,1841-01-01,1883-06-01,deceased
34038,42327,43924,1837-01-01,1886-06-01,deceased
34039,40483,43925,1841-01-01,1859-06-01,deceased
34040,40885,43926,1836-01-01,1856-06-01,deceased
34041,41982,43927,1836-01-01,1870-06-01,deceased
34042,40700,43928,1841-01-01,1863-06-01,deceased
34043,42022,43929,1836-01-01,1856-06-01,deceased
34044,40860,41926,1841-01-01,1878-06-01,deceased
34045,42364,42027,1837-01-01,1879-06-01,deceased
34046,42655,43930,1837-01-01,1876-06-01,deceased
34047,40780,43931,1841-01-01,1878-06-01,deceased
34048,42850,43932,1840-01-01,1872-06-01,deceased
34049,42833,43933,1841-01-01,1892-06-01,deceased
34050,41786,43934,1838-01-01,1865-06-01,deceased
34051,41869,43935,1838-01-01,1859-06-01,deceased
34052,42197,43936,1839-01-01,1856-06-01,deceased
34053,41285,43937,1841-01-01,1881-06-01,deceased
34054,42267,43938,1836-01-01,1881-06-01,deceased
34055,41212,43939,1837-01-01,1865-06-01,deceased
34056,42972,40812,1840-01-01,1870-06-01,deceased
34057,41726,43940,1841-01-01,1879-06-01,deceased
34058,40909,43941,1841-01-01,1866-06-01,deceased
34059,41632,42433,1837-01-01,1878-06-01,deceased
34060,42819,41048,1840-01-01,1870-06-01,deceased
34061,41593,43942,1838-01-01,1864-06-01,deceased
34062,43088,43943,1836-01-01,1862-06-01,deceased
34063,42550,42692,1841-01-01,1893-06-01,deceased
34064,40768,43944,1838-01-01,1864-06-01,deceased
34065,42918,43945,1841-01-01,1861-06-01,deceased
34066,40978,43946,1836-01-01,1862-06-01,deceased
34067,40907,43947,1838-01-01,1876-06-01,deceased
34068,43104,43948,1837-01-01,1871-06-01,deceased
34069,40755,43950,1835-01-01,1851-06-01,deceased
34070,41359,43951,1836-01-01,1890-06-01,deceased
34071,40991,41531,1838-01-01,1869-06-01,deceased
34072,42323,42039,1840-01-01,1859-06-01,deceased
34073,41477,43953,1837-01-01,1877-06-01,deceased
34074,40661,43954,1840-01-01,1876-06-01,deceased
34075,42907,40865,1838-01-01,1874-06-01,deceased
34076,41841,43955,1839-01-01,1863-06-01,deceased
34077,42051,43956,1839-01-01,1883-06-01,deceased
34078,41776,43957,1839-01-01,1882-06-01,deceased
34079,42848,43958,1839-01-01,1886-06-01,deceased
34080,40818,43959,1841-01-01,1864-06-01,deceased
34081,43119,43960,1835-01-01,1856-06-01,deceased
34082,41879,43961,1840-01-01,1873-06-01,deceased
34083,42378,43962,1835-01-01,1859-06-01,deceased
34084,42660,43963,1840-01-01,1877-06-01,deceased
34085,42339,43964,1835-01-01,1881-06-01,deceased
34086,41188,43965,1836-01-01,1873-06-01,deceased
34087,42411,43966,1838-01-01,1871-06-01,deceased
34088,42611,43967,1839-01-01,1877-06-01,deceased
34089,42587,43968,1839-01-01,1873-06-01,deceased
34090,41933,43969,1840-01-01,1866-06-01,deceased
34091,42332,41792,1837-01-01,1868-06-01,deceased
34092,42906,43970,1841-01-01,1884-06-01,deceased
34093,42851,43971,1838-01-01,1863-06-01,deceased
34094,40625,43972,1836-01-01,1873-06-01,deceased
34095,42557,43974,1839-01-01,1890-06-01,deceased
34096,41195,43975,1836-01-01,1878-06-01,deceased
34097,42236,43978,1838-01-01,1857-06-01,deceased
34098,40839,43979,1840-01-01,1861-06-01,deceased
34099,41434,43980,1838-01-01,1877-06-01,deceased
34100,41572,43981,1836-01-01,1869-06-01,deceased
34101,41745,43982,1840-01-01,1866-06-01,deceased
34102,42571,43983,1840-01-01,1884-06-01,deceased
34103,41611,43984,1836-01-01,1866-06-01,deceased
34104,43046,43985,1836-01-01,1869-06-01,deceased
34105,42967,43986,1841-01-01,1885-06-01,deceased
34106,41817,43987,1836-01-01,1856-06-01,deceased
34107,40601,43988,1839-01-01,1867-06-01,deceased
34108,42424,43989,1840-01-01,1860-06-01,deceased
34109,42685,43990,1839-01-01,1867-06-01,deceased
34110,41184,43992,1838-01-01,1861-06-01,deceased
34111,42796,43993,1836-01-01,1856-06-01,deceased
34112,42147,43994,1840-01-01,1860-06-01,deceased
34113,41321,43996,1837-01-01,1851-06-01,deceased
34114,42716,41171,1841-01-01,1893-06-01,deceased
34115,40555,42986,1838-01-01,1865-06-01,deceased
34116,40738,43997,1835-01-01,1865-06-01,deceased
34117,41117,43998,1835-01-01,1886-06-01,deceased
34118,41202,43999,1835-01-01,1879-06-01,deceased
34119,42731,42681,1838-01-01,1870-06-01,deceased
34120,40893,44001,1836-01-01,1861-06-01,deceased
34121,41584,44002,1836-01-01,1867-06-01,deceased
34122,40503,41715,1839-01-01,1865-06-01,deceased
34123,41428,44004,1835-01-01,1877-06-01,deceased
34124,42271,44005,1836-01-01,1892-06-01,deceased
34125,42667,44006,1840-01-01,1878-06-01,deceased
34126,41393,44007,1839-01-01,1864-06-01,deceased
34127,42157,44008,1839-01-01,1858-06-01,deceased
34128,42250,44010,1836-01-01,1868-06-01,deceased
34129,42441,44011,1836-01-01,1858-06-01,deceased
34130,40647,44012,1835-01-01,1883-06-01,deceased
34131,41462,42080,1836-01-01,1877-06-01,deceased
34132,41026,44013,1839-01-01,1858-06-01,deceased
34133,41891,44014,1840-01-01,1882-06-01,deceased
34134,41490,44015,1836-01-01,1856-06-01,deceased
34135,40807,44016,1836-01-01,1876-06-01,deceased
34136,42783,44017,1840-01-01,1868-06-01,deceased
34137,42406,44018,1841-01-01,1872-06-01,deceased
34138,42732,44019,1838-01-01,1878-06-01,deceased
34139,42936,44020,1836-01-01,1859-06-01,deceased
34140,41457,44021,1841-01-01,1872-06-01,deceased
34141,42346,44022,1841-01-01,1878-06-01,deceased
34142,42661,44023,1835-01-01,1862-06-01,deceased
34143,42230,41947,1835-01-01,1879-06-01,deceased
34144,40921,40652,1841-01-01,1894-06-01,deceased
34145,42525,44025,1837-01-01,1856-06-01,deceased
34146,40799,44026,1837-01-01,1861-06-01,deceased
34147,42755,44027,1839-01-01,1885-06-01,deceased
34148,42488,44028,1837-01-01,1859-06-01,deceased
34149,41899,44029,1835-01-01,1884-06-01,deceased
34150,42222,44030,1836-01-01,1893-06-01,deceased
34151,42891,44031,1839-01-01,1872-06-01,deceased
34152,40896,44032,1838-01-01,1875-06-01,deceased
34153,41140,44033,1836-01-01,1864-06-01,deceased
34154,42292,44034,1841-01-01,1878-06-01,deceased
34155,40941,44035,1838-01-01,1889-06-01,deceased
34156,41474,44036,1839-01-01,1879-06-01,deceased
34157,42252,44037,1836-01-01,1867-06-01,deceased
34158,41019,44038,1840-01-01,1884-06-01,deceased
34159,41360,44039,1841-01-01,,active
34160,40614,44040,1838-01-01,1891-06-01,deceased
34161,41635,44041,1838-01-01,1860-06-01,deceased
34162,42886,44042,1839-01-01,1866-06-01,deceased
34163,42626,44043,1839-01-01,1867-06-01,deceased
34164,42260,44044,1836-01-01,1890-06-01,deceased
34165,42709,44045,1836-01-01,1862-06-01,deceased
34166,42908,44046,1839-01-01,1860-06-01,deceased
34167,41895,44047,1835-01-01,1857-06-01,deceased
34168,40830,44048,1837-01-01,1903-06-01,deceased
34169,41961,44050,1839-01-01,1871-06-01,deceased
34170,41315,44051,1840-01-01,1872-06-01,deceased
34171,41314,44052,1837-01-01,1872-06-01,deceased
34172,43061,44054,1836-01-01,1892-06-01,deceased
34173,41727,44055,1838-01-01,1860-06-01,deceased
34174,42359,41538,1841-01-01,1859-06-01,deceased
34175,42025,44056,1836-01-01,1853-06-01,deceased
34176,41577,44057,1840-01-01,1860-06-01,deceased
34177,42086,42678,1836-01-01,1861-06-01,deceased
34178,40557,44058,1839-01-01,1880-06-01,deceased
34179,42764,44059,1839-01-01,1857-06-01,deceased
34180,43065,44060,1839-01-01,1870-06-01,deceased
34181,43054,44061,1838-01-01,1879-06-01,deceased
34182,41579,44062,1835-01-01,1861-06-01,deceased
34183,40942,42185,1837-01-01,1858-06-01,deceased
34184,42462,42712,1836-01-01,1856-06-01,deceased
34185,42741,44063,1836-01-01,1862-06-01,deceased
34186,40605,44064,1839-01-01,1866-06-01,deceased
34187,43094,44065,1835-01-01,1870-06-01,deceased
34188,42956,44066,1839-01-01,1862-06-01,deceased
34189,42931,44067,1840-01-01,1861-06-01,deceased
34190,41880,44068,1839-01-01,1858-06-01,deceased
34191,41152,41555,1838-01-01,1868-06-01,deceased
34192,40693,44070,1836-01-01,1862-06-01,deceased
34193,41551,44071,1841-01-01,1872-06-01,deceased
34194,41040,44072,1836-01-01,1873-06-01,deceased
34195,41724,44073,1840-01-01,1872-06-01,deceased
34196,40689,44074,1837-01-01,1883-06-01,deceased
34197,42995,44075,1838-01-01,1862-06-01,deceased
34198,41142,44076,1838-01-01,1883-06-01,deceased
34199,41929,44078,1840-01-01,1867-06-01,deceased
34200,41658,41310,1837-01-01,1875-06-01,deceased
34201,42375,44079,1840-01-01,1875-06-01,deceased
34202,40806,44080,1835-01-01,1884-06-01,deceased
34203,42211,44081,1836-01-01,1867-06-01,deceased
34204,40546,41425,1836-01-01,1861-06-01,deceased
34205,41550,44082,1837-01-01,1856-06-01,deceased
34206,41849,44083,1836-01-01,1901-06-01,deceased
34207,41907,41795,1839-01-01,1879-06-01,deceased
34208,40559,44084,1835-01-01,1861-06-01,deceased
34209,41908,42268,1838-01-01,1891-06-01,deceased
34210,41055,44085,1838-01-01,1889-06-01,deceased
34211,42106,44086,1839-01-01,1885-06-01,deceased
34212,42568,44087,1835-01-01,1891-06-01,deceased
34213,40512,44088,1837-01-01,1861-06-01,deceased
34214,42697,44090,1841-01-01,1862-06-01,deceased
34215,42635,44091,1836-01-01,1857-06-01,deceased
34216,40968,44092,1837-01-01,1860-06-01,deceased
34217,40662,44093,1840-01-01,1867-06-01,deceased
34218,40746,44094,1837-01-01,1864-06-01,deceased
34219,42204,44095,1836-01-01,1879-06-01,deceased
34220,40856,44097,1835-01-01,1878-06-01,deceased
34221,43006,44098,1837-01-01,1871-06-01,deceased
34222,42948,44099,1837-01-01,1870-06-01,deceased
34223,43019,44100,1838-01-01,1865-06-01,deceased
34224,40766,41943,1840-01-01,1873-06-01,deceased
34225,42855,44101,1835-01-01,1890-06-01,deceased
34226,41099,44102,1836-01-01,1860-06-01,deceased
34227,40504,44103,1840-01-01,1859-06-01,deceased
34228,40482,44104,1839-01-01,1868-06-01,deceased
34229,41893,44105,1840-01-01,1892-06-01,deceased
34230,42949,44106,1841-01-01,1882-06-01,deceased
34231,41706,44107,1841-01-01,1893-06-01,deceased
34232,42038,44108,1837-01-01,1879-06-01,deceased
34233,41911,44109,1840-01-01,1877-06-01,deceased
34234,41445,41332,1838-01-01,1879-06-01,deceased
34235,41192,44110,1839-01-01,1865-06-01,deceased
34236,41514,44111,1835-01-01,1869-06-01,deceased
34237,40782,44112,1835-01-01,1862-06-01,deceased
34238,41436,44113,1841-01-01,1889-06-01,deceased
34239,42809,42629,1840-01-01,1873-06-01,deceased
34240,42505,44114,1841-01-01,1874-06-01,deceased
34241,42493,42088,1841-01-01,1865-06-01,deceased
34242,40795,44115,1838-01-01,1891-06-01,deceased
34243,41674,44116,1837-01-01,1862-06-01,deceased
34244,40676,44117,1840-01-01,1858-06-01,deceased
34245,41794,42011,1835-01-01,1868-06-01,deceased
34246,43034,41079,1836-01-01,1854-06-01,deceased
34247,42546,42574,1837-01-01,1860-06-01,deceased
34248,42481,44118,1836-01-01,1875-06-01,deceased
34249,43024,41355,1836-01-01,1857-06-01,deceased
34250,41255,42209,1839-01-01,1861-06-01,deceased
34251,43036,44119,1836-01-01,1859-06-01,deceased
34252,42057,44120,1836-01-01,1857-06-01,deceased
34253,41865,42212,1841-01-01,1860-06-01,deceased
34254,41932,44121,1840-01-01,1869-06-01,deceased
34255,41441,44122,1839-01-01,1857-06-01,deceased
34256,43042,44123,1839-01-01,1878-06-01,deceased
34257,42623,44125,1836-01-01,1902-06-01,deceased
34258,42927,42244,1841-01-01,1857-06-01,deceased
34259,41429,44126,1838-01-01,1858-06-01,deceased
34260,42005,44127,1837-01-01,1864-06-01,deceased
34261,41720,44129,1840-01-01,1891-06-01,deceased
34262,42711,44130,1838-01-01,1859-06-01,deceased
34263,41240,44131,1836-01-01,1866-06-01,deceased
34264,41540,44132,1836-01-01,1883-06-01,deceased
34265,40703,44133,1840-01-01,1880-06-01,deceased
34266,42418,44134,1835-01-01,1890-06-01,deceased
34267,41043,44135,1839-01-01,1869-06-01,deceased
34268,42695,44136,1841-01-01,1895-06-01,deceased
34269,41334,44137,1839-01-01,1879-06-01,deceased
34270,42413,44138,1838-01-01,1885-06-01,deceased
34271,41053,44139,1840-01-01,1861-06-01,deceased
34272,40699,44140,1837-01-01,1904-06-01,deceased
34273,40686,44141,1841-01-01,1860-06-01,deceased
34274,42367,44142,1836-01-01,1875-06-01,deceased
34275,41102,44143,1841-01-01,1885-06-01,deceased
34276,41289,44144,1841-01-01,1876-06-01,deceased
34277,40979,44145,1838-01-01,1876-06-01,deceased
34278,41395,44146,1837-01-01,1875-06-01,deceased
34279,43121,44147,1838-01-01,1868-06-01,deceased
34280,42812,44148,1839-01-01,1892-06-01,deceased
34281,40581,44149,1839-01-01,1880-06-01,deceased
34282,42785,44150,1840-01-01,1867-06-01,deceased
34283,42226,44151,1839-01-01,1892-06-01,deceased
34284,42598,44152,1836-01-01,1874-06-01,deceased
34285,40985,44153,1841-01-01,1869-06-01,deceased
34286,40547,44154,1840-01-01,1863-06-01,deceased
34287,42645,44155,1840-01-01,1878-06-01,deceased
34288,42604,41882,1837-01-01,1856-06-01,deceased
34289,40817,44156,1835-01-01,1867-06-01,deceased
34290,42115,44157,1838-01-01,1870-06-01,deceased
34291,40716,44158,1836-01-01,1864-06-01,deceased
34292,42916,44159,1837-01-01,1866-06-01,deceased
34293,42818,44160,1838-01-01,1868-06-01,deceased
34294,41921,44161,1835-01-01,1889-06-01,deceased
34295,42748,44163,1838-01-01,1858-06-01,deceased
34296,42951,44164,1835-01-01,1860-06-01,deceased
34297,42344,44165,1836-01-01,1884-06-01,deceased
34298,41473,40965,1841-01-01,1887-06-01,deceased
34299,41640,44166,1836-01-01,1854-06-01,deceased
34300,41985,42501,1840-01-01,1893-06-01,deceased
34301,42342,44167,1838-01-01,1864-06-01,deceased
34302,40660,44168,1837-01-01,1889-06-01,deceased
34303,42583,44169,1839-01-01,1867-06-01,deceased
34304,41137,44170,1839-01-01,1858-06-01,deceased
34305,43041,44171,1841-01-01,1869-06-01,deceased
34306,42029,44172,1836-01-01,1889-06-01,deceased
34307,40854,44173,1841-01-01,1880-06-01,deceased
34308,42225,42763,1835-01-01,1888-06-01,deceased
34309,40702,42199,1839-01-01,1886-06-01,deceased
34310,42668,44174,1835-01-01,1863-06-01,deceased
34311,43039,44175,1836-01-01,1862-06-01,deceased
34312,41345,44176,1837-01-01,,active
34313,42140,44177,1836-01-01,1898-06-01,deceased
34314,42048,44178,1835-01-01,1881-06-01,deceased
34315,41479,44179,1836-01-01,1861-06-01,deceased
34316,41009,44180,1838-01-01,1884-06-01,deceased
34317,42142,44181,1835-01-01,1855-06-01,deceased
34318,42360,44182,1835-01-01,1881-06-01,deceased
34319,41998,44183,1836-01-01,1864-06-01,deceased
34320,41090,44184,1840-01-01,1892-06-01,deceased
34321,41104,44185,1839-01-01,1864-06-01,deceased
34322,40846,44186,1836-01-01,1853-06-01,deceased
34323,40739,44187,1836-01-01,1867-06-01,deceased
34324,43025,44188,1837-01-01,1859-06-01,deceased
34325,41087,44189,1838-01-01,1860-06-01,deceased
34326,40781,42894,1837-01-01,1875-06-01,deceased
34327,41802,41575,1840-01-01,1904-06-01,deceased
34328,40642,44190,1835-01-01,1853-06-01,deceased
34329,42081,44191,1836-01-01,1901-06-01,deceased
34330,42215,41018,1838-01-01,1869-06-01,deceased
34331,42153,44192,1838-01-01,1884-06-01,deceased
34332,42141,41450,1839-01-01,1893-06-01,deceased
34333,41124,44193,1838-01-01,1871-06-01,deceased
34334,40899,44194,1839-01-01,1857-06-01,deceased
34335,41216,44195,1839-01-01,1871-06-01,deceased
34336,42862,44196,1835-01-01,1853-06-01,deceased
34337,40524,44197,1840-01-01,1863-06-01,deceased
34338,42941,44198,1841-01-01,1880-06-01,deceased
34339,41506,44199,1840-01-01,1869-06-01,deceased
34340,41025,44200,1836-01-01,1858-06-01,deceased
34341,42650,44201,1839-01-01,1883-06-01,deceased
34342,42963,44202,1835-01-01,1892-06-01,deceased
34343,40772,44203,1840-01-01,1865-06-01,deceased
34344,41590,44204,1837-01-01,1875-06-01,deceased
34345,42621,44205,1838-01-01,1895-06-01,deceased
34346,42590,41431,1837-01-01,1868-06-01,deceased
34347,40932,44206,1838-01-01,1882-06-01,deceased
34348,41533,44207,1840-01-01,1862-06-01,deceased
34349,41884,44208,1839-01-01,1869-06-01,deceased
34350,41413,44210,1840-01-01,1861-06-01,deceased
34351,41668,44211,1836-01-01,1855-06-01,deceased
34352,42144,44212,1836-01-01,1891-06-01,deceased
34353,41364,44213,1841-01-01,1871-06-01,deceased
34354,41737,40940,1840-01-01,1877-06-01,deceased
34355,42895,44214,1841-01-01,1867-06-01,deceased
34356,43049,44215,1835-01-01,1871-06-01,deceased
34357,40502,44216,1836-01-01,1894-06-01,deceased
34358,41306,41521,1837-01-01,1896-06-01,deceased
34359,41607,42897,1836-01-01,1865-06-01,deceased
34360,42707,44217,1836-01-01,1866-06-01,deceased
34361,42498,44218,1837-01-01,1876-06-01,deceased
34362,42371,44219,1835-01-01,1872-06-01,deceased
34363,40813,44220,1840-01-01,1859-06-01,deceased
34364,41101,44221,1835-01-01,1855-06-01,deceased
34365,40725,44222,1838-01-01,1857-06-01,deceased
34366,42242,44223,1836-01-01,1869-06-01,deceased
34367,41948,44224,1839-01-01,1858-06-01,deceased
34368,42801,41500,1839-01-01,1881-06-01,deceased
34369,41838,41513,1836-01-01,1887-06-01,deceased
34370,42423,44225,1839-01-01,1856-06-01,deceased
34371,41972,44226,1836-01-01,1882-06-01,deceased
34372,41217,44229,1836-01-01,1856-06-01,deceased
34373,42562,44230,1839-01-01,1899-06-01,deceased
34374,42718,44231,1835-01-01,1880-06-01,deceased
34375,41375,44232,1837-01-01,1860-06-01,deceased
34376,41271,44233,1839-01-01,1868-06-01,deceased
34377,42643,44234,1837-01-01,1886-06-01,deceased
34378,41259,44235,1838-01-01,1856-06-01,deceased
34379,42314,44236,1838-01-01,1863-06-01,deceased
34380,41739,44237,1835-01-01,1892-06-01,deceased
34381,40974,44238,1841-01-01,1896-06-01,deceased
34382,41453,44239,1839-01-01,1870-06-01,deceased
34383,40747,41742,1840-01-01,1865-06-01,deceased
34384,40875,44240,1839-01-01,1862-06-01,deceased
34385,40822,44241,1838-01-01,1864-06-01,deceased
34386,42561,44242,1835-01-01,1880-06-01,deceased
34387,42220,44243,1835-01-01,1882-06-01,deceased
34388,42865,44244,1835-01-01,1878-06-01,deceased
34389,41639,44245,1841-01-01,1879-06-01,deceased
34390,43004,44248,1839-01-01,1864-06-01,deceased
34391,40811,44249,1837-01-01,1861-06-01,deceased
34392,41141,44250,1841-01-01,1856-06-01,deceased
34393,40710,44251,1836-01-01,1869-06-01,deceased
34394,41072,44252,1838-01-01,1868-06-01,deceased
34395,40983,44253,1836-01-01,1871-06-01,deceased
34396,41034,41827,1837-01-01,1871-06-01,deceased
34397,41728,40929,1839-01-01,1903-06-01,deceased
34398,40561,44254,1836-01-01,1870-06-01,deceased
34399,42111,44255,1838-01-01,1874-06-01,deceased
34400,41003,44256,1835-01-01,1855-06-01,deceased
34401,41605,44257,1841-01-01,1883-06-01,deceased
34402,43066,44258,1835-01-01,1903-06-01,deceased
34403,41754,44259,1836-01-01,1875-06-01,deceased
34404,43055,40487,1836-01-01,1880-06-01,deceased
34405,41648,44260,1839-01-01,1858-06-01,deceased
34406,40596,44261,1840-01-01,1879-06-01,deceased
34407,42329,44262,1838-01-01,1861-06-01,deceased
34408,41122,44263,1836-01-01,1860-06-01,deceased
34409,42683,44264,1835-01-01,1855-06-01,deceased
34410,40862,44265,1838-01-01,1882-06-01,deceased
34411,41151,44266,1838-01-01,1900-06-01,deceased
34412,42589,44267,1835-01-01,1861-06-01,deceased
34413,42247,44268,1839-01-01,1883-06-01,deceased
34414,46174,47795,1854-01-01,1891-06-01,deceased
34415,47703,47796,1855-01-01,1881-06-01,deceased
34416,45424,47797,1856-01-01,1903-06-01,deceased
34417,45731,47798,1857-01-01,1885-06-01,deceased
34418,45374,47799,1857-01-01,1883-06-01,deceased
34419,46809,47800,1859-01-01,1894-06-01,deceased
34420,46431,47801,1859-01-01,1910-06-01,deceased
34421,46338,45397,1855-01-01,1877-06-01,deceased
34422,46040,47802,1859-01-01,1916-06-01,deceased
34423,46531,47803,1855-01-01,1903-06-01,deceased
34424,45350,47804,1855-01-01,1908-06-01,deceased
34425,46282,47805,1855-01-01,1897-06-01,deceased
34426,45331,47807,1854-01-01,1895-06-01,deceased
34427,46732,44387,1857-01-01,1890-06-01,deceased
34428,46682,47808,1854-01-01,1909-06-01,deceased
34429,45762,47809,1853-01-01,1871-06-01,deceased
34430,46274,47810,1854-01-01,1908-06-01,deceased
34431,45691,47811,1859-01-01,1895-06-01,deceased
34432,45902,47812,1853-01-01,1877-06-01,deceased
34433,47425,46150,1855-01-01,1914-06-01,deceased
34434,44446,47813,1859-01-01,1874-06-01,deceased
34435,44956,47814,1855-01-01,1890-06-01,deceased
34436,47317,47815,1856-01-01,1879-06-01,deceased
34437,44777,47816,1857-01-01,1899-06-01,deceased
34438,47761,47818,1855-01-01,1885-06-01,deceased
34439,47780,47819,1855-01-01,1889-06-01,deceased
34440,46759,47820,1859-01-01,1880-06-01,deceased
34441,46500,47821,1856-01-01,1886-06-01,deceased
34442,47121,45796,1853-01-01,1901-06-01,deceased
34443,45006,47823,1855-01-01,1877-06-01,deceased
34444,46479,47824,1854-01-01,1895-06-01,deceased
34445,46549,47825,1857-01-01,1887-06-01,deceased
34446,46939,46105,1854-01-01,1907-06-01,deceased
34447,47669,47826,1855-01-01,1896-06-01,deceased
34448,46232,47338,1856-01-01,1888-06-01,deceased
34449,45917,47827,1859-01-01,1893-06-01,deceased
34450,46057,46149,1854-01-01,1879-06-01,deceased
34451,46364,47828,1859-01-01,1884-06-01,deceased
34452,44764,47829,1854-01-01,1879-06-01,deceased
34453,46504,47830,1857-01-01,1897-06-01,deceased
34454,46689,47831,1858-01-01,1879-06-01,deceased
34455,47024,47832,1854-01-01,1884-06-01,deceased
34456,46286,47833,1856-01-01,1919-06-01,deceased
34457,46692,47834,1853-01-01,1906-06-01,deceased
34458,47446,47835,1855-01-01,1923-06-01,deceased
34459,47792,47836,1858-01-01,1904-06-01,deceased
34460,47153,47837,1853-01-01,1891-06-01,deceased
34461,45661,47838,1857-01-01,1890-06-01,deceased
34462,44842,47839,1854-01-01,1886-06-01,deceased
34463,46485,47840,1856-01-01,1877-06-01,deceased
34464,47648,47841,1853-01-01,1875-06-01,deceased
34465,45328,47842,1858-01-01,1890-06-01,deceased
34466,47587,47843,1853-01-01,1873-06-01,deceased
34467,47523,47844,1856-01-01,1910-06-01,deceased
34468,46483,44308,1853-01-01,1877-06-01,deceased
34469,45096,47847,1857-01-01,1890-06-01,deceased
34470,45168,47848,1857-01-01,1903-06-01,deceased
34471,45373,47849,1854-01-01,1879-06-01,deceased
34472,45972,47850,1856-01-01,1876-06-01,deceased
34473,44302,47851,1855-01-01,1876-06-01,deceased
34474,46869,47852,1856-01-01,1876-06-01,deceased
34475,46096,45784,1854-01-01,1882-06-01,deceased
34476,46556,44900,1853-01-01,1881-06-01,deceased
34477,46509,47854,1857-01-01,1874-06-01,deceased
34478,44523,47855,1859-01-01,1879-06-01,deceased
34479,46718,47856,1859-01-01,1888-06-01,deceased
34480,46208,47857,1856-01-01,1888-06-01,deceased
34481,44373,47858,1853-01-01,1879-06-01,deceased
34482,44365,47859,1854-01-01,1905-06-01,deceased
34483,44431,47860,1855-01-01,1883-06-01,deceased
34484,45707,47861,1855-01-01,1883-06-01,deceased
34485,47457,47862,1853-01-01,1882-06-01,deceased
34486,46447,47863,1855-01-01,1877-06-01,deceased
34487,45249,47865,1858-01-01,1886-06-01,deceased
34488,45326,47866,1858-01-01,1895-06-01,deceased
34489,46617,47867,1859-01-01,1888-06-01,deceased
34490,44565,47868,1857-01-01,1885-06-01,deceased
34491,46481,47869,1857-01-01,1899-06-01,deceased
34492,46519,47870,1856-01-01,1893-06-01,deceased
34493,46922,47871,1859-01-01,1894-06-01,deceased
34494,47036,47872,1859-01-01,1876-06-01,deceased
34495,47702,47873,1858-01-01,1881-06-01,deceased
34496,45152,47874,1858-01-01,1901-06-01,deceased
34497,47534,47875,1853-01-01,1904-06-01,deceased
34498,45347,47876,1854-01-01,1889-06-01,deceased
34499,45868,47641,1858-01-01,1891-06-01,deceased
34500,45332,47877,1853-01-01,1893-06-01,deceased
34501,44361,47879,1853-01-01,1898-06-01,deceased
34502,47386,47881,1855-01-01,1879-06-01,deceased
34503,44408,47882,1859-01-01,1893-06-01,deceased
34504,46982,47884,1853-01-01,1892-06-01,deceased
34505,46953,47885,1853-01-01,1878-06-01,deceased
34506,46457,47886,1853-01-01,1877-06-01,deceased
34507,45989,47887,1857-01-01,1878-06-01,deceased
34508,47727,45589,1856-01-01,1881-06-01,deceased
34509,46049,47888,1856-01-01,1894-06-01,deceased
34510,47779,45119,1855-01-01,1879-06-01,deceased
34511,47241,47889,1859-01-01,1878-06-01,deceased
34512,46529,47890,1858-01-01,1920-06-01,deceased
34513,44427,47891,1857-01-01,1881-06-01,deceased
34514,44434,47892,1856-01-01,1889-06-01,deceased
34515,45555,47893,1857-01-01,1894-06-01,deceased
34516,44315,47894,1854-01-01,1888-06-01,deceased
34517,44831,47895,1853-01-01,1880-06-01,deceased
34518,45893,47896,1853-01-01,1884-06-01,deceased
34519,45919,47897,1857-01-01,1876-06-01,deceased
34520,44533,47898,1859-01-01,1896-06-01,deceased
34521,45088,47899,1854-01-01,1884-06-01,deceased
34522,46388,47900,1855-01-01,1894-06-01,deceased
34523,46703,47901,1853-01-01,1872-06-01,deceased
34524,46606,47610,1858-01-01,1888-06-01,deceased
34525,44379,47902,1853-01-01,1903-06-01,deceased
34526,44816,47903,1855-01-01,1887-06-01,deceased
34527,47408,47904,1853-01-01,1876-06-01,deceased
34528,46429,47905,1854-01-01,1894-06-01,deceased
34529,45098,47907,1854-01-01,1882-06-01,deceased
34530,44679,47908,1856-01-01,1897-06-01,deceased
34531,45455,47909,1856-01-01,1881-06-01,deceased
34532,45255,47910,1857-01-01,1895-06-01,deceased
34533,45486,45230,1857-01-01,1907-06-01,deceased
34534,45781,47911,1855-01-01,1900-06-01,deceased
34535,44850,47912,1857-01-01,1886-06-01,deceased
34536,46229,44875,1858-01-01,1880-06-01,deceased
34537,46694,47913,1857-01-01,1879-06-01,deceased
34538,45571,47914,1854-01-01,1914-06-01,deceased
34539,45167,47915,1853-01-01,1892-06-01,deceased
34540,46833,47916,1858-01-01,1908-06-01,deceased
34541,45727,47917,1857-01-01,1913-06-01,deceased
34542,46551,47918,1859-01-01,1890-06-01,deceased
34543,45503,47919,1859-01-01,1882-06-01,deceased
34544,46073,44627,1859-01-01,1881-06-01,deceased
34545,47057,47920,1856-01-01,1894-06-01,deceased
34546,45153,47921,1859-01-01,1899-06-01,deceased
34547,47181,47923,1858-01-01,1888-06-01,deceased
34548,45960,47925,1857-01-01,1884-06-01,deceased
34549,45914,47926,1853-01-01,1884-06-01,deceased
34550,46401,47927,1854-01-01,1874-06-01,deceased
34551,47487,47928,1855-01-01,1879-06-01,deceased
34552,47072,47929,1856-01-01,1900-06-01,deceased
34553,45053,47930,1859-01-01,1877-06-01,deceased
34554,45764,47931,1854-01-01,1895-06-01,deceased
34555,47379,47933,1853-01-01,1890-06-01,deceased
34556,46621,46492,1855-01-01,1877-06-01,deceased
34557,44940,47934,1854-01-01,1906-06-01,deceased
34558,45586,47936,1857-01-01,1883-06-01,deceased
34559,46767,47937,1857-01-01,1880-06-01,deceased
34560,47350,47938,1859-01-01,1906-06-01,deceased
34561,44527,47939,1856-01-01,1889-06-01,deceased
34562,45126,47940,1853-01-01,1880-06-01,deceased
34563,46472,47941,1854-01-01,1888-06-01,deceased
34564,46211,47942,1853-01-01,1879-06-01,deceased
34565,47054,47943,1858-01-01,1882-06-01,deceased
34566,46493,47944,1854-01-01,1874-06-01,deceased
34567,47413,47945,1856-01-01,1905-06-01,deceased
34568,47655,47946,1853-01-01,1890-06-01,deceased
34569,45233,47947,1853-01-01,1886-06-01,deceased
34570,47536,47948,1854-01-01,1878-06-01,deceased
34571,44948,47949,1853-01-01,1873-06-01,deceased
34572,47715,47790,1856-01-01,1889-06-01,deceased
34573,44717,47950,1855-01-01,1890-06-01,deceased
34574,45779,47951,1858-01-01,1901-06-01,deceased
34575,45808,47952,1858-01-01,1902-06-01,deceased
34576,45281,47953,1854-01-01,1893-06-01,deceased
34577,46361,47954,1854-01-01,1879-06-01,deceased
34578,46783,46815,1859-01-01,1878-06-01,deceased
34579,45409,47955,1856-01-01,1882-06-01,deceased
34580,46467,47956,1855-01-01,1873-06-01,deceased
34581,46916,47957,1853-01-01,1874-06-01,deceased
34582,44752,47958,1859-01-01,1895-06-01,deceased
34583,47308,47959,1854-01-01,1894-06-01,deceased
34584,45810,47960,1855-01-01,1896-06-01,deceased
34585,45442,47961,1855-01-01,1885-06-01,deceased
34586,45549,47565,1856-01-01,1894-06-01,deceased
34587,46778,47962,1855-01-01,1900-06-01,deceased
34588,46781,47963,1853-01-01,1872-06-01,deceased
34589,44884,47965,1858-01-01,1878-06-01,deceased
34590,45106,47966,1857-01-01,1898-06-01,deceased
34591,44802,47967,1855-01-01,1886-06-01,deceased
34592,44796,47968,1857-01-01,1894-06-01,deceased
34593,44312,47969,1854-01-01,1872-06-01,deceased
34594,45750,47970,1855-01-01,1873-06-01,deceased
34595,47000,47971,1856-01-01,1874-06-01,deceased
34596,45693,47972,1855-01-01,1904-06-01,deceased
34597,45941,47974,1857-01-01,1900-06-01,deceased
34598,46473,47707,1854-01-01,1886-06-01,deceased
34599,47372,47975,1857-01-01,1908-06-01,deceased
34600,44296,47976,1857-01-01,1881-06-01,deceased
34601,44621,47977,1858-01-01,1878-06-01,deceased
34602,44423,47978,1853-01-01,1875-06-01,deceased
34603,47188,47979,1855-01-01,1894-06-01,deceased
34604,47495,46872,1856-01-01,1878-06-01,deceased
34605,47527,47980,1858-01-01,1925-06-01,deceased
34606,44345,47981,1859-01-01,1875-06-01,deceased
34607,47034,47982,1855-01-01,1872-06-01,deceased
34608,45579,47983,1857-01-01,1911-06-01,deceased
34609,47659,47984,1855-01-01,1885-06-01,deceased
34610,45458,47986,1853-01-01,1901-06-01,deceased
34611,45920,47987,1855-01-01,1872-06-01,deceased
34612,45956,47990,1854-01-01,1880-06-01,deceased
34613,47183,47991,1853-01-01,1881-06-01,deceased
34614,45978,45026,1856-01-01,1877-06-01,deceased
34615,46951,47992,1854-01-01,1870-06-01,deceased
34616,46283,47993,1858-01-01,1880-06-01,deceased
34617,47008,47994,1855-01-01,1887-06-01,deceased
34618,47226,47995,1858-01-01,1882-06-01,deceased
34619,45479,47996,1855-01-01,1883-06-01,deceased
34620,44338,47997,1858-01-01,1898-06-01,deceased
34621,46937,47635,1853-01-01,1901-06-01,deceased
34622,45310,47356,1856-01-01,1891-06-01,deceased
34623,47285,47999,1854-01-01,1877-06-01,deceased
34624,46147,48000,1859-01-01,1911-06-01,deceased
34625,46708,48002,1853-01-01,1876-06-01,deceased
34626,46595,48003,1853-01-01,1898-06-01,deceased
34627,47201,48004,1858-01-01,1885-06-01,deceased
34628,46602,48005,1855-01-01,1884-06-01,deceased
34629,47190,48006,1854-01-01,1893-06-01,deceased
34630,47688,48007,1857-01-01,1883-06-01,deceased
34631,46365,48009,1857-01-01,1893-06-01,deceased
34632,45746,48010,1855-01-01,1877-06-01,deceased
34633,44526,48011,1856-01-01,1920-06-01,deceased
34634,45312,48012,1855-01-01,1902-06-01,deceased
34635,47290,48013,1859-01-01,1903-06-01,deceased
34636,47791,48014,1859-01-01,1883-06-01,deceased
34637,47563,48015,1859-01-01,1881-06-01,deceased
34638,44284,48017,1859-01-01,1881-06-01,deceased
34639,45979,48018,1858-01-01,1893-06-01,deceased
34640,46277,48019,1858-01-01,1906-06-01,deceased
34641,47584,48020,1859-01-01,1890-06-01,deceased
34642,46851,47477,1855-01-01,1892-06-01,deceased
34643,44326,45987,1859-01-01,1898-06-01,deceased
34644,45342,48021,1853-01-01,1887-06-01,deceased
34645,45580,48022,1859-01-01,1892-06-01,deceased
34646,44761,48023,1858-01-01,1883-06-01,deceased
34647,47647,48025,1859-01-01,1898-06-01,deceased
34648,46834,44350,1858-01-01,1883-06-01,deceased
34649,44467,48026,1855-01-01,1873-06-01,deceased
34650,46091,45323,1859-01-01,1907-06-01,deceased
34651,44975,48027,1858-01-01,1877-06-01,deceased
34652,45948,48028,1857-01-01,1908-06-01,deceased
34653,45993,48029,1854-01-01,1901-06-01,deceased
34654,45775,48030,1856-01-01,1883-06-01,deceased
34655,47311,48031,1857-01-01,1892-06-01,deceased
34656,47146,48032,1855-01-01,1903-06-01,deceased
34657,46814,44640,1855-01-01,1904-06-01,deceased
34658,44610,48033,1853-01-01,1880-06-01,deceased
34659,46999,48034,1854-01-01,1885-06-01,deceased
34660,47122,48036,1855-01-01,1885-06-01,deceased
34661,45757,48037,1859-01-01,1884-06-01,deceased
34662,47765,48038,1859-01-01,1912-06-01,deceased
34663,46969,48039,1856-01-01,1908-06-01,deceased
34664,46526,48040,1855-01-01,1876-06-01,deceased
34665,44573,48041,1858-01-01,1898-06-01,deceased
34666,47357,48042,1858-01-01,1909-06-01,deceased
34667,45343,48043,1855-01-01,1883-06-01,deceased
34668,44763,48044,1856-01-01,1912-06-01,deceased
34669,47031,48045,1859-01-01,1878-06-01,deceased
34670,47520,45289,1857-01-01,1891-06-01,deceased
34671,44921,45930,1857-01-01,1878-06-01,deceased
34672,46207,48047,1857-01-01,1922-06-01,deceased
34673,46468,48048,1856-01-01,1904-06-01,deceased
34674,46085,48049,1855-01-01,1877-06-01,deceased
34675,45668,48050,1853-01-01,1885-06-01,deceased
34676,47437,48051,1855-01-01,1894-06-01,deceased
34677,45340,48053,1858-01-01,1895-06-01,deceased
34678,46584,48054,1854-01-01,1875-06-01,deceased
34679,46857,48055,1853-01-01,1884-06-01,deceased
34680,47566,48056,1859-01-01,1904-06-01,deceased
34681,47633,48057,1859-01-01,1895-06-01,deceased
34682,46724,48059,1855-01-01,1895-06-01,deceased
34683,47562,48060,1854-01-01,1903-06-01,deceased
34684,46354,48061,1853-01-01,1876-06-01,deceased
34685,46976,48062,1854-01-01,1909-06-01,deceased
34686,46865,48064,1857-01-01,1883-06-01,deceased
34687,46725,48066,1856-01-01,1875-06-01,deceased
34688,46056,48067,1853-01-01,1891-06-01,deceased
34689,46425,48068,1855-01-01,1903-06-01,deceased
34690,45318,48069,1857-01-01,1917-06-01,deceased
34691,45574,48070,1859-01-01,1894-06-01,deceased
34692,44780,48072,1853-01-01,1895-06-01,deceased
34693,47359,48073,1854-01-01,1873-06-01,deceased
34694,44955,48075,1855-01-01,1889-06-01,deceased
34695,47668,48076,1855-01-01,1876-06-01,deceased
34696,46776,48077,1855-01-01,1872-06-01,deceased
34697,45871,48078,1858-01-01,1918-06-01,deceased
34698,44984,48079,1854-01-01,1913-06-01,deceased
34699,46552,48080,1859-01-01,1873-06-01,deceased
34700,46189,48081,1858-01-01,1915-06-01,deceased
34701,44769,48082,1859-01-01,1916-06-01,deceased
34702,44516,48083,1853-01-01,1891-06-01,deceased
34703,46541,44998,1854-01-01,1874-06-01,deceased
34704,46622,44690,1858-01-01,1895-06-01,deceased
34705,45118,48084,1853-01-01,1895-06-01,deceased
34706,44651,46514,1856-01-01,1907-06-01,deceased
34707,45393,48086,1856-01-01,1899-06-01,deceased
34708,47048,48087,1853-01-01,1905-06-01,deceased
34709,44730,48088,1858-01-01,1925-06-01,deceased
34710,46806,48090,1859-01-01,1908-06-01,deceased
34711,45100,48091,1859-01-01,1878-06-01,deceased
34712,47369,48092,1853-01-01,1893-06-01,deceased
34713,46714,48093,1858-01-01,1899-06-01,deceased
34714,45012,48094,1859-01-01,1908-06-01,deceased
34715,45881,48095,1854-01-01,1886-06-01,deceased
34716,45887,48096,1853-01-01,1886-06-01,deceased
34717,44886,48097,1855-01-01,1878-06-01,deceased
34718,45603,48098,1857-01-01,1920-06-01,deceased
34719,46764,48099,1858-01-01,1876-06-01,deceased
34720,44549,48100,1858-01-01,1885-06-01,deceased
34721,44953,48101,1859-01-01,1890-06-01,deceased
34722,44923,48102,1857-01-01,1904-06-01,deceased
34723,44716,48103,1856-01-01,1874-06-01,deceased
34724,44964,45008,1856-01-01,1881-06-01,deceased
34725,44634,48104,1859-01-01,1896-06-01,deceased
34726,45770,48105,1859-01-01,1897-06-01,deceased
34727,45926,48106,1856-01-01,1878-06-01,deceased
34728,44883,48107,1857-01-01,1902-06-01,deceased
34729,47234,48108,1853-01-01,1902-06-01,deceased
34730,46436,48109,1858-01-01,1889-06-01,deceased
34731,44437,46290,1859-01-01,1906-06-01,deceased
34732,45932,48110,1854-01-01,1872-06-01,deceased
34733,46046,48111,1859-01-01,1886-06-01,deceased
34734,47473,48112,1855-01-01,1873-06-01,deceased
34735,47524,48113,1855-01-01,1874-06-01,deceased
34736,46001,48114,1856-01-01,1895-06-01,deceased
34737,47375,48115,1856-01-01,1880-06-01,deceased
34738,47178,48116,1858-01-01,1900-06-01,deceased
34739,44734,48118,1855-01-01,1878-06-01,deceased
34740,45659,48119,1857-01-01,1905-06-01,deceased
34741,44747,48122,1854-01-01,1880-06-01,deceased
34742,46088,48123,1859-01-01,1878-06-01,deceased
34743,47084,48124,1857-01-01,1876-06-01,deceased
34744,44969,48125,1854-01-01,1873-06-01,deceased
34745,46656,48126,1855-01-01,1870-06-01,deceased
34746,45811,48127,1858-01-01,1900-06-01,deceased
34747,45847,48128,1859-01-01,1913-06-01,deceased
34748,45606,48129,1859-01-01,1890-06-01,deceased
34749,44739,48130,1854-01-01,1911-06-01,deceased
34750,44930,48131,1853-01-01,1873-06-01,deceased
34751,46611,46925,1855-01-01,1897-06-01,deceased
34752,44904,48132,1853-01-01,1878-06-01,deceased
34753,46099,48134,1854-01-01,1891-06-01,deceased
34754,47547,48136,1853-01-01,1890-06-01,deceased
34755,47772,48138,1858-01-01,1905-06-01,deceased
34756,45716,48139,1857-01-01,1888-06-01,deceased
34757,45836,48141,1855-01-01,1912-06-01,deceased
34758,45344,48142,1858-01-01,1901-06-01,deceased
34759,46647,48143,1854-01-01,1884-06-01,deceased
34760,47367,48144,1857-01-01,1902-06-01,deceased
34761,47441,48145,1858-01-01,1876-06-01,deceased
34762,44857,48146,1859-01-01,1882-06-01,deceased
34763,46663,48147,1854-01-01,1884-06-01,deceased
34764,46408,48148,1854-01-01,1886-06-01,deceased
34765,46038,48149,1854-01-01,1908-06-01,deceased
34766,44491,48150,1854-01-01,1875-06-01,deceased
34767,46837,48151,1857-01-01,1897-06-01,deceased
34768,46761,48152,1858-01-01,1887-06-01,deceased
34769,47582,48153,1858-01-01,1883-06-01,deceased
34770,47385,48154,1858-01-01,1891-06-01,deceased
34771,47634,48155,1858-01-01,1880-06-01,deceased
34772,44665,48156,1859-01-01,1883-06-01,deceased
34773,47675,48157,1856-01-01,1892-06-01,deceased
34774,46918,48158,1859-01-01,1893-06-01,deceased
34775,45284,48160,1858-01-01,1911-06-01,deceased
34776,46988,48161,1855-01-01,1912-06-01,deceased
34777,46432,48163,1859-01-01,1875-06-01,deceased
34778,44689,48164,1858-01-01,1887-06-01,deceased
34779,45637,44650,1856-01-01,1887-06-01,deceased
34780,45889,48166,1854-01-01,1875-06-01,deceased
34781,46750,48167,1858-01-01,1898-06-01,deceased
34782,47517,48168,1856-01-01,1886-06-01,deceased
34783,46156,48169,1856-01-01,1898-06-01,deceased
34784,47259,48170,1858-01-01,1883-06-01,deceased
34785,44421,48171,1858-01-01,1906-06-01,deceased
34786,44762,45242,1856-01-01,1894-06-01,deceased
34787,44852,48172,1854-01-01,1891-06-01,deceased
34788,46152,48173,1855-01-01,1897-06-01,deceased
34789,45569,48174,1859-01-01,1889-06-01,deceased
34790,46181,48177,1853-01-01,1873-06-01,deceased
34791,46396,48178,1857-01-01,1886-06-01,deceased
34792,44916,48179,1854-01-01,1876-06-01,deceased
34793,46614,48181,1859-01-01,1908-06-01,deceased
34794,46680,48182,1856-01-01,1886-06-01,deceased
34795,45487,48183,1858-01-01,1911-06-01,deceased
34796,47720,48184,1853-01-01,1882-06-01,deceased
34797,45387,48185,1858-01-01,1875-06-01,deceased
34798,45398,45616,1855-01-01,1893-06-01,deceased
34799,47398,48186,1853-01-01,1881-06-01,deceased
34800,47224,48187,1859-01-01,1875-06-01,deceased
34801,45498,48188,1855-01-01,1898-06-01,deceased
34802,47098,48189,1853-01-01,1874-06-01,deceased
34803,45475,48190,1854-01-01,1882-06-01,deceased
34804,45692,48191,1854-01-01,1878-06-01,deceased
34805,45840,48192,1859-01-01,1891-06-01,deceased
34806,47255,48193,1853-01-01,1879-06-01,deceased
34807,44299,48194,1853-01-01,1899-06-01,deceased
34808,44566,48196,1857-01-01,1891-06-01,deceased
34809,45761,48197,1854-01-01,1875-06-01,deceased
34810,45103,48198,1858-01-01,1904-06-01,deceased
34811,47299,48199,1856-01-01,1916-06-01,deceased
34812,45003,48200,1855-01-01,1880-06-01,deceased
34813,44659,48201,1859-01-01,1882-06-01,deceased
34814,46129,48203,1855-01-01,1905-06-01,deceased
34815,44910,48204,1858-01-01,1918-06-01,deceased
34816,44664,48205,1853-01-01,1890-06-01,deceased
34817,46856,48206,1855-01-01,1895-06-01,deceased
34818,46014,48207,1859-01-01,1904-06-01,deceased
34819,46895,48208,1859-01-01,1879-06-01,deceased
34820,47043,48209,1856-01-01,1905-06-01,deceased
34821,46897,48210,1857-01-01,1892-06-01,deceased
34822,44585,48211,1855-01-01,1872-06-01,deceased
34823,47282,48212,1854-01-01,1871-06-01,deceased
34824,47318,48214,1853-01-01,1881-06-01,deceased
34825,47030,48215,1856-01-01,1879-06-01,deceased
34826,47763,45695,1853-01-01,1885-06-01,deceased
34827,47572,48216,1853-01-01,1897-06-01,deceased
34828,47328,48217,1856-01-01,1883-06-01,deceased
34829,47126,48218,1859-01-01,1878-06-01,deceased
34830,44554,48219,1853-01-01,1894-06-01,deceased
34831,44321,46917,1858-01-01,1912-06-01,deceased
34832,44304,48220,1853-01-01,1898-06-01,deceased
34833,46715,48221,1856-01-01,1887-06-01,deceased
34834,47105,48223,1859-01-01,1891-06-01,deceased
34835,44741,48224,1857-01-01,1914-06-01,deceased
34836,44271,45822,1854-01-01,1896-06-01,deceased
34837,47589,48225,1858-01-01,1892-06-01,deceased
34838,46657,48226,1855-01-01,1876-06-01,deceased
34839,44370,44346,1859-01-01,1907-06-01,deceased
34840,46489,44811,1854-01-01,1879-06-01,deceased
34841,47373,48227,1856-01-01,1886-06-01,deceased
34842,46600,48228,1856-01-01,1879-06-01,deceased
34843,45113,48229,1856-01-01,1890-06-01,deceased
34844,45824,48230,1854-01-01,1873-06-01,deceased
34845,45121,48231,1856-01-01,1880-06-01,deceased
34846,47690,48232,1859-01-01,1890-06-01,deceased
34847,44636,48233,1855-01-01,1892-06-01,deceased
34848,45439,48234,1858-01-01,1875-06-01,deceased
34849,46054,48235,1853-01-01,1903-06-01,deceased
34850,46004,48236,1854-01-01,1874-06-01,deceased
34851,45688,46362,1854-01-01,1886-06-01,deceased
34852,46631,48237,1859-01-01,1907-06-01,deceased
34853,45639,48238,1859-01-01,1880-06-01,deceased
34854,45027,48239,1855-01-01,1873-06-01,deceased
34855,47347,48240,1858-01-01,1902-06-01,deceased
34856,46984,48241,1856-01-01,1890-06-01,deceased
34857,46885,48243,1858-01-01,1881-06-01,deceased
34858,44281,48245,1853-01-01,1889-06-01,deceased
34859,44405,48246,1853-01-01,1870-06-01,deceased
34860,46445,48247,1858-01-01,1878-06-01,deceased
34861,45400,48248,1853-01-01,1872-06-01,deceased
34862,44862,48249,1853-01-01,1870-06-01,deceased
34863,47764,48250,1854-01-01,1903-06-01,deceased
34864,47737,44519,1857-01-01,1876-06-01,deceased
34865,44486,48251,1854-01-01,1882-06-01,deceased
34866,47670,44851,1858-01-01,1876-06-01,deceased
34867,45676,48252,1853-01-01,1890-06-01,deceased
34868,45431,48253,1854-01-01,1872-06-01,deceased
34869,44511,48255,1858-01-01,1881-06-01,deceased
34870,44395,47442,1859-01-01,1889-06-01,deceased
34871,45601,48257,1855-01-01,1879-06-01,deceased
34872,46226,48258,1855-01-01,1894-06-01,deceased
34873,47644,48259,1858-01-01,1881-06-01,deceased
34874,46728,48260,1858-01-01,1878-06-01,deceased
34875,45568,46731,1857-01-01,1884-06-01,deceased
34876,46535,48261,1856-01-01,1877-06-01,deceased
34877,44972,48262,1858-01-01,1883-06-01,deceased
34878,44711,48263,1857-01-01,1902-06-01,deceased
34879,44839,48265,1859-01-01,1898-06-01,deceased
34880,44907,48266,1857-01-01,1889-06-01,deceased
34881,47095,48267,1857-01-01,1874-06-01,deceased
34882,47625,45897,1853-01-01,1873-06-01,deceased
34883,46385,48268,1856-01-01,1903-06-01,deceased
34884,47455,48269,1857-01-01,1875-06-01,deceased
34885,47116,48270,1854-01-01,1898-06-01,deceased
34886,45305,45882,1859-01-01,1905-06-01,deceased
34887,47231,48271,1859-01-01,1883-06-01,deceased
34888,47217,48274,1858-01-01,1918-06-01,deceased
34889,47010,48275,1856-01-01,1893-06-01,deceased
34890,47599,48276,1857-01-01,1887-06-01,deceased
34891,44899,48277,1859-01-01,1892-06-01,deceased
34892,46585,48278,1853-01-01,1889-06-01,deceased
34893,45995,48279,1859-01-01,1894-06-01,deceased
34894,46945,45829,1856-01-01,1909-06-01,deceased
34895,46794,48281,1854-01-01,1900-06-01,deceased
34896,44913,48282,1856-01-01,1892-06-01,deceased
34897,44672,48283,1856-01-01,1884-06-01,deceased
34898,47244,48285,1854-01-01,1891-06-01,deceased
34899,45618,44737,1856-01-01,1888-06-01,deceased
34900,46532,48286,1859-01-01,1885-06-01,deceased
34901,44331,47667,1853-01-01,1917-06-01,deceased
34902,47320,48287,1853-01-01,1890-06-01,deceased
34903,44800,48288,1855-01-01,1890-06-01,deceased
34904,45147,48289,1854-01-01,1918-06-01,deceased
34905,45263,48290,1855-01-01,1875-06-01,deceased
34906,47686,48291,1859-01-01,1884-06-01,deceased
34907,47588,46890,1856-01-01,1919-06-01,deceased
34908,45460,48292,1855-01-01,1885-06-01,deceased
34909,46444,47218,1854-01-01,1887-06-01,deceased
34910,45169,48293,1857-01-01,1895-06-01,deceased
34911,46249,45321,1856-01-01,1913-06-01,deceased
34912,45563,48294,1854-01-01,1896-06-01,deceased
34913,46304,48295,1854-01-01,1886-06-01,deceased
34914,45048,48296,1857-01-01,1901-06-01,deceased
34915,46738,48297,1856-01-01,1904-06-01,deceased
34916,46169,48299,1855-01-01,1891-06-01,deceased
34917,45742,48301,1857-01-01,1905-06-01,deceased
34918,46034,45172,1855-01-01,1882-06-01,deceased
34919,46022,48302,1859-01-01,1905-06-01,deceased
34920,44479,48303,1859-01-01,1914-06-01,deceased
34921,46799,48304,1853-01-01,1900-06-01,deceased
34922,46471,48305,1855-01-01,1896-06-01,deceased
34923,46059,46135,1857-01-01,1913-06-01,deceased
34924,44420,48306,1855-01-01,1915-06-01,deceased
34925,46230,48307,1853-01-01,1895-06-01,deceased
34926,47415,48308,1855-01-01,1884-06-01,deceased
34927,46915,48309,1855-01-01,1885-06-01,deceased
34928,44950,46381,1856-01-01,1911-06-01,deceased
34929,44306,47355,1854-01-01,1877-06-01,deceased
34930,45794,48311,1858-01-01,1886-06-01,deceased
34931,44988,48312,1857-01-01,1898-06-01,deceased
34932,45494,48314,1854-01-01,1886-06-01,deceased
34933,46298,48315,1853-01-01,1881-06-01,deceased
34934,44838,48316,1854-01-01,1876-06-01,deceased
34935,44530,45523,1858-01-01,1919-06-01,deceased
34936,47614,46407,1855-01-01,1878-06-01,deceased
34937,46762,48318,1858-01-01,1891-06-01,deceased
34938,46912,48320,1854-01-01,1884-06-01,deceased
34939,45225,48321,1857-01-01,1891-06-01,deceased
34940,46907,48322,1855-01-01,1898-06-01,deceased
34941,45944,48323,1855-01-01,1889-06-01,deceased
34942,47746,48324,1857-01-01,1893-06-01,deceased
34943,45679,48325,1859-01-01,1894-06-01,deceased
34944,45232,48326,1858-01-01,1897-06-01,deceased
34945,44772,48327,1856-01-01,1890-06-01,deceased
34946,44517,48328,1856-01-01,1890-06-01,deceased
34947,46642,48329,1855-01-01,1884-06-01,deceased
34948,44441,48330,1855-01-01,1893-06-01,deceased
34949,45019,48331,1857-01-01,1884-06-01,deceased
34950,46570,47038,1857-01-01,1876-06-01,deceased
34951,46031,48332,1857-01-01,1889-06-01,deceased
34952,44676,48333,1854-01-01,1888-06-01,deceased
34953,47499,45635,1857-01-01,1888-06-01,deceased
34954,46860,48334,1858-01-01,1888-06-01,deceased
34955,46609,48335,1856-01-01,1883-06-01,deceased
34956,47666,48336,1856-01-01,1875-06-01,deceased
34957,45363,48337,1856-01-01,1909-06-01,deceased
34958,47109,47304,1855-01-01,1881-06-01,deceased
34959,47407,48338,1853-01-01,1879-06-01,deceased
34960,46534,46482,1859-01-01,1884-06-01,deceased
34961,46303,48339,1854-01-01,1892-06-01,deceased
34962,47574,48340,1853-01-01,1892-06-01,deceased
34963,47458,48341,1854-01-01,1896-06-01,deceased
34964,47305,48342,1857-01-01,1884-06-01,deceased
34965,45271,48343,1855-01-01,1875-06-01,deceased
34966,47342,48344,1859-01-01,1882-06-01,deceased
34967,45091,48345,1855-01-01,1893-06-01,deceased
34968,46516,48346,1859-01-01,1908-06-01,deceased
34969,46427,48347,1858-01-01,1889-06-01,deceased
34970,47507,48348,1855-01-01,1873-06-01,deceased
34971,44569,48349,1855-01-01,1907-06-01,deceased
34972,44864,45218,1857-01-01,1898-06-01,deceased
34973,45842,48351,1855-01-01,1890-06-01,deceased
34974,47295,48353,1854-01-01,1885-06-01,deceased
34975,46749,48354,1853-01-01,1896-06-01,deceased
34976,46780,48355,1855-01-01,1909-06-01,deceased
34977,45270,44606,1853-01-01,1896-06-01,deceased
34978,47077,46250,1857-01-01,1890-06-01,deceased
34979,46237,44310,1855-01-01,1912-06-01,deceased
34980,44604,48356,1854-01-01,1903-06-01,deceased
34981,46334,47423,1858-01-01,1885-06-01,deceased
34982,47399,44765,1855-01-01,1893-06-01,deceased
34983,45499,48357,1853-01-01,1875-06-01,deceased
34984,45685,48358,1856-01-01,1876-06-01,deceased
34985,47271,48359,1858-01-01,1878-06-01,deceased
34986,46356,48360,1859-01-01,1878-06-01,deceased
34987,46813,48361,1854-01-01,1873-06-01,deceased
34988,44283,48362,1856-01-01,1912-06-01,deceased
34989,44937,48363,1859-01-01,1889-06-01,deceased
34990,46423,48364,1855-01-01,1878-06-01,deceased
34991,45909,48365,1854-01-01,1887-06-01,deceased
34992,44445,48366,1856-01-01,1880-06-01,deceased
34993,44278,45131,1854-01-01,1906-06-01,deceased
34994,47376,45375,1857-01-01,1896-06-01,deceased
34995,45158,45959,1855-01-01,1898-06-01,deceased
34996,44786,48369,1857-01-01,1918-06-01,deceased
34997,47717,48371,1859-01-01,1885-06-01,deceased
34998,47615,44718,1853-01-01,1890-06-01,deceased
34999,46592,48372,1858-01-01,1898-06-01,deceased
35000,44981,48373,1858-01-01,1875-06-01,deceased
35001,45583,48374,1853-01-01,1877-06-01,deceased
35002,45809,48375,1856-01-01,1878-06-01,deceased
35003,45407,48377,1857-01-01,1904-06-01,deceased
35004,45024,48378,1853-01-01,1873-06-01,deceased
35005,46550,48379,1856-01-01,1884-06-01,deceased
35006,46628,48381,1859-01-01,1891-06-01,deceased
35007,45187,48382,1855-01-01,1875-06-01,deceased
35008,46887,45415,1859-01-01,1882-06-01,deceased
35009,46510,48383,1855-01-01,1895-06-01,deceased
35010,47560,48384,1853-01-01,1871-06-01,deceased
35011,45940,48385,1859-01-01,1877-06-01,deceased
35012,46306,48386,1855-01-01,1910-06-01,deceased
35013,45558,48387,1854-01-01,1901-06-01,deceased
35014,46546,48388,1858-01-01,1902-06-01,deceased
35015,47664,48389,1855-01-01,1892-06-01,deceased
35016,45792,48390,1856-01-01,1886-06-01,deceased
35017,47313,48391,1855-01-01,1887-06-01,deceased
35018,44632,48392,1859-01-01,1882-06-01,deceased
35019,47264,48393,1858-01-01,1880-06-01,deceased
35020,44471,48394,1859-01-01,1875-06-01,deceased
35021,45542,48395,1857-01-01,1910-06-01,deceased
35022,46826,48397,1855-01-01,1899-06-01,deceased
35023,47335,48399,1858-01-01,1881-06-01,deceased
35024,44994,48400,1855-01-01,1881-06-01,deceased
35025,45696,48401,1859-01-01,1905-06-01,deceased
35026,45011,48402,1857-01-01,1905-06-01,deceased
35027,44418,48403,1856-01-01,1906-06-01,deceased
35028,46075,48404,1856-01-01,1889-06-01,deceased
35029,45737,48405,1854-01-01,1892-06-01,deceased
35030,44600,48406,1854-01-01,1884-06-01,deceased
35031,47293,45853,1857-01-01,1908-06-01,deceased
35032,44652,48407,1855-01-01,1893-06-01,deceased
35033,45625,45642,1856-01-01,1899-06-01,deceased
35034,46172,45879,1859-01-01,1893-06-01,deceased
35035,46315,48408,1855-01-01,1888-06-01,deceased
35036,45722,48409,1854-01-01,1904-06-01,deceased
35037,46747,48410,1856-01-01,1873-06-01,deceased
35038,46403,48411,1853-01-01,1886-06-01,deceased
35039,45198,48412,1857-01-01,1910-06-01,deceased
35040,45590,48413,1858-01-01,1907-06-01,deceased
35041,45490,48414,1857-01-01,1906-06-01,deceased
35042,46318,48415,1858-01-01,1889-06-01,deceased
35043,47238,48416,1854-01-01,1876-06-01,deceased
35044,46411,48417,1854-01-01,1884-06-01,deceased
35045,47225,48418,1855-01-01,1902-06-01,deceased
35046,45795,48419,1855-01-01,1880-06-01,deceased
35047,46251,46676,1856-01-01,1917-06-01,deceased
35048,44386,48423,1854-01-01,1900-06-01,deceased
35049,47094,48424,1855-01-01,1884-06-01,deceased
35050,44699,48425,1858-01-01,1878-06-01,deceased
35051,47544,48426,1859-01-01,1892-06-01,deceased
35052,45511,48427,1854-01-01,1889-06-01,deceased
35053,44505,48429,1857-01-01,1883-06-01,deceased
35054,47471,48430,1856-01-01,1906-06-01,deceased
35055,45575,48431,1859-01-01,1910-06-01,deceased
35056,47687,48432,1858-01-01,1904-06-01,deceased
35057,45070,48433,1859-01-01,1887-06-01,deceased
35058,46109,48435,1858-01-01,1904-06-01,deceased
35059,47197,48436,1855-01-01,1908-06-01,deceased
35060,47453,48437,1855-01-01,1894-06-01,deceased
35061,46566,48438,1853-01-01,1880-06-01,deceased
35062,45267,48439,1854-01-01,1878-06-01,deceased
35063,46197,45459,1853-01-01,1884-06-01,deceased
35064,44353,48440,1858-01-01,1887-06-01,deceased
35065,46051,46624,1858-01-01,1879-06-01,deceased
35066,47203,48441,1859-01-01,1914-06-01,deceased
35067,45182,48442,1858-01-01,1891-06-01,deceased
35068,46440,48444,1855-01-01,1896-06-01,deceased
35069,47261,48445,1855-01-01,1884-06-01,deceased
35070,46700,48446,1854-01-01,1873-06-01,deceased
35071,44528,48447,1853-01-01,1909-06-01,deceased
35072,44965,48448,1857-01-01,1893-06-01,deceased
35073,46263,48449,1858-01-01,1884-06-01,deceased
35074,45631,48451,1858-01-01,1880-06-01,deceased
35075,44442,47014,1854-01-01,1897-06-01,deceased
35076,46805,48452,1855-01-01,1890-06-01,deceased
35077,46946,48453,1854-01-01,1887-06-01,deceased
35078,45392,44706,1859-01-01,1879-06-01,deceased
35079,47227,48454,1858-01-01,1904-06-01,deceased
35080,45515,48455,1858-01-01,1911-06-01,deceased
35081,47330,48456,1859-01-01,1887-06-01,deceased
35082,47102,48457,1855-01-01,1900-06-01,deceased
35083,45870,48458,1859-01-01,1880-06-01,deceased
35084,45287,47417,1857-01-01,1904-06-01,deceased
35085,45114,48459,1859-01-01,1878-06-01,deceased
35086,47194,48460,1857-01-01,1883-06-01,deceased
35087,45566,48462,1853-01-01,1881-06-01,deceased
35088,45718,48463,1854-01-01,1883-06-01,deceased
35089,44889,46312,1853-01-01,1882-06-01,deceased
35090,47546,48464,1855-01-01,1880-06-01,deceased
35091,45627,48465,1859-01-01,1903-06-01,deceased
35092,46774,48466,1859-01-01,1895-06-01,deceased
35093,47134,48467,1858-01-01,1883-06-01,deceased
35094,45162,47700,1857-01-01,1917-06-01,deceased
35095,45125,48468,1853-01-01,1903-06-01,deceased
35096,46927,48469,1857-01-01,1925-06-01,deceased
35097,45977,48470,1859-01-01,1889-06-01,deceased
35098,47104,48471,1859-01-01,1882-06-01,deceased
35099,45551,48472,1857-01-01,1901-06-01,deceased
35100,47783,48474,1854-01-01,1887-06-01,deceased
35101,44538,48476,1853-01-01,1878-06-01,deceased
35102,47361,48477,1855-01-01,1889-06-01,deceased
35103,44667,48478,1859-01-01,1886-06-01,deceased
35104,45222,48479,1857-01-01,1879-06-01,deceased
35105,47118,48480,1855-01-01,1894-06-01,deceased
35106,46643,48481,1859-01-01,1917-06-01,deceased
35107,46268,48482,1853-01-01,1905-06-01,deceased
35108,44366,48483,1859-01-01,1912-06-01,deceased
35109,44754,48484,1857-01-01,1901-06-01,deceased
35110,45927,48487,1853-01-01,1876-06-01,deceased
35111,44389,48488,1856-01-01,1905-06-01,deceased
35112,47045,48489,1856-01-01,1914-06-01,deceased
35113,46240,44534,1857-01-01,1881-06-01,deceased
35114,47736,48491,1855-01-01,1893-06-01,deceased
35115,44759,48492,1858-01-01,1895-06-01,deceased
35116,44513,48494,1858-01-01,1890-06-01,deceased
35117,44879,48495,1857-01-01,1874-06-01,deceased
35118,47674,48496,1855-01-01,1885-06-01,deceased
35119,46257,48498,1855-01-01,1875-06-01,deceased
35120,44944,48499,1859-01-01,1902-06-01,deceased
35121,46077,48501,1854-01-01,1882-06-01,deceased
35122,44391,46413,1854-01-01,1903-06-01,deceased
35123,44415,48502,1855-01-01,1896-06-01,deceased
35124,46128,48503,1855-01-01,1907-06-01,deceased
35125,44722,45102,1856-01-01,1903-06-01,deceased
35126,47485,48504,1854-01-01,1894-06-01,deceased
35127,44723,48505,1858-01-01,1876-06-01,deceased
35128,46330,48508,1856-01-01,1873-06-01,deceased
35129,45962,44901,1857-01-01,1904-06-01,deceased
35130,46299,48510,1853-01-01,1874-06-01,deceased
35131,47025,48511,1857-01-01,1890-06-01,deceased
35132,45904,44488,1858-01-01,1914-06-01,deceased
35133,47515,46398,1859-01-01,1892-06-01,deceased
35134,45514,48512,1855-01-01,1884-06-01,deceased
35135,44989,48513,1855-01-01,1877-06-01,deceased
35136,44357,48514,1856-01-01,1891-06-01,deceased
35137,47074,48515,1857-01-01,1874-06-01,deceased
35138,44798,48516,1859-01-01,1899-06-01,deceased
35139,46705,48517,1855-01-01,1896-06-01,deceased
35140,47212,48518,1858-01-01,1902-06-01,deceased
35141,46443,48519,1855-01-01,1889-06-01,deceased
35142,46400,48520,1853-01-01,1875-06-01,deceased
35143,45610,48521,1855-01-01,1888-06-01,deceased
35144,46063,48522,1859-01-01,1907-06-01,deceased
35145,44492,48523,1859-01-01,1889-06-01,deceased
35146,47475,46236,1856-01-01,1915-06-01,deceased
35147,45251,48524,1853-01-01,1871-06-01,deceased
35148,44724,48525,1853-01-01,1873-06-01,deceased
35149,47699,48526,1857-01-01,1879-06-01,deceased
35150,45036,46658,1858-01-01,1886-06-01,deceased
35151,47657,48527,1854-01-01,1881-06-01,deceased
35152,47206,48528,1853-01-01,1877-06-01,deceased
35153,44417,48529,1856-01-01,1910-06-01,deceased
35154,44489,48531,1854-01-01,1907-06-01,deceased
35155,44629,48532,1853-01-01,1877-06-01,deceased
35156,47083,45443,1853-01-01,1883-06-01,deceased
35157,47414,46760,1854-01-01,1903-06-01,deceased
35158,44589,48533,1855-01-01,1872-06-01,deceased
35159,47049,48534,1857-01-01,1907-06-01,deceased
35160,47743,48535,1858-01-01,1905-06-01,deceased
35161,45878,48537,1855-01-01,1912-06-01,deceased
35162,44525,48538,1854-01-01,1898-06-01,deceased
35163,45241,48539,1859-01-01,1877-06-01,deceased
35164,45468,48540,1857-01-01,1877-06-01,deceased
35165,47680,48541,1858-01-01,1911-06-01,deceased
35166,46328,48542,1854-01-01,1911-06-01,deceased
35167,45588,48543,1857-01-01,1893-06-01,deceased
35168,46454,48544,1858-01-01,1892-06-01,deceased
35169,44541,46246,1857-01-01,1892-06-01,deceased
35170,45142,48545,1853-01-01,1889-06-01,deceased
35171,46875,48546,1856-01-01,1898-06-01,deceased
35172,46811,48547,1857-01-01,1922-06-01,deceased
35173,47452,48548,1857-01-01,1878-06-01,deceased
35174,46994,48549,1859-01-01,1876-06-01,deceased
35175,46217,48550,1855-01-01,1872-06-01,deceased
35176,45111,48551,1856-01-01,1876-06-01,deceased
35177,45015,48552,1857-01-01,1879-06-01,deceased
35178,47363,48553,1855-01-01,1878-06-01,deceased
35179,44309,48555,1859-01-01,1889-06-01,deceased
35180,46598,48556,1855-01-01,1890-06-01,deceased
35181,47112,47026,1857-01-01,1896-06-01,deceased
35182,44735,46389,1853-01-01,1889-06-01,deceased
35183,44693,48558,1858-01-01,1910-06-01,deceased
35184,46192,48559,1855-01-01,1890-06-01,deceased
35185,45973,48560,1856-01-01,1883-06-01,deceased
35186,46548,48562,1854-01-01,1879-06-01,deceased
35187,46384,46763,1855-01-01,1885-06-01,deceased
35188,47505,48563,1853-01-01,1875-06-01,deceased
35189,44991,48564,1853-01-01,1873-06-01,deceased
35190,46321,48565,1856-01-01,1889-06-01,deceased
35191,46352,48567,1854-01-01,1901-06-01,deceased
35192,45357,48568,1858-01-01,1891-06-01,deceased
35193,44351,48570,1853-01-01,1873-06-01,deceased
35194,45362,48571,1857-01-01,1909-06-01,deceased
35195,45238,48572,1854-01-01,1882-06-01,deceased
35196,44639,48573,1856-01-01,1888-06-01,deceased
35197,47219,46610,1857-01-01,1881-06-01,deceased
35198,45806,48574,1857-01-01,1896-06-01,deceased
35199,45065,48575,1857-01-01,1880-06-01,deceased
35200,46654,48576,1858-01-01,1902-06-01,deceased
35201,45216,48577,1857-01-01,1906-06-01,deceased
35202,44340,48578,1854-01-01,1910-06-01,deceased
35203,47697,48579,1859-01-01,1885-06-01,deceased
35204,45316,48581,1857-01-01,1886-06-01,deceased
35205,47481,48582,1855-01-01,1885-06-01,deceased
35206,44799,46052,1853-01-01,1891-06-01,deceased
35207,45076,48583,1854-01-01,1887-06-01,deceased
35208,44451,48584,1854-01-01,1873-06-01,deceased
35209,44932,48585,1856-01-01,1905-06-01,deceased
35210,45224,44367,1858-01-01,1908-06-01,deceased
35211,44869,48587,1854-01-01,1888-06-01,deceased
35212,47149,48588,1857-01-01,1906-06-01,deceased
35213,44961,48589,1858-01-01,1905-06-01,deceased
35214,46486,48591,1858-01-01,1893-06-01,deceased
35215,46853,48592,1854-01-01,1878-06-01,deceased
35216,44339,48593,1854-01-01,1875-06-01,deceased
35217,45954,48594,1858-01-01,1897-06-01,deceased
35218,47480,48595,1853-01-01,1882-06-01,deceased
35219,45925,48596,1853-01-01,1885-06-01,deceased
35220,44660,48597,1857-01-01,1913-06-01,deceased
35221,47245,45788,1857-01-01,1905-06-01,deceased
35222,46678,48599,1855-01-01,1882-06-01,deceased
35223,46024,48600,1853-01-01,1904-06-01,deceased
35224,47646,48601,1854-01-01,1883-06-01,deceased
35225,44685,48602,1854-01-01,1880-06-01,deceased
35226,47630,48603,1856-01-01,1873-06-01,deceased
35227,45083,48604,1857-01-01,1877-06-01,deceased
35228,46090,48605,1857-01-01,1881-06-01,deceased
35229,46285,46971,1856-01-01,1906-06-01,deceased
35230,45380,48608,1854-01-01,1911-06-01,deceased
35231,47087,48609,1858-01-01,1900-06-01,deceased
35232,47541,48610,1853-01-01,1874-06-01,deceased
35233,45209,44662,1854-01-01,1885-06-01,deceased
35234,47556,48612,1853-01-01,1871-06-01,deceased
35235,44805,48613,1858-01-01,1876-06-01,deceased
35236,44593,48614,1856-01-01,1888-06-01,deceased
35237,46867,48616,1858-01-01,1908-06-01,deceased
35238,44700,48617,1858-01-01,1876-06-01,deceased
35239,45179,48618,1854-01-01,1881-06-01,deceased
35240,47139,48619,1857-01-01,1881-06-01,deceased
35241,47694,48620,1857-01-01,1891-06-01,deceased
35242,45783,47103,1856-01-01,1884-06-01,deceased
35243,45773,48621,1859-01-01,1877-06-01,deceased
35244,47482,48623,1859-01-01,1885-06-01,deceased
35245,47046,48624,1853-01-01,1877-06-01,deceased
35246,47542,46664,1858-01-01,1899-06-01,deceased
35247,47711,48626,1854-01-01,1886-06-01,deceased
35248,44358,48628,1854-01-01,1886-06-01,deceased
35249,44403,48629,1856-01-01,1895-06-01,deceased
35250,47605,48630,1859-01-01,1897-06-01,deceased
35251,44553,48631,1857-01-01,1882-06-01,deceased
35252,45567,48632,1853-01-01,1874-06-01,deceased
35253,45427,48633,1857-01-01,1918-06-01,deceased
35254,46086,48634,1856-01-01,1898-06-01,deceased
35255,45821,48635,1858-01-01,1882-06-01,deceased
35256,45348,45297,1856-01-01,1910-06-01,deceased
35257,47502,48636,1855-01-01,1887-06-01,deceased
35258,47713,48637,1858-01-01,1896-06-01,deceased
35259,46200,48638,1858-01-01,1876-06-01,deceased
35260,45545,48639,1856-01-01,1885-06-01,deceased
35261,45835,48640,1854-01-01,1895-06-01,deceased
35262,47200,48641,1857-01-01,1892-06-01,deceased
35263,46709,48642,1858-01-01,1885-06-01,deceased
35264,47554,46317,1856-01-01,1901-06-01,deceased
35265,47070,48643,1854-01-01,1892-06-01,deceased
35266,47254,48644,1857-01-01,1905-06-01,deceased
35267,45404,48645,1857-01-01,1917-06-01,deceased
35268,44949,48646,1854-01-01,1902-06-01,deceased
35269,46900,48647,1853-01-01,1895-06-01,deceased
35270,44686,48649,1856-01-01,1908-06-01,deceased
35271,45056,48650,1854-01-01,1879-06-01,deceased
35272,45336,48651,1859-01-01,1895-06-01,deceased
35273,45734,48652,1853-01-01,1893-06-01,deceased
35274,44813,48653,1855-01-01,1899-06-01,deceased
35275,46785,48655,1855-01-01,1890-06-01,deceased
35276,44678,48656,1854-01-01,1882-06-01,deceased
35277,45576,48657,1855-01-01,1888-06-01,deceased
35278,46140,48658,1859-01-01,1913-06-01,deceased
35279,46005,47052,1853-01-01,1883-06-01,deceased
35280,45105,48659,1856-01-01,1883-06-01,deceased
35281,47165,48660,1855-01-01,1884-06-01,deceased
35282,44849,45155,1859-01-01,1895-06-01,deceased
35283,44859,48661,1858-01-01,1918-06-01,deceased
35284,44732,48662,1856-01-01,1913-06-01,deceased
35285,44497,48663,1854-01-01,1874-06-01,deceased
35286,45826,48664,1854-01-01,1877-06-01,deceased
35287,47598,48665,1853-01-01,1875-06-01,deceased
35288,44845,48666,1858-01-01,1897-06-01,deceased
35289,45856,48667,1855-01-01,1910-06-01,deceased
35290,45752,46252,1853-01-01,1886-06-01,deceased
35291,44992,48669,1854-01-01,1893-06-01,deceased
35292,44894,47150,1859-01-01,1878-06-01,deceased
35293,44868,48671,1857-01-01,1894-06-01,deceased
35294,45156,48672,1859-01-01,1910-06-01,deceased
35295,46041,48673,1859-01-01,1903-06-01,deceased
35296,47706,48674,1854-01-01,1885-06-01,deceased
35297,46952,48675,1859-01-01,1905-06-01,deceased
35298,45505,44954,1857-01-01,1910-06-01,deceased
35299,45958,48676,1854-01-01,1880-06-01,deceased
35300,44612,48677,1858-01-01,1878-06-01,deceased
35301,45157,48678,1858-01-01,1886-06-01,deceased
35302,44669,48680,1858-01-01,1880-06-01,deceased
35303,46924,48681,1856-01-01,1900-06-01,deceased
35304,46888,48682,1859-01-01,1878-06-01,deceased
35305,46770,48683,1854-01-01,1873-06-01,deceased
35306,45087,48684,1853-01-01,1902-06-01,deceased
35307,46497,48685,1856-01-01,1884-06-01,deceased
35308,46159,48686,1858-01-01,1913-06-01,deceased
35309,44563,48687,1854-01-01,1879-06-01,deceased
35310,44848,48688,1858-01-01,1923-06-01,deceased
35311,47774,48689,1857-01-01,1888-06-01,deceased
35312,46350,48691,1853-01-01,1891-06-01,deceased
35313,46871,48693,1854-01-01,1892-06-01,deceased
35314,44578,46302,1854-01-01,1897-06-01,deceased
35315,46487,48694,1856-01-01,1903-06-01,deceased
35316,47041,48695,1858-01-01,1910-06-01,deceased
35317,45680,48696,1853-01-01,1878-06-01,deceased
35318,44622,48697,1858-01-01,1884-06-01,deceased
35319,47250,48698,1859-01-01,1883-06-01,deceased
35320,44577,48699,1853-01-01,1886-06-01,deceased
35321,45818,48700,1858-01-01,1898-06-01,deceased
35322,46204,48701,1857-01-01,1881-06-01,deceased
35323,46612,48702,1858-01-01,1879-06-01,deceased
35324,46698,48703,1855-01-01,1882-06-01,deceased
35325,46069,48704,1856-01-01,1882-06-01,deceased
35326,46792,48705,1858-01-01,1887-06-01,deceased
35327,46019,48706,1853-01-01,1889-06-01,deceased
35328,46758,48707,1854-01-01,1882-06-01,deceased
35329,46000,48708,1856-01-01,1884-06-01,deceased
35330,45698,48709,1853-01-01,1874-06-01,deceased
35331,46205,48710,1854-01-01,1887-06-01,deceased
35332,47445,48711,1855-01-01,1888-06-01,deceased
35333,47461,48712,1859-01-01,1893-06-01,deceased
35334,46587,48713,1855-01-01,1882-06-01,deceased
35335,46766,44688,1858-01-01,1880-06-01,deceased
35336,44597,48714,1858-01-01,1889-06-01,deceased
35337,47283,48715,1853-01-01,1873-06-01,deceased
35338,45117,48716,1856-01-01,1881-06-01,deceased
35339,45728,48717,1859-01-01,1904-06-01,deceased
35340,44447,48718,1856-01-01,1911-06-01,deceased
35341,44684,44803,1856-01-01,1889-06-01,deceased
35342,46695,48719,1858-01-01,1877-06-01,deceased
35343,46035,48720,1855-01-01,1892-06-01,deceased
35344,46067,48721,1857-01-01,1884-06-01,deceased
35345,44648,48722,1854-01-01,1871-06-01,deceased
35346,46752,46103,1858-01-01,1921-06-01,deceased
35347,47698,48723,1857-01-01,1884-06-01,deceased
35348,44861,48724,1854-01-01,1875-06-01,deceased
35349,47750,48725,1855-01-01,1884-06-01,deceased
35350,47756,48726,1859-01-01,1912-06-01,deceased
35351,47125,48727,1859-01-01,1886-06-01,deceased
35352,44354,48728,1853-01-01,1882-06-01,deceased
35353,45359,48729,1857-01-01,1878-06-01,deceased
35354,45074,48730,1856-01-01,1897-06-01,deceased
35355,47106,48731,1853-01-01,1899-06-01,deceased
35356,46325,48732,1854-01-01,1895-06-01,deceased
35357,44522,47762,1856-01-01,1892-06-01,deceased
35358,47395,48733,1856-01-01,1909-06-01,deceased
35359,44827,48734,1859-01-01,1877-06-01,deceased
35360,45449,48735,1855-01-01,1881-06-01,deceased
35361,45529,48736,1858-01-01,1904-06-01,deceased
35362,45613,48737,1855-01-01,1903-06-01,deceased
35363,47053,48738,1858-01-01,1885-06-01,deceased
35364,44997,45800,1856-01-01,1910-06-01,deceased
35365,47384,48739,1855-01-01,1914-06-01,deceased
35366,46880,48740,1857-01-01,1888-06-01,deceased
35367,46151,47292,1855-01-01,1901-06-01,deceased
35368,45777,48741,1853-01-01,1907-06-01,deceased
35369,45634,48742,1857-01-01,1889-06-01,deceased
35370,46137,48743,1857-01-01,1883-06-01,deceased
35371,47040,48744,1856-01-01,1900-06-01,deceased
35372,45324,48745,1856-01-01,1887-06-01,deceased
35373,45849,45670,1856-01-01,1882-06-01,deceased
35374,46558,48746,1854-01-01,1875-06-01,deceased
35375,46178,44738,1859-01-01,1892-06-01,deceased
35376,46576,46002,1853-01-01,1879-06-01,deceased
35377,45376,48748,1853-01-01,1878-06-01,deceased
35378,44926,47778,1859-01-01,1914-06-01,deceased
35379,46261,48749,1855-01-01,1874-06-01,deceased
35380,47734,48750,1859-01-01,1884-06-01,deceased
35381,47660,48751,1859-01-01,1921-06-01,deceased
35382,47577,48752,1855-01-01,1886-06-01,deceased
35383,47332,48754,1855-01-01,1910-06-01,deceased
35384,47568,48755,1858-01-01,1876-06-01,deceased
35385,45306,48756,1854-01-01,1902-06-01,deceased
35386,45345,48757,1858-01-01,1901-06-01,deceased
35387,46932,48758,1859-01-01,1879-06-01,deceased
35388,46683,48759,1854-01-01,1899-06-01,deceased
35389,46790,48760,1856-01-01,1899-06-01,deceased
35390,47785,48761,1858-01-01,1884-06-01,deceased
35391,44616,44892,1853-01-01,1872-06-01,deceased
35392,46977,46507,1854-01-01,1879-06-01,deceased
35393,47439,48762,1856-01-01,1879-06-01,deceased
35394,47017,48763,1855-01-01,1912-06-01,deceased
35395,45110,48764,1856-01-01,1893-06-01,deceased
35396,45524,48765,1858-01-01,1876-06-01,deceased
35397,46828,48766,1858-01-01,1886-06-01,deceased
35398,46194,48767,1855-01-01,1878-06-01,deceased
35399,46847,48768,1854-01-01,1879-06-01,deceased
35400,45609,48769,1856-01-01,1889-06-01,deceased
35401,46868,48770,1859-01-01,1883-06-01,deceased
35402,46061,48771,1857-01-01,1910-06-01,deceased
35403,46270,48772,1859-01-01,1901-06-01,deceased
35404,45538,48773,1857-01-01,1905-06-01,deceased
35405,45816,48774,1859-01-01,1892-06-01,deceased
35406,47310,48775,1859-01-01,1917-06-01,deceased
35407,44300,48777,1856-01-01,1910-06-01,deceased
35408,46295,48778,1858-01-01,1887-06-01,deceased
35409,44473,48780,1857-01-01,1888-06-01,deceased
35410,44320,48781,1855-01-01,1893-06-01,deceased
35411,46831,48782,1858-01-01,1916-06-01,deceased
35412,46301,48784,1854-01-01,1900-06-01,deceased
35413,46110,48785,1856-01-01,1887-06-01,deceased
35414,45699,48786,1853-01-01,1889-06-01,deceased
35415,47273,48787,1854-01-01,1893-06-01,deceased
35416,45884,48788,1855-01-01,1888-06-01,deceased
35417,45903,48789,1855-01-01,1895-06-01,deceased
35418,47529,48790,1855-01-01,1884-06-01,deceased
35419,46331,48791,1859-01-01,1894-06-01,deceased
35420,47684,46045,1858-01-01,1888-06-01,deceased
35421,46265,48792,1853-01-01,1905-06-01,deceased
35422,47186,48793,1854-01-01,1899-06-01,deceased
35423,44631,48794,1855-01-01,1885-06-01,deceased
35424,45654,48795,1857-01-01,1886-06-01,deceased
35425,45195,48796,1859-01-01,1890-06-01,deceased
35426,46789,48797,1859-01-01,1891-06-01,deceased
35427,44785,48798,1857-01-01,1877-06-01,deceased
35428,47553,48799,1858-01-01,1875-06-01,deceased
35429,44287,48800,1859-01-01,1883-06-01,deceased
35430,46693,48801,1859-01-01,1899-06-01,deceased
35431,46247,48802,1853-01-01,1888-06-01,deceased
35432,47068,48803,1853-01-01,1891-06-01,deceased
35433,45277,48804,1858-01-01,1894-06-01,deceased
35434,47651,48805,1853-01-01,1872-06-01,deceased
35435,47132,46812,1859-01-01,1894-06-01,deceased
35436,45557,48806,1856-01-01,1893-06-01,deceased
35437,46899,48807,1855-01-01,1875-06-01,deceased
35438,45469,48808,1859-01-01,1921-06-01,deceased
35439,46375,48809,1855-01-01,1891-06-01,deceased
35440,46940,48810,1854-01-01,1874-06-01,deceased
35441,47130,48811,1855-01-01,1879-06-01,deceased
35442,45719,48812,1853-01-01,1883-06-01,deceased
35443,45185,48813,1857-01-01,1882-06-01,deceased
35444,45648,48814,1859-01-01,1893-06-01,deceased
35445,46475,48815,1858-01-01,1885-06-01,deceased
35446,45354,48816,1858-01-01,1902-06-01,deceased
35447,46572,48817,1859-01-01,1888-06-01,deceased
35448,44820,48818,1856-01-01,1891-06-01,deceased
35449,45450,46577,1858-01-01,1895-06-01,deceased
35450,45819,46588,1855-01-01,1884-06-01,deceased
35451,46608,48819,1856-01-01,1903-06-01,deceased
35452,44383,46037,1859-01-01,1890-06-01,deceased
35453,46368,48820,1857-01-01,1876-06-01,deceased
35454,45898,48821,1856-01-01,1882-06-01,deceased
35455,47390,48823,1858-01-01,1878-06-01,deceased
35456,47128,48824,1854-01-01,1905-06-01,deceased
35457,46936,48825,1858-01-01,1880-06-01,deceased
35458,46347,48826,1855-01-01,1902-06-01,deceased
35459,46494,48827,1853-01-01,1879-06-01,deceased
35460,45214,48828,1856-01-01,1898-06-01,deceased
35461,44927,48829,1859-01-01,1880-06-01,deceased
35462,44295,48831,1855-01-01,1886-06-01,deceased
35463,46419,46357,1853-01-01,1888-06-01,deceased
35464,46734,48832,1855-01-01,1871-06-01,deceased
35465,47434,48833,1857-01-01,1901-06-01,deceased
35466,45023,48834,1855-01-01,1914-06-01,deceased
35467,45453,48835,1858-01-01,1888-06-01,deceased
35468,47133,48836,1853-01-01,1896-06-01,deceased
35469,46540,48837,1855-01-01,1911-06-01,deceased
35470,46967,48839,1856-01-01,1878-06-01,deceased
35471,45446,48841,1855-01-01,1891-06-01,deceased
35472,47460,48842,1859-01-01,1879-06-01,deceased
35473,44494,47570,1855-01-01,1889-06-01,deceased
35474,45657,48844,1854-01-01,1873-06-01,deceased
35475,47729,48845,1855-01-01,1879-06-01,deceased
35476,47575,48846,1854-01-01,1888-06-01,deceased
35477,46786,48847,1853-01-01,1887-06-01,deceased
35478,44580,48848,1856-01-01,1901-06-01,deceased
35479,45473,48849,1859-01-01,1900-06-01,deceased
35480,44342,48850,1855-01-01,1897-06-01,deceased
35481,44388,48851,1857-01-01,1892-06-01,deceased
35482,47594,48852,1855-01-01,1893-06-01,deceased
35483,45231,48853,1856-01-01,1887-06-01,deceased
35484,45288,48854,1857-01-01,1906-06-01,deceased
35485,45671,48855,1856-01-01,1909-06-01,deceased
35486,45201,48856,1858-01-01,1881-06-01,deceased
35487,45010,48857,1858-01-01,1879-06-01,deceased
35488,44544,48859,1855-01-01,1908-06-01,deceased
35489,46314,48860,1855-01-01,1883-06-01,deceased
35490,47494,48861,1857-01-01,1895-06-01,deceased
35491,47731,48862,1855-01-01,1913-06-01,deceased
35492,44368,44485,1854-01-01,1884-06-01,deceased
35493,45725,48863,1855-01-01,1882-06-01,deceased
35494,44332,48864,1858-01-01,1886-06-01,deceased
35495,44514,48865,1856-01-01,1878-06-01,deceased
35496,46397,48866,1857-01-01,1876-06-01,deceased
35497,46802,48867,1859-01-01,1900-06-01,deceased
35498,44881,48868,1855-01-01,1878-06-01,deceased
35499,47503,48870,1854-01-01,1908-06-01,deceased
35500,46506,48871,1857-01-01,1892-06-01,deceased
35501,47775,48872,1855-01-01,1879-06-01,deceased
35502,45382,48874,1853-01-01,1871-06-01,deceased
35503,46358,48875,1858-01-01,1894-06-01,deceased
35504,47065,48876,1858-01-01,1878-06-01,deceased
35505,47578,48877,1854-01-01,1881-06-01,deceased
35506,45998,48878,1855-01-01,1876-06-01,deceased
35507,45591,48879,1859-01-01,1912-06-01,deceased
35508,44551,44694,1859-01-01,1878-06-01,deceased
35509,46015,48880,1856-01-01,1895-06-01,deceased
35510,44834,48881,1859-01-01,1884-06-01,deceased
35511,44783,48882,1857-01-01,1876-06-01,deceased
35512,46370,48883,1853-01-01,1875-06-01,deceased
35513,46518,48884,1856-01-01,1898-06-01,deceased
35514,46687,47280,1855-01-01,1879-06-01,deceased
35515,47418,48886,1853-01-01,1872-06-01,deceased
35516,47067,48887,1857-01-01,1877-06-01,deceased
35517,45290,48888,1859-01-01,1905-06-01,deceased
35518,45128,48889,1853-01-01,1869-06-01,deceased
35519,45308,47210,1854-01-01,1880-06-01,deceased
35520,45062,48890,1859-01-01,1900-06-01,deceased
35521,47463,48891,1856-01-01,1907-06-01,deceased
35522,45474,47056,1856-01-01,1877-06-01,deceased
35523,45269,48892,1857-01-01,1902-06-01,deceased
35524,46583,48893,1857-01-01,1904-06-01,deceased
35525,45852,48894,1859-01-01,1916-06-01,deceased
35526,46560,48895,1853-01-01,1911-06-01,deceased
35527,47449,47781,1858-01-01,1891-06-01,deceased
35528,46930,48896,1859-01-01,1888-06-01,deceased
35529,44375,45506,1856-01-01,1905-06-01,deceased
35530,45243,47267,1855-01-01,1888-06-01,deceased
35531,44707,48897,1854-01-01,1879-06-01,deceased
35532,46132,48899,1854-01-01,1873-06-01,deceased
35533,46524,45911,1859-01-01,1886-06-01,deceased
35534,47617,48900,1858-01-01,1876-06-01,deceased
35535,45261,48901,1855-01-01,1888-06-01,deceased
35536,47141,48902,1853-01-01,1884-06-01,deceased
35537,45612,48904,1857-01-01,1885-06-01,deceased
35538,46006,48906,1856-01-01,1882-06-01,deceased
35539,45148,48907,1858-01-01,1898-06-01,deceased
35540,47253,48908,1854-01-01,1896-06-01,deceased
35541,46653,48909,1855-01-01,1897-06-01,deceased
35542,44973,45399,1853-01-01,1885-06-01,deceased
35543,47397,44595,1853-01-01,1876-06-01,deceased
35544,45785,48910,1858-01-01,1894-06-01,deceased
35545,46997,48911,1858-01-01,1888-06-01,deceased
35546,46685,48912,1857-01-01,1894-06-01,deceased
35547,47550,48913,1855-01-01,1906-06-01,deceased
35548,47257,46072,1859-01-01,1908-06-01,deceased
35549,46346,48914,1859-01-01,1900-06-01,deceased
35550,46339,48915,1859-01-01,1878-06-01,deceased
35551,46106,48916,1854-01-01,1882-06-01,deceased
35552,46123,48917,1856-01-01,1877-06-01,deceased
35553,45337,48918,1859-01-01,1910-06-01,deceased
35554,44316,48919,1858-01-01,1888-06-01,deceased
35555,45213,48920,1853-01-01,1890-06-01,deceased
35556,44646,48921,1853-01-01,1887-06-01,deceased
35557,44999,48922,1854-01-01,1893-06-01,deceased
35558,45771,48923,1857-01-01,1902-06-01,deceased
35559,45057,45694,1854-01-01,1885-06-01,deceased
35560,47744,48924,1853-01-01,1892-06-01,deceased
35561,44500,48925,1853-01-01,1891-06-01,deceased
35562,44453,48926,1853-01-01,1915-06-01,deceased
35563,45548,48927,1854-01-01,1906-06-01,deceased
35564,47154,48928,1856-01-01,1894-06-01,deceased
35565,46180,48929,1859-01-01,1881-06-01,deceased
35566,45412,48930,1859-01-01,1888-06-01,deceased
35567,44807,48931,1854-01-01,1884-06-01,deceased
35568,45253,48932,1857-01-01,1900-06-01,deceased
35569,46144,48933,1853-01-01,1886-06-01,deceased
35570,46717,47123,1856-01-01,1900-06-01,deceased
35571,46134,48935,1859-01-01,1881-06-01,deceased
35572,45813,48936,1856-01-01,1889-06-01,deceased
35573,47158,48937,1859-01-01,1897-06-01,deceased
35574,45929,48938,1856-01-01,1872-06-01,deceased
35575,44942,48939,1854-01-01,1905-06-01,deceased
35576,44590,48940,1859-01-01,1890-06-01,deceased
35577,46581,48941,1853-01-01,1907-06-01,deceased
35578,47365,48944,1858-01-01,1880-06-01,deceased
35579,45622,48945,1856-01-01,1885-06-01,deceased
35580,44812,48946,1859-01-01,1875-06-01,deceased
35581,46966,48949,1855-01-01,1911-06-01,deceased
35582,47788,48950,1857-01-01,1881-06-01,deceased
35583,46430,48951,1858-01-01,1900-06-01,deceased
35584,45745,48952,1855-01-01,1870-06-01,deceased
35585,47289,48953,1857-01-01,1880-06-01,deceased
35586,46373,48955,1859-01-01,1897-06-01,deceased
35587,45280,48956,1857-01-01,1878-06-01,deceased
35588,44902,46736,1854-01-01,1883-06-01,deceased
35589,47782,48957,1854-01-01,1892-06-01,deceased
35590,45033,48958,1859-01-01,1887-06-01,deceased
35591,45913,48959,1854-01-01,1885-06-01,deceased
35592,47090,48960,1853-01-01,1883-06-01,deceased
35593,46185,48961,1856-01-01,1884-06-01,deceased
35594,46101,48962,1859-01-01,1919-06-01,deceased
35595,45896,48963,1859-01-01,1881-06-01,deceased
35596,47198,48964,1855-01-01,1876-06-01,deceased
35597,47113,48965,1857-01-01,1890-06-01,deceased
35598,46047,48966,1859-01-01,1919-06-01,deceased
35599,45085,48967,1856-01-01,1904-06-01,deceased
35600,44508,48968,1853-01-01,1889-06-01,deceased
35601,46458,48969,1856-01-01,1910-06-01,deceased
35602,47247,48970,1855-01-01,1892-06-01,deceased
35603,44605,46003,1859-01-01,1893-06-01,deceased
35604,44793,48972,1854-01-01,1912-06-01,deceased
35605,47658,48973,1856-01-01,1895-06-01,deceased
35606,45484,48974,1857-01-01,1896-06-01,deceased
35607,46498,45837,1858-01-01,1872-06-01,deceased
35608,45034,48976,1853-01-01,1872-06-01,deceased
35609,45478,48977,1858-01-01,1893-06-01,deceased
35610,46808,45786,1858-01-01,1886-06-01,deceased
35611,45677,46316,1858-01-01,1900-06-01,deceased
35612,46864,48978,1859-01-01,1877-06-01,deceased
35613,45947,48979,1857-01-01,1899-06-01,deceased
35614,44456,46533,1857-01-01,1911-06-01,deceased
35615,47518,48980,1859-01-01,1880-06-01,deceased
35616,44745,48981,1853-01-01,1889-06-01,deceased
35617,47681,48982,1853-01-01,1887-06-01,deceased
35618,45641,48983,1854-01-01,1878-06-01,deceased
35619,45665,48984,1856-01-01,1904-06-01,deceased
35620,45160,48985,1853-01-01,1883-06-01,deceased
35621,47609,48986,1857-01-01,1876-06-01,deceased
35622,44624,48987,1853-01-01,1881-06-01,deceased
35623,45058,48988,1857-01-01,1915-06-01,deceased
35624,46219,48989,1854-01-01,1893-06-01,deceased
35625,46855,48990,1858-01-01,1883-06-01,deceased
35626,47022,45663,1858-01-01,1919-06-01,deceased
35627,46737,48991,1858-01-01,1902-06-01,deceased
35628,47170,45905,1856-01-01,1896-06-01,deceased
35629,44713,48992,1858-01-01,1898-06-01,deceased
35630,44619,48993,1859-01-01,1907-06-01,deceased
35631,47760,47047,1853-01-01,1888-06-01,deceased
35632,45507,48994,1859-01-01,1910-06-01,deceased
35633,44439,48995,1855-01-01,1901-06-01,deceased
35634,46909,48996,1858-01-01,1905-06-01,deceased
35635,46222,48997,1859-01-01,1884-06-01,deceased
35636,46122,48998,1856-01-01,1882-06-01,deceased
35637,45712,48999,1859-01-01,1903-06-01,deceased
35638,46380,49000,1854-01-01,1907-06-01,deceased
35639,44644,49001,1859-01-01,1905-06-01,deceased
35640,47401,49002,1859-01-01,1891-06-01,deceased
35641,47708,49003,1859-01-01,1890-06-01,deceased
35642,44714,49004,1854-01-01,1878-06-01,deceased
35643,44561,49005,1855-01-01,1885-06-01,deceased
35644,45644,49006,1858-01-01,1880-06-01,deceased
35645,45032,49007,1859-01-01,1906-06-01,deceased
35646,45561,49008,1856-01-01,1911-06-01,deceased
35647,47595,49009,1855-01-01,1873-06-01,deceased
35648,45047,44642,1857-01-01,1889-06-01,deceased
35649,44826,49010,1856-01-01,1878-06-01,deceased
35650,44484,49011,1857-01-01,1922-06-01,deceased
35651,45018,49012,1859-01-01,1903-06-01,deceased
35652,44272,49013,1855-01-01,1887-06-01,deceased
35653,46639,49014,1853-01-01,1897-06-01,deceased
35654,47662,49015,1859-01-01,1878-06-01,deceased
35655,45831,49017,1857-01-01,1887-06-01,deceased
35656,47019,49018,1857-01-01,1895-06-01,deceased
35657,44537,49019,1855-01-01,1880-06-01,deceased
35658,47175,49020,1859-01-01,1892-06-01,deceased
35659,47173,49021,1855-01-01,1875-06-01,deceased
35660,46721,49022,1854-01-01,1872-06-01,deceased
35661,47110,49023,1854-01-01,1869-06-01,deceased
35662,46157,49024,1855-01-01,1892-06-01,deceased
35663,45066,49025,1857-01-01,1911-06-01,deceased
35664,45438,49026,1859-01-01,1879-06-01,deceased
35665,45892,49027,1859-01-01,1907-06-01,deceased
35666,46390,45949,1853-01-01,1911-06-01,deceased
35667,47327,49028,1857-01-01,1883-06-01,deceased
35668,46012,44653,1858-01-01,1915-06-01,deceased
35669,46082,49029,1853-01-01,1876-06-01,deceased
35670,47258,49030,1855-01-01,1879-06-01,deceased
35671,44749,49032,1857-01-01,1883-06-01,deceased
35672,47185,47677,1858-01-01,1894-06-01,deceased
35673,46253,46349,1857-01-01,1888-06-01,deceased
35674,46852,46079,1854-01-01,1883-06-01,deceased
35675,44475,49033,1857-01-01,1887-06-01,deceased
35676,47754,49034,1858-01-01,1916-06-01,deceased
35677,45740,49035,1853-01-01,1875-06-01,deceased
35678,46727,49036,1857-01-01,1897-06-01,deceased
35679,47532,49037,1858-01-01,1893-06-01,deceased
35680,46119,49038,1857-01-01,1878-06-01,deceased
35681,45073,49039,1855-01-01,1885-06-01,deceased
35682,44692,49040,1858-01-01,1886-06-01,deceased
35683,47714,49041,1853-01-01,1878-06-01,deceased
35684,45206,49043,1856-01-01,1876-06-01,deceased
35685,46958,49045,1857-01-01,1873-06-01,deceased
35686,47691,49046,1858-01-01,1908-06-01,deceased
35687,45145,49047,1857-01-01,1877-06-01,deceased
35688,46393,49048,1856-01-01,1894-06-01,deceased
35689,45135,49049,1856-01-01,1891-06-01,deceased
35690,47733,49050,1859-01-01,1921-06-01,deceased
35691,46675,49051,1857-01-01,1883-06-01,deceased
35692,45463,49052,1858-01-01,1889-06-01,deceased
35693,47500,49053,1856-01-01,1873-06-01,deceased
35694,46711,49054,1855-01-01,1881-06-01,deceased
35695,47265,49055,1857-01-01,1883-06-01,deceased
35696,45097,49056,1855-01-01,1890-06-01,deceased
35697,46503,49057,1858-01-01,1914-06-01,deceased
35698,45686,47773,1855-01-01,1894-06-01,deceased
35699,47193,49060,1859-01-01,1900-06-01,deceased
35700,46820,49061,1854-01-01,1897-06-01,deceased
35701,45535,49062,1858-01-01,1880-06-01,deceased
35702,47060,49063,1858-01-01,1917-06-01,deceased
35703,46771,49064,1853-01-01,1870-06-01,deceased
35704,46118,49066,1859-01-01,1891-06-01,deceased
35705,47346,49067,1855-01-01,1885-06-01,deceased
35706,44381,49068,1859-01-01,1885-06-01,deceased
35707,45767,44572,1853-01-01,1873-06-01,deceased
35708,46491,49069,1855-01-01,1874-06-01,deceased
35709,45596,49070,1853-01-01,1892-06-01,deceased
35710,47032,49071,1859-01-01,1894-06-01,deceased
35711,47476,49072,1857-01-01,1888-06-01,deceased
35712,46646,49073,1853-01-01,1900-06-01,deceased
35713,47751,49074,1858-01-01,1876-06-01,deceased
35714,44599,49075,1855-01-01,1917-06-01,deceased
35715,45553,49076,1853-01-01,1909-06-01,deceased
35716,45220,49077,1857-01-01,1886-06-01,deceased
35717,45702,49078,1854-01-01,1899-06-01,deceased
35718,45540,49080,1855-01-01,1896-06-01,deceased
35719,46459,49081,1859-01-01,1880-06-01,deceased
35720,44770,49082,1859-01-01,1886-06-01,deceased
35721,44498,49083,1858-01-01,1889-06-01,deceased
35722,44546,49084,1855-01-01,1873-06-01,deceased
35723,47352,49086,1857-01-01,1873-06-01,deceased
35724,46891,49087,1853-01-01,1880-06-01,deceased
35725,47571,49088,1855-01-01,1876-06-01,deceased
35726,46634,49090,1853-01-01,1871-06-01,deceased
35727,46097,49091,1858-01-01,1922-06-01,deceased
35728,45594,49092,1859-01-01,1915-06-01,deceased
35729,47420,49093,1854-01-01,1888-06-01,deceased
35730,45990,44967,1854-01-01,1878-06-01,deceased
35731,44472,49094,1855-01-01,1902-06-01,deceased
35732,46569,49095,1855-01-01,1888-06-01,deceased
35733,47665,49096,1859-01-01,1901-06-01,deceased
35734,47360,49098,1856-01-01,1893-06-01,deceased
35735,45367,49099,1856-01-01,1890-06-01,deceased
35736,46673,49100,1854-01-01,1877-06-01,deceased
35737,46990,49101,1857-01-01,1914-06-01,deceased
35738,47333,49102,1853-01-01,1881-06-01,deceased
35739,47747,49104,1856-01-01,1883-06-01,deceased
35740,44289,49105,1858-01-01,1886-06-01,deceased
35741,45906,49106,1856-01-01,1889-06-01,deceased
35742,47722,45452,1855-01-01,1911-06-01,deceased
35743,45046,49107,1859-01-01,1903-06-01,deceased
35744,45385,46161,1858-01-01,1881-06-01,deceased
35745,44506,49108,1854-01-01,1913-06-01,deceased
35746,46589,45942,1858-01-01,1878-06-01,deceased
35747,47366,49109,1853-01-01,1873-06-01,deceased
35748,45994,49110,1855-01-01,1903-06-01,deceased
35749,47721,49111,1855-01-01,1887-06-01,deceased
35750,44661,49112,1853-01-01,1881-06-01,deceased
35751,47064,49113,1855-01-01,1877-06-01,deceased
35752,45730,49114,1856-01-01,1899-06-01,deceased
35753,45706,49115,1859-01-01,1878-06-01,deceased
35754,45188,49116,1855-01-01,1885-06-01,deceased
35755,45582,49117,1858-01-01,1911-06-01,deceased
35756,47143,49118,1855-01-01,1878-06-01,deceased
35757,46267,49119,1855-01-01,1878-06-01,deceased
35758,45174,49120,1859-01-01,1888-06-01,deceased
35759,47091,47723,1857-01-01,1899-06-01,deceased
35760,46567,47260,1856-01-01,1893-06-01,deceased
35761,45467,49121,1858-01-01,1899-06-01,deceased
35762,46434,49122,1857-01-01,1880-06-01,deceased
35763,46374,49123,1853-01-01,1875-06-01,deceased
35764,45037,49124,1855-01-01,1899-06-01,deceased
35765,46404,47742,1853-01-01,1878-06-01,deceased
35766,45799,49125,1858-01-01,1884-06-01,deceased
35767,47340,49126,1857-01-01,1903-06-01,deceased
35768,47392,49127,1859-01-01,1879-06-01,deceased
35769,45912,49128,1856-01-01,1880-06-01,deceased
35770,44510,49130,1859-01-01,1909-06-01,deceased
35771,47037,49131,1853-01-01,1879-06-01,deceased
35772,46651,49135,1855-01-01,1881-06-01,deceased
35773,46934,49136,1858-01-01,1877-06-01,deceased
35774,44968,49137,1859-01-01,1903-06-01,deceased
35775,45464,49139,1858-01-01,1916-06-01,deceased
35776,45422,49140,1857-01-01,1883-06-01,deceased
35777,46670,49141,1856-01-01,1880-06-01,deceased
35778,46882,49142,1854-01-01,1885-06-01,deceased
35779,44359,49143,1853-01-01,1873-06-01,deceased
35780,45181,49144,1858-01-01,1900-06-01,deceased
35781,46405,49145,1858-01-01,1891-06-01,deceased
35782,45275,49146,1858-01-01,1879-06-01,deceased
35783,44774,49147,1855-01-01,1873-06-01,deceased
35784,47080,49148,1858-01-01,1912-06-01,deceased
35785,46177,49149,1854-01-01,1869-06-01,deceased
35786,47291,49150,1855-01-01,1896-06-01,deceased
35787,45146,46173,1859-01-01,1888-06-01,deceased
35788,46841,49151,1856-01-01,1904-06-01,deceased
35789,45797,49152,1857-01-01,1911-06-01,deceased
35790,47157,49153,1854-01-01,1886-06-01,deceased
35791,46530,49154,1856-01-01,1886-06-01,deceased
35792,45697,49155,1858-01-01,1893-06-01,deceased
35793,44821,49156,1855-01-01,1876-06-01,deceased
35794,46796,47301,1858-01-01,1917-06-01,deceased
35795,46020,49157,1857-01-01,1890-06-01,deceased
35796,44895,49158,1855-01-01,1884-06-01,deceased
35797,47195,49159,1854-01-01,1900-06-01,deceased
35798,45395,49160,1858-01-01,1918-06-01,deceased
35799,46972,49161,1858-01-01,1892-06-01,deceased
35800,45202,49162,1857-01-01,1882-06-01,deceased
35801,46439,49163,1854-01-01,1897-06-01,deceased
35802,45210,49164,1856-01-01,1875-06-01,deceased
35803,45655,49165,1853-01-01,1895-06-01,deceased
35804,47569,49166,1853-01-01,1891-06-01,deceased
35805,47276,49167,1853-01-01,1897-06-01,deceased
35806,44776,49168,1859-01-01,1897-06-01,deceased
35807,45435,49169,1857-01-01,1900-06-01,deceased
35808,45420,49170,1854-01-01,1903-06-01,deceased
35809,44614,49171,1857-01-01,1885-06-01,deceased
35810,45296,49172,1856-01-01,1882-06-01,deceased
35811,44880,44656,1853-01-01,1895-06-01,deceased
35812,46187,49174,1859-01-01,1920-06-01,deceased
35813,45869,49175,1858-01-01,1913-06-01,deceased
35814,46168,49177,1854-01-01,1877-06-01,deceased
35815,44817,49178,1857-01-01,1889-06-01,deceased
35816,44657,49179,1857-01-01,1880-06-01,deceased
35817,47516,49180,1854-01-01,1903-06-01,deceased
35818,45130,49181,1857-01-01,1878-06-01,deceased
35819,45646,49182,1856-01-01,1908-06-01,deceased
35820,45196,49183,1854-01-01,1875-06-01,deceased
35821,47115,49184,1857-01-01,1890-06-01,deceased
35822,45482,49185,1859-01-01,1906-06-01,deceased
35823,47619,49186,1855-01-01,1880-06-01,deceased
35824,44426,49187,1854-01-01,1878-06-01,deceased
35825,46452,49188,1856-01-01,1901-06-01,deceased
35826,46288,49189,1855-01-01,1885-06-01,deceased
35827,45965,49190,1856-01-01,1897-06-01,deceased
35828,46115,49191,1857-01-01,1878-06-01,deceased
35829,47222,49192,1859-01-01,1883-06-01,deceased
35830,44378,49193,1856-01-01,1887-06-01,deceased
35831,44873,49194,1859-01-01,1909-06-01,deceased
35832,45067,46652,1858-01-01,1893-06-01,deceased
35833,47236,49195,1855-01-01,1903-06-01,deceased
35834,46449,49196,1854-01-01,1871-06-01,deceased
35835,45751,45886,1858-01-01,1912-06-01,deceased
35836,44867,49197,1855-01-01,1904-06-01,deceased
35837,45432,49198,1858-01-01,1914-06-01,deceased
35838,45531,49199,1858-01-01,1910-06-01,deceased
35839,45982,49200,1859-01-01,1878-06-01,deceased
35840,45955,45045,1856-01-01,1880-06-01,deceased
35841,45595,49201,1857-01-01,1894-06-01,deceased
35842,46521,49202,1856-01-01,1887-06-01,deceased
35843,47671,49203,1853-01-01,1897-06-01,deceased
35844,45855,44273,1855-01-01,1875-06-01,deceased
35845,45041,49204,1853-01-01,1879-06-01,deceased
35846,47642,49205,1858-01-01,1917-06-01,deceased
35847,47492,49206,1856-01-01,1903-06-01,deceased
35848,45355,49207,1858-01-01,1899-06-01,deceased
35849,46835,49208,1857-01-01,1890-06-01,deceased
35850,46903,49210,1854-01-01,1901-06-01,deceased
35851,45237,49211,1853-01-01,1885-06-01,deceased
35852,44297,49212,1856-01-01,1884-06-01,deceased
35853,46908,49213,1854-01-01,1884-06-01,deceased
35854,46816,49214,1857-01-01,1892-06-01,deceased
35855,46557,49215,1856-01-01,1892-06-01,deceased
35856,45481,49216,1856-01-01,1878-06-01,deceased
35857,44935,49217,1855-01-01,1872-06-01,deceased
35858,47600,49218,1854-01-01,1886-06-01,deceased
35859,46044,47033,1854-01-01,1878-06-01,deceased
35860,44348,47678,1853-01-01,1871-06-01,deceased
35861,47315,49219,1854-01-01,1875-06-01,deceased
35862,45640,49220,1853-01-01,1884-06-01,deceased
35863,47771,49222,1855-01-01,1874-06-01,deceased
35864,45163,49223,1858-01-01,1904-06-01,deceased
35865,46409,45656,1854-01-01,1887-06-01,deceased
35866,46877,46244,1859-01-01,1899-06-01,deceased
35867,47013,49224,1855-01-01,1900-06-01,deceased
35868,46861,49226,1858-01-01,1880-06-01,deceased
35869,47597,49228,1853-01-01,1908-06-01,deceased
35870,45244,49229,1858-01-01,1892-06-01,deceased
35871,45496,49230,1854-01-01,1901-06-01,deceased
35872,44911,49231,1858-01-01,1886-06-01,deceased
35873,44303,49232,1855-01-01,1897-06-01,deceased
35874,46740,44550,1856-01-01,1898-06-01,deceased
35875,45334,49233,1856-01-01,1904-06-01,deceased
35876,45295,49234,1856-01-01,1876-06-01,deceased
35877,44814,49235,1854-01-01,1895-06-01,deceased
35878,45234,49236,1854-01-01,1877-06-01,deceased
35879,47005,46706,1859-01-01,1880-06-01,deceased
35880,45221,49237,1853-01-01,1884-06-01,deceased
35881,46462,49238,1857-01-01,1882-06-01,deceased
35882,45834,49239,1859-01-01,1886-06-01,deceased
35883,44897,49240,1859-01-01,1915-06-01,deceased
35884,47676,49242,1854-01-01,1902-06-01,deceased
35885,47468,49243,1855-01-01,1881-06-01,deceased
35886,44710,49244,1855-01-01,1878-06-01,deceased
35887,44878,49245,1855-01-01,1895-06-01,deceased
35888,46093,49246,1859-01-01,1883-06-01,deceased
35889,47343,49247,1854-01-01,1880-06-01,deceased
35890,44919,49248,1859-01-01,1889-06-01,deceased
35891,45803,49249,1856-01-01,1876-06-01,deceased
35892,44438,49250,1854-01-01,1883-06-01,deceased
35893,46665,49251,1856-01-01,1875-06-01,deceased
35894,46803,49252,1856-01-01,1901-06-01,deceased
35895,44399,49253,1858-01-01,1883-06-01,deceased
35896,45405,49254,1855-01-01,1894-06-01,deceased
35897,46451,49255,1853-01-01,1898-06-01,deceased
35898,44318,49256,1857-01-01,1901-06-01,deceased
35899,47725,49257,1856-01-01,1890-06-01,deceased
35900,46351,49258,1856-01-01,1891-06-01,deceased
35901,47354,49259,1857-01-01,1883-06-01,deceased
35902,47428,49260,1858-01-01,1916-06-01,deceased
35903,45861,49261,1858-01-01,1882-06-01,deceased
35904,44630,49262,1855-01-01,1887-06-01,deceased
35905,47023,49263,1854-01-01,1891-06-01,deceased
35906,44767,44773,1855-01-01,1877-06-01,deceased
35907,46542,49264,1859-01-01,1899-06-01,deceased
35908,47682,49266,1856-01-01,1887-06-01,deceased
35909,45617,49267,1856-01-01,1904-06-01,deceased
35910,44328,45748,1853-01-01,1898-06-01,deceased
35911,47388,49268,1853-01-01,1879-06-01,deceased
35912,44460,49269,1858-01-01,1914-06-01,deceased
35913,45274,49270,1855-01-01,1879-06-01,deceased
35914,46742,49271,1856-01-01,1905-06-01,deceased
35915,44581,49272,1854-01-01,1882-06-01,deceased
35916,46273,49273,1856-01-01,1908-06-01,deceased
35917,46823,49274,1858-01-01,1883-06-01,deceased
35918,45302,49275,1858-01-01,1892-06-01,deceased
35919,44673,49276,1858-01-01,1894-06-01,deceased
35920,46324,49277,1855-01-01,1876-06-01,deceased
35921,45132,49278,1859-01-01,1890-06-01,deceased
35922,47769,45352,1859-01-01,1904-06-01,deceased
35923,45907,49279,1853-01-01,1896-06-01,deceased
35924,46210,49280,1853-01-01,1890-06-01,deceased
35925,47580,49281,1858-01-01,1878-06-01,deceased
35926,46184,49282,1854-01-01,1894-06-01,deceased
35927,46382,49283,1859-01-01,1884-06-01,deceased
35928,46248,49284,1854-01-01,1884-06-01,deceased
35929,44461,49285,1856-01-01,1878-06-01,deceased
35930,46223,49286,1855-01-01,1877-06-01,deceased
35931,45554,49287,1857-01-01,1882-06-01,deceased
35932,44270,49288,1856-01-01,1918-06-01,deceased
35933,46873,46586,1856-01-01,1885-06-01,deceased
35934,46420,49289,1855-01-01,1893-06-01,deceased
35935,45643,49290,1855-01-01,1879-06-01,deceased
35936,47528,49293,1856-01-01,1901-06-01,deceased
35937,44583,49294,1856-01-01,1894-06-01,deceased
35938,47435,49295,1853-01-01,1883-06-01,deceased
35939,46146,49296,1855-01-01,1899-06-01,deceased
35940,46359,49297,1859-01-01,1890-06-01,deceased
35941,46528,49298,1855-01-01,1877-06-01,deceased
35942,47638,49299,1854-01-01,1888-06-01,deceased
35943,44795,49300,1858-01-01,1898-06-01,deceased
35944,47287,49301,1857-01-01,1923-06-01,deceased
35945,46255,49302,1858-01-01,1902-06-01,deceased
35946,46125,47724,1857-01-01,1876-06-01,deceased
35947,44905,49303,1858-01-01,1877-06-01,deceased
35948,44782,49304,1854-01-01,1876-06-01,deceased
35949,45265,49305,1853-01-01,1886-06-01,deceased
35950,46649,49306,1858-01-01,1883-06-01,deceased
35951,47382,49307,1854-01-01,1901-06-01,deceased
35952,45664,49308,1854-01-01,1876-06-01,deceased
35953,47180,49309,1857-01-01,1881-06-01,deceased
35954,52190,52716,1876-01-01,1902-06-01,deceased
35955,52997,53932,1873-01-01,1902-06-01,deceased
35956,52921,53933,1872-01-01,1899-06-01,deceased
35957,51871,53421,1874-01-01,1898-06-01,deceased
35958,51985,53934,1874-01-01,1903-06-01,deceased
35959,50954,53936,1873-01-01,1901-06-01,deceased
35960,53233,53673,1871-01-01,1893-06-01,deceased
35961,51214,53937,1877-01-01,1942-06-01,deceased
35962,53236,53938,1871-01-01,1903-06-01,deceased
35963,51032,53940,1876-01-01,1908-06-01,deceased
35964,53396,52151,1873-01-01,1914-06-01,deceased
35965,49845,53942,1872-01-01,1886-06-01,deceased
35966,52617,53943,1871-01-01,1919-06-01,deceased
35967,49843,53944,1871-01-01,1900-06-01,deceased
35968,50014,53945,1871-01-01,1891-06-01,deceased
35969,49651,53946,1876-01-01,1905-06-01,deceased
35970,49747,53947,1876-01-01,1897-06-01,deceased
35971,53839,53948,1874-01-01,1907-06-01,deceased
35972,51325,53949,1872-01-01,1908-06-01,deceased
35973,50106,53950,1875-01-01,1917-06-01,deceased
35974,53089,49831,1874-01-01,1899-06-01,deceased
35975,49946,53951,1874-01-01,1892-06-01,deceased
35976,52798,53952,1873-01-01,1925-06-01,deceased
35977,49447,53953,1872-01-01,1888-06-01,deceased
35978,53108,53954,1871-01-01,1897-06-01,deceased
35979,51071,53955,1874-01-01,1900-06-01,deceased
35980,53879,53956,1876-01-01,1897-06-01,deceased
35981,53523,53957,1871-01-01,1904-06-01,deceased
35982,49811,53958,1877-01-01,1925-06-01,deceased
35983,52684,53959,1873-01-01,1908-06-01,deceased
35984,51696,53563,1876-01-01,1904-06-01,deceased
35985,53589,53960,1876-01-01,1898-06-01,deceased
35986,53390,53961,1877-01-01,1911-06-01,deceased
35987,50763,53962,1873-01-01,1906-06-01,deceased
35988,52315,53963,1874-01-01,1894-06-01,deceased
35989,53364,53964,1872-01-01,1903-06-01,deceased
35990,53534,53910,1876-01-01,1898-06-01,deceased
35991,52533,53965,1877-01-01,1892-06-01,deceased
35992,50866,53966,1875-01-01,1893-06-01,deceased
35993,51589,53967,1871-01-01,1899-06-01,deceased
35994,52660,53969,1872-01-01,1902-06-01,deceased
35995,50882,53970,1875-01-01,1900-06-01,deceased
35996,49635,53971,1872-01-01,1897-06-01,deceased
35997,53285,52884,1873-01-01,1898-06-01,deceased
35998,49561,53972,1874-01-01,1906-06-01,deceased
35999,51387,53973,1875-01-01,1895-06-01,deceased
36000,52482,53974,1873-01-01,1923-06-01,deceased
36001,50112,53975,1873-01-01,1919-06-01,deceased
36002,53259,53976,1873-01-01,1920-06-01,deceased
36003,51917,53977,1873-01-01,1896-06-01,deceased
36004,52934,50768,1873-01-01,1911-06-01,deceased
36005,51755,53978,1875-01-01,1907-06-01,deceased
36006,49621,53980,1872-01-01,1931-06-01,deceased
36007,50440,53981,1873-01-01,1899-06-01,deceased
36008,50342,53982,1877-01-01,1900-06-01,deceased
36009,53693,50916,1877-01-01,1905-06-01,deceased
36010,53803,53983,1875-01-01,1907-06-01,deceased
36011,50484,53984,1872-01-01,1889-06-01,deceased
36012,52854,53985,1873-01-01,1908-06-01,deceased
36013,52826,53986,1877-01-01,1897-06-01,deceased
36014,50423,53987,1871-01-01,1921-06-01,deceased
36015,52825,53988,1875-01-01,1896-06-01,deceased
36016,50380,53989,1873-01-01,1922-06-01,deceased
36017,50751,53990,1877-01-01,1895-06-01,deceased
36018,53416,53991,1874-01-01,1894-06-01,deceased
36019,53547,50670,1874-01-01,1894-06-01,deceased
36020,49415,49797,1872-01-01,1905-06-01,deceased
36021,52439,53992,1874-01-01,1896-06-01,deceased
36022,52115,49483,1874-01-01,1897-06-01,deceased
36023,51326,53993,1876-01-01,1899-06-01,deceased
36024,53118,53994,1877-01-01,1914-06-01,deceased
36025,53346,53995,1873-01-01,1912-06-01,deceased
36026,49752,53996,1875-01-01,1898-06-01,deceased
36027,49382,53997,1876-01-01,1908-06-01,deceased
36028,49551,52980,1874-01-01,1927-06-01,deceased
36029,50122,53998,1872-01-01,1904-06-01,deceased
36030,49550,52936,1877-01-01,1909-06-01,deceased
36031,50307,53999,1872-01-01,1894-06-01,deceased
36032,51582,54000,1871-01-01,1892-06-01,deceased
36033,53562,52238,1873-01-01,1918-06-01,deceased
36034,51924,54001,1875-01-01,1923-06-01,deceased
36035,53484,54002,1875-01-01,1915-06-01,deceased
36036,53212,54003,1875-01-01,1907-06-01,deceased
36037,49481,54004,1875-01-01,1893-06-01,deceased
36038,50773,54005,1874-01-01,1912-06-01,deceased
36039,50107,54006,1871-01-01,1898-06-01,deceased
36040,50967,54007,1875-01-01,1911-06-01,deceased
36041,51180,54008,1873-01-01,1898-06-01,deceased
36042,53575,54009,1871-01-01,1919-06-01,deceased
36043,50695,54010,1873-01-01,1908-06-01,deceased
36044,53026,54011,1875-01-01,1898-06-01,deceased
36045,50340,54013,1873-01-01,1904-06-01,deceased
36046,50659,54014,1877-01-01,1919-06-01,deceased
36047,51584,54015,1874-01-01,1909-06-01,deceased
36048,53073,54016,1877-01-01,1910-06-01,deceased
36049,52986,54017,1873-01-01,1896-06-01,deceased
36050,50139,49568,1871-01-01,1919-06-01,deceased
36051,52401,54018,1876-01-01,1902-06-01,deceased
36052,51489,54019,1874-01-01,1910-06-01,deceased
36053,50890,54020,1871-01-01,1900-06-01,deceased
36054,52547,54021,1871-01-01,1908-06-01,deceased
36055,51889,54022,1875-01-01,1920-06-01,deceased
36056,50679,54023,1875-01-01,1925-06-01,deceased
36057,53047,54024,1872-01-01,1909-06-01,deceased
36058,53141,54025,1874-01-01,1905-06-01,deceased
36059,50414,54027,1873-01-01,1908-06-01,deceased
36060,53395,54029,1873-01-01,1913-06-01,deceased
36061,50304,54030,1874-01-01,1923-06-01,deceased
36062,52758,54031,1874-01-01,1897-06-01,deceased
36063,52422,54032,1872-01-01,1919-06-01,deceased
36064,51984,52807,1875-01-01,1909-06-01,deceased
36065,49404,54033,1875-01-01,1898-06-01,deceased
36066,50520,54034,1871-01-01,1900-06-01,deceased
36067,52843,54035,1872-01-01,1927-06-01,deceased
36068,50269,53634,1876-01-01,1913-06-01,deceased
36069,51849,54036,1876-01-01,1894-06-01,deceased
36070,51892,54037,1872-01-01,1891-06-01,deceased
36071,49924,54039,1875-01-01,1900-06-01,deceased
36072,49855,54041,1875-01-01,1905-06-01,deceased
36073,53405,54042,1877-01-01,1930-06-01,deceased
36074,53609,52051,1876-01-01,1901-06-01,deceased
36075,50384,54043,1876-01-01,1903-06-01,deceased
36076,53437,54044,1877-01-01,1909-06-01,deceased
36077,50983,54045,1875-01-01,1898-06-01,deceased
36078,51653,54046,1874-01-01,1899-06-01,deceased
36079,51902,54047,1872-01-01,1912-06-01,deceased
36080,50079,53687,1873-01-01,1901-06-01,deceased
36081,53131,54049,1871-01-01,1910-06-01,deceased
36082,51330,54050,1872-01-01,1892-06-01,deceased
36083,50486,54051,1875-01-01,1913-06-01,deceased
36084,49427,54053,1876-01-01,1896-06-01,deceased
36085,52030,54054,1877-01-01,1908-06-01,deceased
36086,50571,54055,1874-01-01,1898-06-01,deceased
36087,51596,54056,1876-01-01,1940-06-01,deceased
36088,49828,54057,1875-01-01,1923-06-01,deceased
36089,53845,54058,1876-01-01,1896-06-01,deceased
36090,52163,54059,1877-01-01,1922-06-01,deceased
36091,53636,54060,1872-01-01,1921-06-01,deceased
36092,51824,53699,1871-01-01,1914-06-01,deceased
36093,51352,54061,1872-01-01,1891-06-01,deceased
36094,50123,54062,1877-01-01,1901-06-01,deceased
36095,53187,54063,1877-01-01,1903-06-01,deceased
36096,52801,54065,1872-01-01,1902-06-01,deceased
36097,52476,54066,1876-01-01,1917-06-01,deceased
36098,50917,54067,1873-01-01,1916-06-01,deceased
36099,51191,54068,1873-01-01,1892-06-01,deceased
36100,53053,54069,1872-01-01,1906-06-01,deceased
36101,50501,54070,1877-01-01,1896-06-01,deceased
36102,52735,54071,1875-01-01,1936-06-01,deceased
36103,52730,50441,1877-01-01,1904-06-01,deceased
36104,49482,54072,1877-01-01,1922-06-01,deceased
36105,51688,49958,1871-01-01,1902-06-01,deceased
36106,51494,54073,1872-01-01,1891-06-01,deceased
36107,50029,54075,1872-01-01,1911-06-01,deceased
36108,52572,54076,1876-01-01,1920-06-01,deceased
36109,51270,54078,1877-01-01,1895-06-01,deceased
36110,50570,54079,1877-01-01,1906-06-01,deceased
36111,52497,54080,1873-01-01,1922-06-01,deceased
36112,51254,54081,1871-01-01,1896-06-01,deceased
36113,52363,52467,1873-01-01,1920-06-01,deceased
36114,52321,54083,1872-01-01,1898-06-01,deceased
36115,50853,54084,1874-01-01,1916-06-01,deceased
36116,52487,50580,1874-01-01,1914-06-01,deceased
36117,50704,52041,1876-01-01,1899-06-01,deceased
36118,51143,50528,1876-01-01,1908-06-01,deceased
36119,52681,54086,1874-01-01,1899-06-01,deceased
36120,49606,54088,1874-01-01,1913-06-01,deceased
36121,53578,54089,1877-01-01,1895-06-01,deceased
36122,51678,54090,1876-01-01,1905-06-01,deceased
36123,50952,54091,1875-01-01,1890-06-01,deceased
36124,49435,54093,1873-01-01,1905-06-01,deceased
36125,49477,54094,1872-01-01,1921-06-01,deceased
36126,51623,54095,1871-01-01,1911-06-01,deceased
36127,52961,54096,1877-01-01,1925-06-01,deceased
36128,50835,52808,1876-01-01,1922-06-01,deceased
36129,52471,54097,1875-01-01,1923-06-01,deceased
36130,51216,54099,1877-01-01,1926-06-01,deceased
36131,51632,54100,1874-01-01,1918-06-01,deceased
36132,50934,54101,1872-01-01,1894-06-01,deceased
36133,51756,54102,1874-01-01,1904-06-01,deceased
36134,50682,49818,1876-01-01,1903-06-01,deceased
36135,53239,54103,1874-01-01,1892-06-01,deceased
36136,53897,54105,1871-01-01,1899-06-01,deceased
36137,52847,54106,1873-01-01,1902-06-01,deceased
36138,53569,54107,1876-01-01,1904-06-01,deceased
36139,52844,54108,1877-01-01,1901-06-01,deceased
36140,49615,54109,1875-01-01,1899-06-01,deceased
36141,51223,54110,1875-01-01,1921-06-01,deceased
36142,52156,51331,1871-01-01,1904-06-01,deceased
36143,50437,52065,1872-01-01,1921-06-01,deceased
36144,50606,54112,1877-01-01,1900-06-01,deceased
36145,52427,54113,1875-01-01,1903-06-01,deceased
36146,52040,54114,1873-01-01,1899-06-01,deceased
36147,52341,54115,1873-01-01,1903-06-01,deceased
36148,51391,51719,1872-01-01,1910-06-01,deceased
36149,50593,54116,1877-01-01,1897-06-01,deceased
36150,53246,54117,1871-01-01,1914-06-01,deceased
36151,52176,54118,1877-01-01,1900-06-01,deceased
36152,50937,54119,1876-01-01,1918-06-01,deceased
36153,51923,50328,1873-01-01,1897-06-01,deceased
36154,50710,51994,1873-01-01,1901-06-01,deceased
36155,51577,51135,1874-01-01,1924-06-01,deceased
36156,50473,54120,1874-01-01,1915-06-01,deceased
36157,52659,54121,1875-01-01,1898-06-01,deceased
36158,52929,51759,1875-01-01,1897-06-01,deceased
36159,49976,50739,1872-01-01,1891-06-01,deceased
36160,50762,54122,1871-01-01,1906-06-01,deceased
36161,49884,54123,1875-01-01,1903-06-01,deceased
36162,49376,49526,1875-01-01,1906-06-01,deceased
36163,53479,54124,1873-01-01,1889-06-01,deceased
36164,53432,54125,1872-01-01,1892-06-01,deceased
36165,51797,54126,1873-01-01,1902-06-01,deceased
36166,52242,54127,1876-01-01,1904-06-01,deceased
36167,49630,54128,1874-01-01,1911-06-01,deceased
36168,51908,54129,1873-01-01,1896-06-01,deceased
36169,52524,50823,1872-01-01,1928-06-01,deceased
36170,50455,54130,1875-01-01,1898-06-01,deceased
36171,50271,54131,1877-01-01,1918-06-01,deceased
36172,49495,54132,1874-01-01,1892-06-01,deceased
36173,49822,52335,1872-01-01,1924-06-01,deceased
36174,53723,54134,1873-01-01,1908-06-01,deceased
36175,52521,54135,1871-01-01,1903-06-01,deceased
36176,53542,54136,1877-01-01,1934-06-01,deceased
36177,50714,54137,1877-01-01,1901-06-01,deceased
36178,52791,53866,1877-01-01,1912-06-01,deceased
36179,49743,54138,1871-01-01,1887-06-01,deceased
36180,51366,54139,1877-01-01,1914-06-01,deceased
36181,49657,52710,1877-01-01,1922-06-01,deceased
36182,50758,54140,1875-01-01,1900-06-01,deceased
36183,53847,51482,1871-01-01,1904-06-01,deceased
36184,50179,54141,1875-01-01,1903-06-01,deceased
36185,49592,54142,1875-01-01,1936-06-01,deceased
36186,52838,54143,1874-01-01,1902-06-01,deceased
36187,50386,50923,1877-01-01,1907-06-01,deceased
36188,51487,54144,1872-01-01,1891-06-01,deceased
36189,51263,54145,1874-01-01,1916-06-01,deceased
36190,50322,54146,1873-01-01,1931-06-01,deceased
36191,52197,54147,1872-01-01,1928-06-01,deceased
36192,51107,54148,1875-01-01,1918-06-01,deceased
36193,53844,54149,1877-01-01,1910-06-01,deceased
36194,52870,54151,1872-01-01,1901-06-01,deceased
36195,51735,54152,1877-01-01,1905-06-01,deceased
36196,52927,54153,1876-01-01,1918-06-01,deceased
36197,52431,54154,1875-01-01,1909-06-01,deceased
36198,52368,54155,1872-01-01,1904-06-01,deceased
36199,53143,54156,1877-01-01,1893-06-01,deceased
36200,52417,54158,1871-01-01,1888-06-01,deceased
36201,52621,54159,1872-01-01,1910-06-01,deceased
36202,53107,54161,1877-01-01,1912-06-01,deceased
36203,50908,54162,1873-01-01,1911-06-01,deceased
36204,51042,54163,1877-01-01,1897-06-01,deceased
36205,50912,54165,1872-01-01,1900-06-01,deceased
36206,50095,54166,1871-01-01,1894-06-01,deceased
36207,52317,54167,1875-01-01,1897-06-01,deceased
36208,50649,54168,1872-01-01,1905-06-01,deceased
36209,49670,54169,1871-01-01,1923-06-01,deceased
36210,53476,54170,1874-01-01,1919-06-01,deceased
36211,51979,49687,1872-01-01,1916-06-01,deceased
36212,51681,54171,1873-01-01,1902-06-01,deceased
36213,49832,54172,1872-01-01,1895-06-01,deceased
36214,52338,53698,1873-01-01,1894-06-01,deceased
36215,53194,54173,1873-01-01,1924-06-01,deceased
36216,49412,54174,1877-01-01,1895-06-01,deceased
36217,49762,54175,1872-01-01,1927-06-01,deceased
36218,51748,54176,1872-01-01,1927-06-01,deceased
36219,52990,54177,1874-01-01,1916-06-01,deceased
36220,53706,54178,1876-01-01,1898-06-01,deceased
36221,53890,54179,1876-01-01,1899-06-01,deceased
36222,50711,54180,1876-01-01,1934-06-01,deceased
36223,53757,54181,1872-01-01,1912-06-01,deceased
36224,51909,51850,1874-01-01,1909-06-01,deceased
36225,50538,54182,1871-01-01,1888-06-01,deceased
36226,50858,49516,1872-01-01,1902-06-01,deceased
36227,51532,54183,1877-01-01,1915-06-01,deceased
36228,52017,54184,1871-01-01,1919-06-01,deceased
36229,51030,54185,1877-01-01,1907-06-01,deceased
36230,51009,53154,1875-01-01,1905-06-01,deceased
36231,51145,54186,1871-01-01,1925-06-01,deceased
36232,49440,54187,1875-01-01,1896-06-01,deceased
36233,50892,54188,1872-01-01,1935-06-01,deceased
36234,50979,54189,1873-01-01,1907-06-01,deceased
36235,49927,54190,1872-01-01,1901-06-01,deceased
36236,51530,54191,1876-01-01,1932-06-01,deceased
36237,51660,54192,1871-01-01,1929-06-01,deceased
36238,51049,54193,1874-01-01,1922-06-01,deceased
36239,53162,54194,1873-01-01,1897-06-01,deceased
36240,51444,54195,1873-01-01,1902-06-01,deceased
36241,49869,54196,1874-01-01,1896-06-01,deceased
36242,50754,54198,1875-01-01,1896-06-01,deceased
36243,51851,54199,1872-01-01,1904-06-01,deceased
36244,50033,54200,1874-01-01,1894-06-01,deceased
36245,51248,54201,1871-01-01,1890-06-01,deceased
36246,53083,52157,1872-01-01,1919-06-01,deceased
36247,51408,54202,1871-01-01,1917-06-01,deceased
36248,51591,54203,1877-01-01,1901-06-01,deceased
36249,52823,54204,1876-01-01,1918-06-01,deceased
36250,50857,54205,1876-01-01,1915-06-01,deceased
36251,53679,54206,1875-01-01,1914-06-01,deceased
36252,52647,54207,1874-01-01,1907-06-01,deceased
36253,51944,54208,1875-01-01,1922-06-01,deceased
36254,53754,54209,1872-01-01,1912-06-01,deceased
36255,51147,54210,1877-01-01,1920-06-01,deceased
36256,53343,54211,1877-01-01,1899-06-01,deceased
36257,53356,54212,1873-01-01,1921-06-01,deceased
36258,50110,54213,1873-01-01,1899-06-01,deceased
36259,50343,54214,1876-01-01,1896-06-01,deceased
36260,53464,54215,1874-01-01,1904-06-01,deceased
36261,50289,54216,1872-01-01,1897-06-01,deceased
36262,50743,54217,1872-01-01,1899-06-01,deceased
36263,49996,54218,1875-01-01,1899-06-01,deceased
36264,53059,49345,1876-01-01,1919-06-01,deceased
36265,51836,54221,1873-01-01,1905-06-01,deceased
36266,49796,54222,1871-01-01,1908-06-01,deceased
36267,49611,54223,1871-01-01,1919-06-01,deceased
36268,50550,54224,1877-01-01,1930-06-01,deceased
36269,49545,54225,1871-01-01,1898-06-01,deceased
36270,50831,54226,1875-01-01,1926-06-01,deceased
36271,50371,54227,1873-01-01,1895-06-01,deceased
36272,53579,54228,1873-01-01,1913-06-01,deceased
36273,49938,54229,1873-01-01,1923-06-01,deceased
36274,51402,54230,1876-01-01,1900-06-01,deceased
36275,51663,54231,1872-01-01,1899-06-01,deceased
36276,53733,54232,1874-01-01,1896-06-01,deceased
36277,49476,54233,1874-01-01,1934-06-01,deceased
36278,52945,54234,1873-01-01,1897-06-01,deceased
36279,53781,54235,1874-01-01,1904-06-01,deceased
36280,50199,53466,1875-01-01,1912-06-01,deceased
36281,51087,54236,1877-01-01,1907-06-01,deceased
36282,53081,54237,1872-01-01,1892-06-01,deceased
36283,53358,54238,1877-01-01,1938-06-01,deceased
36284,52297,50595,1873-01-01,1929-06-01,deceased
36285,50476,54240,1871-01-01,1890-06-01,deceased
36286,52920,54241,1872-01-01,1894-06-01,deceased
36287,52180,54242,1875-01-01,1915-06-01,deceased
36288,53276,54243,1875-01-01,1896-06-01,deceased
36289,49581,51044,1875-01-01,1935-06-01,deceased
36290,51221,54245,1873-01-01,1897-06-01,deceased
36291,49386,53467,1876-01-01,1889-06-01,deceased
36292,49518,54246,1877-01-01,1902-06-01,deceased
36293,49902,54247,1874-01-01,1913-06-01,deceased
36294,49575,54248,1872-01-01,1921-06-01,deceased
36295,53344,54249,1873-01-01,1894-06-01,deceased
36296,49740,54250,1875-01-01,1911-06-01,deceased
36297,53226,54251,1876-01-01,1924-06-01,deceased
36298,51318,54252,1877-01-01,1907-06-01,deceased
36299,50294,54253,1871-01-01,1909-06-01,deceased
36300,49595,54254,1873-01-01,1913-06-01,deceased
36301,51126,54255,1877-01-01,1906-06-01,deceased
36302,52976,54256,1872-01-01,1898-06-01,deceased
36303,52058,52061,1877-01-01,1895-06-01,deceased
36304,49847,54257,1872-01-01,1907-06-01,deceased
36305,50463,54258,1871-01-01,1896-06-01,deceased
36306,50277,51184,1871-01-01,1932-06-01,deceased
36307,51543,54259,1875-01-01,1923-06-01,deceased
36308,51110,54260,1873-01-01,1939-06-01,deceased
36309,52096,54261,1875-01-01,1902-06-01,deceased
36310,53789,54262,1877-01-01,1917-06-01,deceased
36311,50891,54263,1877-01-01,1901-06-01,deceased
36312,49327,54264,1874-01-01,1893-06-01,deceased
36313,52154,54265,1875-01-01,1896-06-01,deceased
36314,52032,54266,1876-01-01,1895-06-01,deceased
36315,52495,54267,1876-01-01,1910-06-01,deceased
36316,52091,54268,1874-01-01,1895-06-01,deceased
36317,51525,54269,1877-01-01,1895-06-01,deceased
36318,52108,54270,1872-01-01,1892-06-01,deceased
36319,53543,54271,1877-01-01,1931-06-01,deceased
36320,50673,54272,1871-01-01,1895-06-01,deceased
36321,50006,54273,1873-01-01,1908-06-01,deceased
36322,50313,54274,1875-01-01,1908-06-01,deceased
36323,52694,54278,1871-01-01,1906-06-01,deceased
36324,52303,54279,1877-01-01,1904-06-01,deceased
36325,52244,54280,1875-01-01,1897-06-01,deceased
36326,52740,54281,1876-01-01,1911-06-01,deceased
36327,51916,54282,1875-01-01,1912-06-01,deceased
36328,51383,54283,1877-01-01,1897-06-01,deceased
36329,50193,54284,1873-01-01,1903-06-01,deceased
36330,50557,54285,1876-01-01,1932-06-01,deceased
36331,50325,54286,1871-01-01,1907-06-01,deceased
36332,53587,51644,1872-01-01,1917-06-01,deceased
36333,50919,54288,1876-01-01,1912-06-01,deceased
36334,51142,54289,1871-01-01,1890-06-01,deceased
36335,50692,54291,1873-01-01,1891-06-01,deceased
36336,51698,54292,1874-01-01,1898-06-01,deceased
36337,53565,54294,1876-01-01,1925-06-01,deceased
36338,51086,54295,1872-01-01,1910-06-01,deceased
36339,51661,54296,1877-01-01,1922-06-01,deceased
36340,50396,54297,1877-01-01,1915-06-01,deceased
36341,50697,54298,1873-01-01,1910-06-01,deceased
36342,50349,54299,1875-01-01,1915-06-01,deceased
36343,49766,54300,1874-01-01,1932-06-01,deceased
36344,52068,54301,1874-01-01,1906-06-01,deceased
36345,51152,54302,1873-01-01,1940-06-01,deceased
36346,53885,54303,1876-01-01,1890-06-01,deceased
36347,49842,54304,1872-01-01,1923-06-01,deceased
36348,51102,54306,1871-01-01,1919-06-01,deceased
36349,51901,54307,1877-01-01,1900-06-01,deceased
36350,52784,54308,1877-01-01,1903-06-01,deceased
36351,49602,54309,1872-01-01,1893-06-01,deceased
36352,53436,54310,1872-01-01,1917-06-01,deceased
36353,52259,54312,1874-01-01,1932-06-01,deceased
36354,50389,54314,1873-01-01,1910-06-01,deceased
36355,49989,54315,1876-01-01,1931-06-01,deceased
36356,53726,54316,1876-01-01,1915-06-01,deceased
36357,51164,54317,1875-01-01,1900-06-01,deceased
36358,53387,54318,1876-01-01,1895-06-01,deceased
36359,53497,54319,1876-01-01,1916-06-01,deceased
36360,51169,54320,1875-01-01,1937-06-01,deceased
36361,51968,54321,1874-01-01,1902-06-01,deceased
36362,49982,54322,1872-01-01,1889-06-01,deceased
36363,50671,50438,1872-01-01,1910-06-01,deceased
36364,50598,54323,1872-01-01,1909-06-01,deceased
36365,51642,54324,1877-01-01,1908-06-01,deceased
36366,49502,54325,1877-01-01,1923-06-01,deceased
36367,51075,54326,1873-01-01,1925-06-01,deceased
36368,49692,50282,1877-01-01,1901-06-01,deceased
36369,51679,54327,1877-01-01,1900-06-01,deceased
36370,52021,54328,1876-01-01,1894-06-01,deceased
36371,53748,53193,1873-01-01,1929-06-01,deceased
36372,51312,51718,1871-01-01,1907-06-01,deceased
36373,53406,54330,1877-01-01,1908-06-01,deceased
36374,52590,54331,1872-01-01,1894-06-01,deceased
36375,53747,54332,1873-01-01,1901-06-01,deceased
36376,50425,54333,1874-01-01,1926-06-01,deceased
36377,52283,54334,1874-01-01,1899-06-01,deceased
36378,50964,50203,1874-01-01,1901-06-01,deceased
36379,49858,54335,1875-01-01,1896-06-01,deceased
36380,51746,54336,1873-01-01,1909-06-01,deceased
36381,52260,54337,1873-01-01,1907-06-01,deceased
36382,53499,54338,1874-01-01,1893-06-01,deceased
36383,50086,54339,1875-01-01,1925-06-01,deceased
36384,50772,54341,1876-01-01,1917-06-01,deceased
36385,51870,54342,1876-01-01,1914-06-01,deceased
36386,53264,54343,1872-01-01,1905-06-01,deceased
36387,51017,54344,1874-01-01,1904-06-01,deceased
36388,50966,54345,1873-01-01,1906-06-01,deceased
36389,52337,54346,1872-01-01,1894-06-01,deceased
36390,52836,54347,1872-01-01,1913-06-01,deceased
36391,52914,54348,1872-01-01,1939-06-01,deceased
36392,52959,54349,1873-01-01,1903-06-01,deceased
36393,49716,54350,1872-01-01,1887-06-01,deceased
36394,51999,54351,1876-01-01,1914-06-01,deceased
36395,53778,54352,1875-01-01,1910-06-01,deceased
36396,52327,54353,1872-01-01,1893-06-01,deceased
36397,51729,50534,1877-01-01,1918-06-01,deceased
36398,52511,54355,1875-01-01,1911-06-01,deceased
36399,51201,54356,1876-01-01,1896-06-01,deceased
36400,50232,54358,1871-01-01,1903-06-01,deceased
36401,50618,53585,1872-01-01,1935-06-01,deceased
36402,51828,54359,1876-01-01,1912-06-01,deceased
36403,51388,50007,1873-01-01,1912-06-01,deceased
36404,52527,54360,1871-01-01,1893-06-01,deceased
36405,51744,54361,1872-01-01,1898-06-01,deceased
36406,53426,54362,1872-01-01,1925-06-01,deceased
36407,49338,54363,1877-01-01,1902-06-01,deceased
36408,53184,54364,1871-01-01,1925-06-01,deceased
36409,50830,54365,1877-01-01,1912-06-01,deceased
36410,50708,54366,1872-01-01,1931-06-01,deceased
36411,49321,54367,1871-01-01,1909-06-01,deceased
36412,51559,54368,1873-01-01,1916-06-01,deceased
36413,51507,54369,1876-01-01,1908-06-01,deceased
36414,53321,54370,1872-01-01,1903-06-01,deceased
36415,51322,54371,1876-01-01,1918-06-01,deceased
36416,51844,54372,1872-01-01,1911-06-01,deceased
36417,53384,54373,1877-01-01,1924-06-01,deceased
36418,50988,54374,1876-01-01,1920-06-01,deceased
36419,50016,54375,1874-01-01,1907-06-01,deceased
36420,53098,54376,1872-01-01,1901-06-01,deceased
36421,51452,54377,1874-01-01,1900-06-01,deceased
36422,53414,54378,1873-01-01,1899-06-01,deceased
36423,51069,54379,1871-01-01,1892-06-01,deceased
36424,51566,51727,1875-01-01,1938-06-01,deceased
36425,53402,54380,1871-01-01,1895-06-01,deceased
36426,50245,54381,1876-01-01,1915-06-01,deceased
36427,53857,54382,1875-01-01,1897-06-01,deceased
36428,49918,54383,1873-01-01,1920-06-01,deceased
36429,52402,54384,1876-01-01,1911-06-01,deceased
36430,53925,54385,1877-01-01,1902-06-01,deceased
36431,52610,54386,1877-01-01,1897-06-01,deceased
36432,52518,54387,1877-01-01,1926-06-01,deceased
36433,51023,54388,1872-01-01,1929-06-01,deceased
36434,52734,54389,1872-01-01,1899-06-01,deceased
36435,50148,54390,1875-01-01,1932-06-01,deceased
36436,51072,54391,1873-01-01,1897-06-01,deceased
36437,50587,54392,1875-01-01,1913-06-01,deceased
36438,49659,54393,1877-01-01,1899-06-01,deceased
36439,49326,54394,1871-01-01,1895-06-01,deceased
36440,49848,54395,1872-01-01,1903-06-01,deceased
36441,53548,54396,1872-01-01,1924-06-01,deceased
36442,51803,54397,1874-01-01,1928-06-01,deceased
36443,50329,54398,1875-01-01,1905-06-01,deceased
36444,50600,54399,1872-01-01,1933-06-01,deceased
36445,51436,54400,1872-01-01,1898-06-01,deceased
36446,50492,54401,1871-01-01,1906-06-01,deceased
36447,53541,54402,1875-01-01,1904-06-01,deceased
36448,50142,54403,1874-01-01,1914-06-01,deceased
36449,49542,54404,1871-01-01,1916-06-01,deceased
36450,51140,54405,1877-01-01,1896-06-01,deceased
36451,51394,50453,1876-01-01,1911-06-01,deceased
36452,52418,54406,1877-01-01,1915-06-01,deceased
36453,50959,52395,1876-01-01,1908-06-01,deceased
36454,52968,54408,1876-01-01,1920-06-01,deceased
36455,53045,54409,1871-01-01,1886-06-01,deceased
36456,50255,54410,1877-01-01,1900-06-01,deceased
36457,51377,54411,1872-01-01,1890-06-01,deceased
36458,50970,54412,1875-01-01,,active
36459,49928,54413,1872-01-01,1891-06-01,deceased
36460,53127,54414,1874-01-01,1915-06-01,deceased
36461,53115,54415,1872-01-01,1912-06-01,deceased
36462,51136,54416,1871-01-01,1888-06-01,deceased
36463,51428,54417,1877-01-01,1939-06-01,deceased
36464,50846,54418,1871-01-01,1931-06-01,deceased
36465,53092,54419,1876-01-01,1899-06-01,deceased
36466,52472,54420,1875-01-01,1912-06-01,deceased
36467,49509,53700,1875-01-01,1916-06-01,deceased
36468,51872,54421,1876-01-01,1902-06-01,deceased
36469,49541,54422,1871-01-01,1887-06-01,deceased
36470,49899,54423,1875-01-01,1900-06-01,deceased
36471,52772,52554,1873-01-01,1909-06-01,deceased
36472,49961,54424,1874-01-01,1898-06-01,deceased
36473,52232,54425,1876-01-01,1931-06-01,deceased
36474,53617,54426,1875-01-01,1929-06-01,deceased
36475,50362,54427,1871-01-01,1887-06-01,deceased
36476,50527,54428,1877-01-01,1934-06-01,deceased
36477,53473,54429,1876-01-01,1917-06-01,deceased
36478,50906,54430,1871-01-01,1899-06-01,deceased
36479,52866,54431,1877-01-01,1905-06-01,deceased
36480,50263,54432,1871-01-01,1905-06-01,deceased
36481,52607,54434,1877-01-01,1909-06-01,deceased
36482,50398,54435,1871-01-01,1892-06-01,deceased
36483,52575,54436,1877-01-01,1935-06-01,deceased
36484,49799,53749,1873-01-01,1939-06-01,deceased
36485,49519,51273,1877-01-01,1896-06-01,deceased
36486,51609,54439,1874-01-01,1932-06-01,deceased
36487,53802,54440,1874-01-01,1896-06-01,deceased
36488,51368,54441,1876-01-01,1923-06-01,deceased
36489,51177,54442,1872-01-01,1906-06-01,deceased
36490,50985,54443,1871-01-01,1899-06-01,deceased
36491,51468,54444,1876-01-01,1904-06-01,deceased
36492,53079,54446,1874-01-01,1907-06-01,deceased
36493,52028,54447,1871-01-01,1901-06-01,deceased
36494,52612,54448,1876-01-01,1930-06-01,deceased
36495,49677,52458,1875-01-01,1901-06-01,deceased
36496,53908,54449,1875-01-01,1929-06-01,deceased
36497,51624,54450,1873-01-01,1939-06-01,deceased
36498,52650,54452,1872-01-01,1894-06-01,deceased
36499,49328,54453,1874-01-01,1906-06-01,deceased
36500,53468,54455,1877-01-01,1897-06-01,deceased
36501,52905,54456,1874-01-01,1899-06-01,deceased
36502,49874,53488,1875-01-01,1933-06-01,deceased
36503,53392,49523,1871-01-01,1895-06-01,deceased
36504,51549,54458,1873-01-01,1911-06-01,deceased
36505,51231,54459,1877-01-01,1912-06-01,deceased
36506,53824,54460,1875-01-01,1918-06-01,deceased
36507,52218,54461,1875-01-01,1906-06-01,deceased
36508,53604,54463,1872-01-01,1907-06-01,deceased
36509,51103,54465,1871-01-01,1889-06-01,deceased
36510,51022,54466,1875-01-01,1896-06-01,deceased
36511,51875,54467,1871-01-01,1928-06-01,deceased
36512,53795,54469,1874-01-01,1913-06-01,deceased
36513,52567,51854,1871-01-01,1892-06-01,deceased
36514,49792,54470,1872-01-01,1923-06-01,deceased
36515,52564,54471,1874-01-01,1932-06-01,deceased
36516,52087,54472,1871-01-01,1918-06-01,deceased
36517,51778,54473,1874-01-01,1895-06-01,deceased
36518,52347,54474,1876-01-01,1919-06-01,deceased
36519,51182,54475,1872-01-01,1908-06-01,deceased
36520,51064,54476,1875-01-01,1916-06-01,deceased
36521,53258,54477,1871-01-01,1914-06-01,deceased
36522,49577,52856,1872-01-01,1912-06-01,deceased
36523,52451,54478,1875-01-01,1935-06-01,deceased
36524,51555,54480,1876-01-01,1937-06-01,deceased
36525,53907,54481,1874-01-01,1917-06-01,deceased
36526,53470,54482,1873-01-01,1907-06-01,deceased
36527,51666,51736,1877-01-01,1902-06-01,deceased
36528,51115,54483,1871-01-01,1917-06-01,deceased
36529,53530,54485,1873-01-01,1927-06-01,deceased
36530,53815,49441,1873-01-01,1910-06-01,deceased
36531,49423,54486,1873-01-01,1900-06-01,deceased
36532,50218,54487,1877-01-01,1909-06-01,deceased
36533,53856,54489,1871-01-01,1889-06-01,deceased
36534,49761,54490,1874-01-01,1910-06-01,deceased
36535,51378,54491,1871-01-01,1924-06-01,deceased
36536,53244,54492,1871-01-01,1894-06-01,deceased
36537,53320,54493,1871-01-01,1931-06-01,deceased
36538,53307,54494,1873-01-01,1920-06-01,deceased
36539,50851,54495,1873-01-01,1907-06-01,deceased
36540,53513,54496,1871-01-01,1893-06-01,deceased
36541,51500,54497,1873-01-01,1912-06-01,deceased
36542,53377,54498,1872-01-01,1894-06-01,deceased
36543,53459,52863,1872-01-01,1920-06-01,deceased
36544,49655,53915,1874-01-01,1906-06-01,deceased
36545,52207,51202,1874-01-01,1899-06-01,deceased
36546,51005,54501,1875-01-01,1895-06-01,deceased
36547,52100,51225,1873-01-01,1913-06-01,deceased
36548,51639,54504,1872-01-01,1901-06-01,deceased
36549,52173,54505,1876-01-01,1901-06-01,deceased
36550,51888,54506,1874-01-01,1919-06-01,deceased
36551,51563,54507,1873-01-01,1938-06-01,deceased
36552,53168,54508,1871-01-01,1904-06-01,deceased
36553,53152,54509,1871-01-01,1892-06-01,deceased
36554,52282,52407,1874-01-01,1891-06-01,deceased
36555,51895,54511,1872-01-01,1914-06-01,deceased
36556,51580,54512,1873-01-01,1901-06-01,deceased
36557,49889,54513,1876-01-01,1894-06-01,deceased
36558,51631,54514,1877-01-01,1922-06-01,deceased
36559,50645,54515,1875-01-01,1912-06-01,deceased
36560,51627,54516,1876-01-01,1901-06-01,deceased
36561,53224,54517,1875-01-01,1918-06-01,deceased
36562,49372,54518,1871-01-01,1929-06-01,deceased
36563,53526,54519,1877-01-01,1928-06-01,deceased
36564,52557,54520,1877-01-01,1910-06-01,deceased
36565,51691,54521,1874-01-01,1896-06-01,deceased
36566,49645,54522,1876-01-01,1924-06-01,deceased
36567,51897,54524,1873-01-01,1917-06-01,deceased
36568,51940,54525,1872-01-01,1895-06-01,deceased
36569,51558,54526,1871-01-01,1900-06-01,deceased
36570,53806,49665,1871-01-01,1913-06-01,deceased
36571,51988,53732,1874-01-01,1906-06-01,deceased
36572,52671,54527,1876-01-01,1909-06-01,deceased
36573,50407,54528,1872-01-01,1907-06-01,deceased
36574,50815,52385,1872-01-01,1890-06-01,deceased
36575,51478,50978,1877-01-01,1901-06-01,deceased
36576,51547,54529,1877-01-01,1902-06-01,deceased
36577,50730,54530,1875-01-01,1916-06-01,deceased
36578,50634,54531,1874-01-01,1899-06-01,deceased
36579,50461,54532,1873-01-01,1899-06-01,deceased
36580,50430,54533,1877-01-01,1898-06-01,deceased
36581,53913,54534,1876-01-01,1894-06-01,deceased
36582,52872,49685,1876-01-01,1935-06-01,deceased
36583,50651,54535,1872-01-01,1896-06-01,deceased
36584,53888,54536,1871-01-01,1903-06-01,deceased
36585,52437,54538,1874-01-01,1914-06-01,deceased
36586,51346,51222,1873-01-01,1907-06-01,deceased
36587,50676,54539,1874-01-01,1895-06-01,deceased
36588,53176,54540,1872-01-01,1917-06-01,deceased
36589,51091,54541,1871-01-01,1904-06-01,deceased
36590,53787,54542,1873-01-01,1902-06-01,deceased
36591,51711,54543,1877-01-01,1896-06-01,deceased
36592,52380,54544,1875-01-01,1903-06-01,deceased
36593,49710,54545,1875-01-01,1932-06-01,deceased
36594,53323,54546,1874-01-01,1913-06-01,deceased
36595,53382,54547,1872-01-01,1906-06-01,deceased
36596,52018,50788,1872-01-01,1903-06-01,deceased
36597,51920,51381,1875-01-01,1926-06-01,deceased
36598,53560,54548,1871-01-01,1905-06-01,deceased
36599,50808,54549,1871-01-01,1905-06-01,deceased
36600,53139,53623,1876-01-01,1916-06-01,deceased
36601,49906,54551,1875-01-01,1929-06-01,deceased
36602,53270,54552,1875-01-01,1900-06-01,deceased
36603,53017,54553,1875-01-01,1907-06-01,deceased
36604,50385,54554,1877-01-01,1907-06-01,deceased
36605,53062,54555,1875-01-01,1900-06-01,deceased
36606,51361,54556,1875-01-01,1918-06-01,deceased
36607,51020,54557,1875-01-01,1926-06-01,deceased
36608,51601,54558,1872-01-01,1893-06-01,deceased
36609,50626,54560,1871-01-01,1894-06-01,deceased
36610,51120,51104,1873-01-01,1898-06-01,deceased
36611,53157,54561,1876-01-01,1903-06-01,deceased
36612,53772,50624,1875-01-01,1921-06-01,deceased
36613,49951,54562,1876-01-01,1894-06-01,deceased
36614,52861,54565,1874-01-01,1916-06-01,deceased
36615,53072,52362,1872-01-01,1895-06-01,deceased
36616,51279,54566,1873-01-01,1891-06-01,deceased
36617,49682,54567,1872-01-01,1896-06-01,deceased
36618,51685,51515,1871-01-01,1921-06-01,deceased
36619,49949,54568,1874-01-01,1904-06-01,deceased
36620,52330,54569,1872-01-01,1904-06-01,deceased
36621,52264,54570,1876-01-01,1899-06-01,deceased
36622,53633,54571,1872-01-01,1912-06-01,deceased
36623,52294,54572,1874-01-01,1927-06-01,deceased
36624,52885,54573,1873-01-01,1927-06-01,deceased
36625,51285,54574,1877-01-01,1904-06-01,deceased
36626,50924,51185,1871-01-01,1915-06-01,deceased
36627,51528,54575,1871-01-01,1888-06-01,deceased
36628,53744,52963,1875-01-01,1896-06-01,deceased
36629,51038,54576,1875-01-01,1922-06-01,deceased
36630,50687,54577,1871-01-01,1906-06-01,deceased
36631,51421,54579,1874-01-01,1900-06-01,deceased
36632,49416,54580,1874-01-01,1928-06-01,deceased
36633,50818,54581,1874-01-01,1924-06-01,deceased
36634,51785,54582,1877-01-01,1903-06-01,deceased
36635,51125,54583,1873-01-01,1913-06-01,deceased
36636,51996,49974,1872-01-01,1931-06-01,deceased
36637,51003,54584,1877-01-01,1900-06-01,deceased
36638,52333,54585,1873-01-01,1905-06-01,deceased
36639,53515,54586,1876-01-01,1917-06-01,deceased
36640,52618,54587,1871-01-01,1889-06-01,deceased
36641,53020,54588,1874-01-01,1918-06-01,deceased
36642,53315,54589,1876-01-01,1914-06-01,deceased
36643,50047,54590,1874-01-01,1897-06-01,deceased
36644,53818,54591,1871-01-01,1898-06-01,deceased
36645,49940,54592,1872-01-01,1904-06-01,deceased
36646,50888,54593,1877-01-01,1899-06-01,deceased
36647,52354,54594,1875-01-01,1899-06-01,deceased
36648,51808,54595,1873-01-01,1901-06-01,deceased
36649,50861,54596,1873-01-01,1915-06-01,deceased
36650,52502,54598,1874-01-01,1897-06-01,deceased
36651,50092,54599,1871-01-01,1914-06-01,deceased
36652,49356,54600,1874-01-01,1891-06-01,deceased
36653,51195,54601,1874-01-01,1899-06-01,deceased
36654,49543,54602,1873-01-01,1895-06-01,deceased
36655,51955,54603,1875-01-01,1939-06-01,deceased
36656,53235,54606,1871-01-01,1903-06-01,deceased
36657,50479,51062,1875-01-01,1916-06-01,deceased
36658,49560,54608,1872-01-01,1896-06-01,deceased
36659,52225,54609,1874-01-01,1904-06-01,deceased
36660,52131,53314,1874-01-01,1911-06-01,deceased
36661,49467,50444,1875-01-01,1898-06-01,deceased
36662,49451,51737,1877-01-01,1903-06-01,deceased
36663,51274,54610,1873-01-01,1893-06-01,deceased
36664,51427,54611,1877-01-01,1906-06-01,deceased
36665,51658,54612,1875-01-01,1896-06-01,deceased
36666,53090,54613,1877-01-01,1915-06-01,deceased
36667,50044,50105,1874-01-01,1897-06-01,deceased
36668,49312,54614,1874-01-01,1907-06-01,deceased
36669,50147,54615,1876-01-01,1899-06-01,deceased
36670,49583,54616,1871-01-01,1901-06-01,deceased
36671,53412,50344,1871-01-01,1902-06-01,deceased
36672,49727,54617,1874-01-01,1893-06-01,deceased
36673,50134,54618,1874-01-01,1910-06-01,deceased
36674,52563,54619,1877-01-01,1932-06-01,deceased
36675,52561,54620,1875-01-01,1903-06-01,deceased
36676,49549,54621,1875-01-01,1919-06-01,deceased
36677,50601,54622,1877-01-01,1930-06-01,deceased
36678,53489,54623,1871-01-01,1922-06-01,deceased
36679,51162,54624,1874-01-01,1905-06-01,deceased
36680,51437,54625,1872-01-01,1916-06-01,deceased
36681,52023,54626,1876-01-01,1913-06-01,deceased
36682,50992,54627,1872-01-01,1894-06-01,deceased
36683,51206,52082,1871-01-01,1893-06-01,deceased
36684,52179,54628,1871-01-01,1897-06-01,deceased
36685,52947,54629,1876-01-01,1926-06-01,deceased
36686,52966,54630,1874-01-01,1889-06-01,deceased
36687,53445,54631,1872-01-01,1907-06-01,deceased
36688,53393,54632,1873-01-01,1914-06-01,deceased
36689,52475,54633,1877-01-01,1933-06-01,deceased
36690,50239,54634,1876-01-01,1906-06-01,deceased
36691,52722,54635,1875-01-01,1901-06-01,deceased
36692,52991,53567,1873-01-01,1927-06-01,deceased
36693,51625,54636,1875-01-01,1915-06-01,deceased
36694,49986,54637,1873-01-01,1892-06-01,deceased
36695,53472,54638,1871-01-01,1929-06-01,deceased
36696,49454,54639,1872-01-01,1927-06-01,deceased
36697,50610,53186,1876-01-01,1892-06-01,deceased
36698,53745,54640,1877-01-01,1930-06-01,deceased
36699,50000,54641,1877-01-01,1914-06-01,deceased
36700,52796,54642,1871-01-01,1902-06-01,deceased
36701,53354,54643,1872-01-01,1892-06-01,deceased
36702,50509,54644,1875-01-01,1909-06-01,deceased
36703,52736,54645,1872-01-01,1927-06-01,deceased
36704,50640,53126,1873-01-01,1907-06-01,deceased
36705,49589,54646,1873-01-01,1890-06-01,deceased
36706,52975,54647,1876-01-01,1895-06-01,deceased
36707,52535,54648,1875-01-01,1932-06-01,deceased
36708,50111,54649,1877-01-01,1896-06-01,deceased
36709,53283,54650,1877-01-01,1904-06-01,deceased
36710,50040,54652,1876-01-01,1922-06-01,deceased
36711,52149,51654,1874-01-01,1899-06-01,deceased
36712,51146,54654,1877-01-01,1918-06-01,deceased
36713,51011,52636,1875-01-01,1905-06-01,deceased
36714,52009,54655,1876-01-01,1906-06-01,deceased
36715,51230,54656,1877-01-01,1903-06-01,deceased
36716,51425,54657,1873-01-01,1903-06-01,deceased
36717,49916,54658,1874-01-01,1909-06-01,deceased
36718,49812,54659,1877-01-01,1910-06-01,deceased
36719,49960,54660,1873-01-01,1901-06-01,deceased
36720,53640,52429,1872-01-01,1907-06-01,deceased
36721,50567,54661,1875-01-01,1895-06-01,deceased
36722,51848,54662,1875-01-01,1919-06-01,deceased
36723,52803,54663,1873-01-01,1899-06-01,deceased
36724,53595,54664,1875-01-01,1894-06-01,deceased
36725,49501,54665,1871-01-01,1906-06-01,deceased
36726,52486,54666,1875-01-01,1940-06-01,deceased
36727,52831,54667,1875-01-01,1922-06-01,deceased
36728,51054,52788,1877-01-01,1920-06-01,deceased
36729,51156,54669,1875-01-01,1890-06-01,deceased
36730,52019,54670,1876-01-01,1913-06-01,deceased
36731,53645,54671,1874-01-01,1904-06-01,deceased
36732,49453,54672,1877-01-01,1915-06-01,deceased
36733,50859,54673,1872-01-01,1892-06-01,deceased
36734,50674,54674,1875-01-01,1916-06-01,deceased
36735,51791,54676,1876-01-01,1911-06-01,deceased
36736,53422,54677,1874-01-01,1899-06-01,deceased
36737,50517,54678,1876-01-01,1896-06-01,deceased
36738,51671,54679,1877-01-01,1918-06-01,deceased
36739,50049,54681,1877-01-01,1920-06-01,deceased
36740,53324,50080,1872-01-01,1894-06-01,deceased
36741,50660,54682,1876-01-01,1918-06-01,deceased
36742,50217,54683,1875-01-01,1896-06-01,deceased
36743,52541,54684,1875-01-01,1903-06-01,deceased
36744,52724,50308,1876-01-01,1920-06-01,deceased
36745,53317,54686,1871-01-01,1898-06-01,deceased
36746,49998,54687,1875-01-01,1901-06-01,deceased
36747,52042,54688,1874-01-01,1907-06-01,deceased
36748,49488,54689,1875-01-01,1895-06-01,deceased
36749,49962,53399,1876-01-01,1926-06-01,deceased
36750,53859,54690,1872-01-01,1907-06-01,deceased
36751,50776,54691,1877-01-01,1902-06-01,deceased
36752,49973,54692,1874-01-01,1914-06-01,deceased
36753,53678,54693,1876-01-01,1902-06-01,deceased
36754,53408,54694,1873-01-01,1900-06-01,deceased
36755,53590,54695,1871-01-01,1935-06-01,deceased
36756,50175,54697,1874-01-01,1901-06-01,deceased
36757,51471,54698,1876-01-01,1925-06-01,deceased
36758,52250,54699,1874-01-01,1892-06-01,deceased
36759,52393,54700,1872-01-01,1925-06-01,deceased
36760,49508,52613,1877-01-01,1935-06-01,deceased
36761,51121,54701,1871-01-01,1896-06-01,deceased
36762,52589,54702,1875-01-01,1932-06-01,deceased
36763,51239,54703,1873-01-01,1893-06-01,deceased
36764,52830,54704,1872-01-01,1897-06-01,deceased
36765,52987,50784,1875-01-01,1901-06-01,deceased
36766,49618,54705,1877-01-01,1922-06-01,deceased
36767,53332,54706,1876-01-01,1895-06-01,deceased
36768,53901,54707,1871-01-01,1902-06-01,deceased
36769,51431,54708,1876-01-01,1912-06-01,deceased
36770,51249,54709,1877-01-01,1909-06-01,deceased
36771,52614,54710,1872-01-01,1891-06-01,deceased
36772,52480,54711,1875-01-01,1925-06-01,deceased
36773,50609,54712,1876-01-01,1911-06-01,deceased
36774,50020,54713,1877-01-01,1921-06-01,deceased
36775,50720,54714,1872-01-01,1897-06-01,deceased
36776,53123,54716,1877-01-01,1908-06-01,deceased
36777,51613,54717,1874-01-01,1919-06-01,deceased
36778,49434,54719,1873-01-01,1930-06-01,deceased
36779,53220,54720,1877-01-01,1910-06-01,deceased
36780,51714,54721,1875-01-01,1895-06-01,deceased
36781,49566,54723,1873-01-01,1930-06-01,deceased
36782,52728,54724,1874-01-01,1895-06-01,deceased
36783,53180,54726,1872-01-01,1890-06-01,deceased
36784,53461,53428,1871-01-01,1895-06-01,deceased
36785,51667,54727,1873-01-01,1923-06-01,deceased
36786,51977,54728,1874-01-01,1927-06-01,deceased
36787,49383,54729,1873-01-01,1913-06-01,deceased
36788,51130,54730,1872-01-01,1902-06-01,deceased
36789,52105,54731,1874-01-01,1900-06-01,deceased
36790,50237,54732,1872-01-01,1901-06-01,deceased
36791,53516,54734,1872-01-01,1913-06-01,deceased
36792,50848,54735,1875-01-01,1926-06-01,deceased
36793,53710,54736,1874-01-01,1907-06-01,deceased
36794,53628,54738,1875-01-01,1907-06-01,deceased
36795,51332,54739,1877-01-01,1907-06-01,deceased
36796,50293,54740,1875-01-01,1905-06-01,deceased
36797,53218,54741,1871-01-01,1904-06-01,deceased
36798,49336,54742,1874-01-01,1903-06-01,deceased
36799,51058,54743,1875-01-01,1895-06-01,deceased
36800,51345,54744,1877-01-01,1905-06-01,deceased
36801,50149,54745,1877-01-01,1913-06-01,deceased
36802,50073,54746,1875-01-01,1896-06-01,deceased
36803,49588,54747,1872-01-01,1924-06-01,deceased
36804,50182,54748,1872-01-01,1918-06-01,deceased
36805,49827,54749,1876-01-01,1927-06-01,deceased
36806,53023,54750,1873-01-01,1923-06-01,deceased
36807,53361,50854,1875-01-01,1901-06-01,deceased
36808,50597,54751,1872-01-01,1910-06-01,deceased
36809,53812,54752,1876-01-01,1899-06-01,deceased
36810,52679,54753,1872-01-01,1932-06-01,deceased
36811,50880,54754,1871-01-01,1933-06-01,deceased
36812,52413,54756,1876-01-01,1921-06-01,deceased
36813,53189,54757,1877-01-01,1927-06-01,deceased
36814,49671,54758,1872-01-01,1888-06-01,deceased
36815,52095,54759,1873-01-01,1907-06-01,deceased
36816,50927,54760,1872-01-01,1902-06-01,deceased
36817,53027,54761,1875-01-01,1927-06-01,deceased
36818,52574,54762,1873-01-01,1925-06-01,deceased
36819,53607,54764,1871-01-01,1889-06-01,deceased
36820,53068,54765,1872-01-01,1903-06-01,deceased
36821,51226,54766,1877-01-01,1910-06-01,deceased
36822,53336,54767,1876-01-01,1913-06-01,deceased
36823,53797,54768,1875-01-01,1905-06-01,deceased
36824,50063,54770,1874-01-01,1908-06-01,deceased
36825,49820,54771,1874-01-01,1903-06-01,deceased
36826,53133,54772,1873-01-01,1894-06-01,deceased
36827,51458,54773,1875-01-01,1905-06-01,deceased
36828,51200,54774,1876-01-01,1895-06-01,deceased
36829,53493,54775,1877-01-01,1932-06-01,deceased
36830,53688,54776,1871-01-01,1908-06-01,deceased
36831,52848,54777,1872-01-01,1914-06-01,deceased
36832,50760,49547,1875-01-01,1914-06-01,deceased
36833,53003,54778,1875-01-01,1914-06-01,deceased
36834,49954,54779,1875-01-01,1902-06-01,deceased
36835,51128,54780,1873-01-01,1903-06-01,deceased
36836,50246,54781,1876-01-01,1933-06-01,deceased
36837,52044,54782,1875-01-01,1926-06-01,deceased
36838,50447,54783,1872-01-01,1922-06-01,deceased
36839,49507,54784,1875-01-01,1927-06-01,deceased
36840,53365,49608,1876-01-01,1900-06-01,deceased
36841,50118,53453,1875-01-01,1915-06-01,deceased
36842,51690,54785,1872-01-01,1896-06-01,deceased
36843,53008,50865,1873-01-01,1932-06-01,deceased
36844,51053,54787,1877-01-01,1938-06-01,deceased
36845,50819,54788,1876-01-01,1898-06-01,deceased
36846,52768,54789,1876-01-01,1915-06-01,deceased
36847,51861,54790,1877-01-01,1912-06-01,deceased
36848,52666,54791,1875-01-01,1895-06-01,deceased
36849,49514,54792,1871-01-01,1903-06-01,deceased
36850,50767,54793,1872-01-01,1910-06-01,deceased
36851,51447,53475,1875-01-01,1893-06-01,deceased
36852,52852,54794,1871-01-01,1904-06-01,deceased
36853,50734,54795,1877-01-01,1924-06-01,deceased
36854,50066,54797,1872-01-01,1906-06-01,deceased
36855,51449,54798,1877-01-01,1909-06-01,deceased
36856,50747,54799,1876-01-01,1930-06-01,deceased
36857,50883,54800,1876-01-01,1895-06-01,deceased
36858,50099,54801,1875-01-01,1918-06-01,deceased
36859,51193,51260,1877-01-01,1902-06-01,deceased
36860,52430,54802,1876-01-01,1890-06-01,deceased
36861,52700,52398,1873-01-01,1894-06-01,deceased
36862,53230,54803,1874-01-01,1894-06-01,deceased
36863,52979,54804,1872-01-01,1896-06-01,deceased
36864,53034,54805,1873-01-01,1901-06-01,deceased
36865,52774,54806,1875-01-01,1905-06-01,deceased
36866,53648,54807,1871-01-01,1932-06-01,deceased
36867,50323,54808,1875-01-01,1906-06-01,deceased
36868,50064,54809,1874-01-01,1924-06-01,deceased
36869,51405,54810,1874-01-01,1892-06-01,deceased
36870,50365,54811,1875-01-01,1925-06-01,deceased
36871,49773,54812,1875-01-01,1894-06-01,deceased
36872,50299,52623,1872-01-01,1925-06-01,deceased
36873,50082,54813,1872-01-01,1906-06-01,deceased
36874,50054,50559,1876-01-01,1906-06-01,deceased
36875,51450,54814,1873-01-01,1912-06-01,deceased
36876,52124,54815,1871-01-01,1912-06-01,deceased
36877,53491,53899,1871-01-01,1915-06-01,deceased
36878,49911,54816,1875-01-01,1892-06-01,deceased
36879,49776,54817,1874-01-01,1889-06-01,deceased
36880,50206,54818,1877-01-01,1912-06-01,deceased
36881,52275,51056,1872-01-01,1940-06-01,deceased
36882,51950,54819,1872-01-01,1937-06-01,deceased
36883,52539,54820,1873-01-01,1892-06-01,deceased
36884,53025,54821,1874-01-01,1904-06-01,deceased
36885,49378,54823,1875-01-01,1896-06-01,deceased
36886,52859,50222,1873-01-01,1911-06-01,deceased
36887,49823,49528,1874-01-01,1906-06-01,deceased
36888,53055,54824,1875-01-01,1910-06-01,deceased
36889,53347,54825,1877-01-01,1900-06-01,deceased
36890,50581,54826,1877-01-01,1895-06-01,deceased
36891,51938,54827,1873-01-01,1930-06-01,deceased
36892,50637,54828,1875-01-01,1890-06-01,deceased
36893,49765,54829,1872-01-01,1903-06-01,deceased
36894,52802,54830,1872-01-01,1906-06-01,deceased
36895,50225,51935,1871-01-01,1915-06-01,deceased
36896,50855,49676,1872-01-01,1907-06-01,deceased
36897,50786,54831,1873-01-01,1913-06-01,deceased
36898,51972,54832,1872-01-01,1897-06-01,deceased
36899,50152,54833,1875-01-01,1900-06-01,deceased
36900,52299,54834,1877-01-01,1903-06-01,deceased
36901,51834,54836,1875-01-01,1896-06-01,deceased
36902,51932,52054,1877-01-01,1904-06-01,deceased
36903,51693,50103,1874-01-01,1894-06-01,deceased
36904,52894,54837,1872-01-01,1915-06-01,deceased
36905,51416,54838,1876-01-01,1908-06-01,deceased
36906,53696,54839,1874-01-01,1918-06-01,deceased
36907,53256,54840,1875-01-01,1899-06-01,deceased
36908,52444,54841,1875-01-01,1893-06-01,deceased
36909,52948,54842,1871-01-01,1923-06-01,deceased
36910,50591,54843,1877-01-01,1904-06-01,deceased
36911,53206,54845,1874-01-01,1891-06-01,deceased
36912,51720,54846,1873-01-01,1894-06-01,deceased
36913,52164,54847,1872-01-01,1894-06-01,deceased
36914,49472,49862,1874-01-01,1889-06-01,deceased
36915,52258,54848,1875-01-01,1903-06-01,deceased
36916,52995,49837,1871-01-01,1895-06-01,deceased
36917,51982,54850,1876-01-01,1905-06-01,deceased
36918,50791,54851,1873-01-01,1929-06-01,deceased
36919,49346,54852,1877-01-01,1913-06-01,deceased
36920,51455,54853,1876-01-01,1898-06-01,deceased
36921,52098,54854,1877-01-01,1909-06-01,deceased
36922,53555,54855,1873-01-01,1917-06-01,deceased
36923,49784,50459,1877-01-01,1906-06-01,deceased
36924,49941,53631,1875-01-01,1924-06-01,deceased
36925,50594,54856,1875-01-01,1940-06-01,deceased
36926,51295,54858,1877-01-01,1896-06-01,deceased
36927,50569,54859,1872-01-01,1908-06-01,deceased
36928,51488,54860,1876-01-01,1917-06-01,deceased
36929,49733,54861,1875-01-01,1899-06-01,deceased
36930,51821,49706,1876-01-01,1903-06-01,deceased
36931,49562,54863,1872-01-01,1890-06-01,deceased
36932,53171,50638,1874-01-01,1898-06-01,deceased
36933,52627,54864,1876-01-01,1891-06-01,deceased
36934,53914,54865,1873-01-01,1919-06-01,deceased
36935,50633,54866,1877-01-01,1921-06-01,deceased
36936,50157,54867,1874-01-01,1919-06-01,deceased
36937,51509,54868,1873-01-01,1911-06-01,deceased
36938,50549,54869,1871-01-01,1917-06-01,deceased
36939,49355,51035,1872-01-01,1930-06-01,deceased
36940,53487,54870,1875-01-01,1905-06-01,deceased
36941,53398,54871,1876-01-01,1931-06-01,deceased
36942,53292,54872,1876-01-01,1919-06-01,deceased
36943,49421,51090,1877-01-01,1926-06-01,deceased
36944,51067,54873,1871-01-01,1889-06-01,deceased
36945,52234,54874,1871-01-01,1900-06-01,deceased
36946,51659,54875,1875-01-01,1924-06-01,deceased
36947,50686,50764,1871-01-01,1912-06-01,deceased
36948,51866,54876,1877-01-01,1939-06-01,deceased
36949,52374,54877,1876-01-01,1934-06-01,deceased
36950,50197,54878,1873-01-01,1892-06-01,deceased
36951,51179,54879,1875-01-01,1902-06-01,deceased
36952,49705,54880,1877-01-01,1899-06-01,deceased
36953,51597,52812,1877-01-01,1897-06-01,deceased
36954,49627,54881,1871-01-01,1906-06-01,deceased
36955,51974,54882,1877-01-01,1904-06-01,deceased
36956,51015,54883,1877-01-01,1930-06-01,deceased
36957,52409,54884,1872-01-01,1895-06-01,deceased
36958,49554,54885,1873-01-01,1904-06-01,deceased
36959,49856,54886,1876-01-01,1907-06-01,deceased
36960,51954,54887,1872-01-01,1915-06-01,deceased
36961,49446,54888,1871-01-01,1890-06-01,deceased
36962,52970,54889,1873-01-01,1921-06-01,deceased
36963,52043,53779,1873-01-01,1914-06-01,deceased
36964,50887,54890,1875-01-01,1905-06-01,deceased
36965,51645,54891,1873-01-01,1899-06-01,deceased
36966,51586,54892,1877-01-01,1914-06-01,deceased
36967,49417,54893,1874-01-01,1893-06-01,deceased
36968,52833,54894,1873-01-01,1898-06-01,deceased
36969,49475,54895,1875-01-01,1898-06-01,deceased
36970,50844,54896,1876-01-01,1909-06-01,deceased
36971,51167,51780,1872-01-01,1900-06-01,deceased
36972,49667,54897,1877-01-01,1930-06-01,deceased
36973,52862,54899,1872-01-01,1901-06-01,deceased
36974,51953,54901,1877-01-01,1930-06-01,deceased
36975,50547,54902,1872-01-01,1911-06-01,deceased
36976,50653,54904,1874-01-01,1904-06-01,deceased
36977,50703,54905,1877-01-01,1924-06-01,deceased
36978,53800,54906,1875-01-01,1900-06-01,deceased
36979,51434,54907,1871-01-01,1907-06-01,deceased
36980,52150,54908,1876-01-01,1933-06-01,deceased
36981,53237,54910,1875-01-01,1924-06-01,deceased
36982,51579,54911,1872-01-01,1918-06-01,deceased
36983,53148,54912,1877-01-01,1939-06-01,deceased
36984,53713,54913,1874-01-01,1900-06-01,deceased
36985,52763,54914,1875-01-01,1920-06-01,deceased
36986,53290,50230,1874-01-01,1932-06-01,deceased
36987,49491,54915,1875-01-01,1917-06-01,deceased
36988,52261,54916,1874-01-01,1899-06-01,deceased
36989,53862,54917,1876-01-01,1911-06-01,deceased
36990,52256,54918,1875-01-01,1920-06-01,deceased
36991,50341,54919,1877-01-01,1929-06-01,deceased
36992,49438,54920,1874-01-01,1917-06-01,deceased
36993,52782,54921,1875-01-01,1918-06-01,deceased
36994,50736,54922,1872-01-01,1902-06-01,deceased
36995,52584,54923,1873-01-01,1906-06-01,deceased
36996,51350,54924,1874-01-01,1928-06-01,deceased
36997,49920,54925,1874-01-01,1916-06-01,deceased
36998,50401,54926,1877-01-01,1937-06-01,deceased
36999,52522,54928,1875-01-01,1921-06-01,deceased
37000,52853,54929,1876-01-01,1894-06-01,deceased
37001,49697,54931,1874-01-01,1898-06-01,deceased
37002,53040,54932,1871-01-01,1904-06-01,deceased
37003,50920,54933,1875-01-01,1896-06-01,deceased
37004,53854,54934,1874-01-01,1894-06-01,deceased
37005,53296,54935,1871-01-01,1917-06-01,deceased
37006,50354,54936,1871-01-01,1913-06-01,deceased
37007,50347,54940,1872-01-01,1895-06-01,deceased
37008,51074,54941,1873-01-01,1900-06-01,deceased
37009,53573,54942,1877-01-01,1894-06-01,deceased
37010,51562,50867,1873-01-01,1926-06-01,deceased
37011,52308,51073,1871-01-01,1911-06-01,deceased
37012,49317,54943,1871-01-01,1894-06-01,deceased
37013,51089,54944,1875-01-01,1894-06-01,deceased
37014,53000,54945,1873-01-01,1901-06-01,deceased
37015,53538,54946,1876-01-01,1914-06-01,deceased
37016,52077,54947,1871-01-01,1929-06-01,deceased
37017,51025,54948,1873-01-01,1912-06-01,deceased
37018,50872,54949,1876-01-01,1918-06-01,deceased
37019,49400,49829,1875-01-01,1915-06-01,deceased
37020,52789,54950,1873-01-01,1913-06-01,deceased
37021,53767,54952,1871-01-01,1920-06-01,deceased
37022,53830,54953,1874-01-01,1931-06-01,deceased
37023,49746,54954,1875-01-01,1900-06-01,deceased
37024,52517,54955,1872-01-01,1894-06-01,deceased
37025,52902,49944,1872-01-01,1907-06-01,deceased
37026,51687,50194,1875-01-01,1922-06-01,deceased
37027,52787,51245,1871-01-01,1897-06-01,deceased
37028,53675,54957,1871-01-01,1921-06-01,deceased
37029,49567,54958,1874-01-01,1897-06-01,deceased
37030,52713,52088,1874-01-01,1912-06-01,deceased
37031,49564,54959,1871-01-01,1891-06-01,deceased
37032,52181,54960,1876-01-01,1935-06-01,deceased
37033,49753,54961,1874-01-01,1898-06-01,deceased
37034,53304,54962,1877-01-01,1926-06-01,deceased
37035,50993,54963,1872-01-01,1905-06-01,deceased
37036,52216,52754,1872-01-01,1909-06-01,deceased
37037,51503,54964,1872-01-01,1932-06-01,deceased
37038,51739,54965,1876-01-01,1900-06-01,deceased
37039,51205,54966,1873-01-01,1908-06-01,deceased
37040,52381,53269,1873-01-01,1933-06-01,deceased
37041,53864,54968,1877-01-01,1934-06-01,deceased
37042,50229,54970,1873-01-01,1896-06-01,deceased
37043,53729,54971,1875-01-01,1910-06-01,deceased
37044,53498,54972,1874-01-01,1889-06-01,deceased
37045,50283,53195,1874-01-01,1893-06-01,deceased
37046,50039,54973,1873-01-01,1910-06-01,deceased
37047,50961,51288,1876-01-01,1910-06-01,deceased
37048,52907,54974,1876-01-01,1907-06-01,deceased
37049,50575,54975,1875-01-01,1894-06-01,deceased
37050,50690,52323,1874-01-01,1906-06-01,deceased
37051,53588,54976,1873-01-01,1898-06-01,deceased
37052,50968,53599,1877-01-01,1911-06-01,deceased
37053,53046,54978,1872-01-01,1898-06-01,deceased
37054,49789,54979,1875-01-01,1900-06-01,deceased
37055,53504,54980,1876-01-01,1921-06-01,deceased
37056,49686,54981,1877-01-01,1913-06-01,deceased
37057,53293,54983,1873-01-01,1918-06-01,deceased
37058,49605,54985,1875-01-01,1895-06-01,deceased
37059,51354,54986,1871-01-01,1911-06-01,deceased
37060,50159,54987,1876-01-01,1900-06-01,deceased
37061,52425,54988,1872-01-01,1911-06-01,deceased
37062,50824,52343,1873-01-01,1898-06-01,deceased
37063,52133,50392,1872-01-01,1893-06-01,deceased
37064,51197,54989,1873-01-01,1906-06-01,deceased
37065,50715,51801,1874-01-01,1896-06-01,deceased
37066,52289,54991,1871-01-01,1901-06-01,deceased
37067,50001,54992,1872-01-01,1912-06-01,deceased
37068,50226,54994,1874-01-01,1910-06-01,deceased
37069,53716,54995,1874-01-01,1895-06-01,deceased
37070,51007,53385,1871-01-01,1900-06-01,deceased
37071,53559,54996,1873-01-01,1901-06-01,deceased
37072,52674,54997,1875-01-01,1899-06-01,deceased
37073,52274,54998,1875-01-01,1919-06-01,deceased
37074,52965,55000,1873-01-01,1912-06-01,deceased
37075,53214,55002,1874-01-01,1915-06-01,deceased
37076,52142,52262,1871-01-01,1913-06-01,deceased
37077,53809,49769,1872-01-01,1895-06-01,deceased
37078,53501,55003,1873-01-01,1903-06-01,deceased
37079,53651,55004,1873-01-01,1894-06-01,deceased
37080,53033,55005,1871-01-01,1897-06-01,deceased
37081,50817,55006,1871-01-01,1911-06-01,deceased
37082,53202,55007,1875-01-01,1921-06-01,deceased
37083,52938,55008,1877-01-01,1894-06-01,deceased
37084,53582,55009,1871-01-01,1893-06-01,deceased
37085,50781,53658,1871-01-01,1904-06-01,deceased
37086,53681,55010,1873-01-01,1934-06-01,deceased
37087,53116,55011,1872-01-01,1897-06-01,deceased
37088,50797,55012,1874-01-01,1919-06-01,deceased
37089,52644,55013,1876-01-01,1928-06-01,deceased
37090,51926,53593,1873-01-01,1910-06-01,deceased
37091,50102,55014,1874-01-01,1905-06-01,deceased
37092,53683,55015,1874-01-01,1896-06-01,deceased
37093,52272,55016,1876-01-01,1895-06-01,deceased
37094,49980,55017,1876-01-01,1899-06-01,deceased
37095,50787,55018,1876-01-01,1910-06-01,deceased
37096,53685,55019,1871-01-01,1904-06-01,deceased
37097,53771,55020,1874-01-01,1897-06-01,deceased
37098,52738,55021,1874-01-01,1893-06-01,deceased
37099,51170,55022,1871-01-01,1914-06-01,deceased
37100,50621,55023,1877-01-01,1917-06-01,deceased
37101,49341,55024,1875-01-01,1925-06-01,deceased
37102,50164,55025,1874-01-01,1903-06-01,deceased
37103,50004,55026,1874-01-01,1892-06-01,deceased
37104,50201,55027,1876-01-01,1895-06-01,deceased
37105,52943,55028,1875-01-01,1906-06-01,deceased
37106,52205,55029,1871-01-01,1904-06-01,deceased
37107,51510,55030,1877-01-01,1900-06-01,deceased
37108,52441,55031,1877-01-01,1923-06-01,deceased
37109,51606,55032,1872-01-01,1903-06-01,deceased
37110,53810,55033,1877-01-01,1901-06-01,deceased
37111,49922,55034,1872-01-01,1913-06-01,deceased
37112,52144,55035,1873-01-01,1914-06-01,deceased
37113,53632,55036,1871-01-01,1893-06-01,deceased
37114,49609,55037,1875-01-01,1932-06-01,deceased
37115,52726,55038,1872-01-01,1907-06-01,deceased
37116,51542,55039,1876-01-01,1890-06-01,deceased
37117,52287,52654,1873-01-01,1897-06-01,deceased
37118,52367,55040,1875-01-01,1893-06-01,deceased
37119,51838,55041,1871-01-01,1898-06-01,deceased
37120,52342,55042,1871-01-01,1889-06-01,deceased
37121,50460,55043,1871-01-01,1892-06-01,deceased
37122,50387,55044,1871-01-01,1917-06-01,deceased
37123,53546,52117,1871-01-01,1899-06-01,deceased
37124,49572,55045,1876-01-01,1904-06-01,deceased
37125,53095,55046,1876-01-01,1905-06-01,deceased
37126,50578,55047,1871-01-01,1908-06-01,deceased
37127,51998,55048,1872-01-01,1891-06-01,deceased
37128,51389,55049,1875-01-01,1917-06-01,deceased
37129,49990,55050,1877-01-01,1945-06-01,deceased
37130,50058,55052,1871-01-01,1899-06-01,deceased
37131,50178,55054,1873-01-01,1923-06-01,deceased
37132,50918,51280,1872-01-01,1898-06-01,deceased
37133,51933,55055,1871-01-01,1903-06-01,deceased
37134,53011,55056,1875-01-01,1895-06-01,deceased
37135,51862,55057,1877-01-01,1917-06-01,deceased
37136,50729,55058,1873-01-01,1894-06-01,deceased
37137,53379,50910,1873-01-01,1912-06-01,deceased
37138,53905,55059,1871-01-01,1916-06-01,deceased
37139,52882,55060,1875-01-01,1923-06-01,deceased
37140,49407,55061,1876-01-01,1904-06-01,deceased
37141,52543,55062,1877-01-01,1910-06-01,deceased
37142,51783,52924,1872-01-01,1899-06-01,deceased
37143,49452,55063,1875-01-01,1913-06-01,deceased
37144,51655,51417,1872-01-01,1904-06-01,deceased
37145,51790,55064,1877-01-01,1897-06-01,deceased
37146,51857,55065,1875-01-01,1905-06-01,deceased
37147,49861,55066,1872-01-01,1895-06-01,deceased
37148,50284,55068,1873-01-01,1891-06-01,deceased
37149,50822,55070,1874-01-01,1900-06-01,deceased
37150,53610,55071,1876-01-01,1894-06-01,deceased
37151,53921,51980,1875-01-01,1934-06-01,deceased
37152,53664,55073,1873-01-01,1902-06-01,deceased
37153,51311,55074,1874-01-01,1917-06-01,deceased
37154,53196,55075,1871-01-01,1890-06-01,deceased
37155,52416,55076,1876-01-01,1896-06-01,deceased
37156,50137,55077,1877-01-01,1901-06-01,deceased
37157,49729,55079,1874-01-01,1892-06-01,deceased
37158,50524,52685,1876-01-01,1905-06-01,deceased
37159,52895,55082,1872-01-01,1914-06-01,deceased
37160,51557,55083,1872-01-01,1914-06-01,deceased
37161,53917,53353,1874-01-01,1897-06-01,deceased
37162,49637,55084,1871-01-01,1921-06-01,deceased
37163,52349,55085,1871-01-01,1909-06-01,deceased
37164,50529,55086,1876-01-01,1922-06-01,deceased
37165,50167,55087,1875-01-01,1922-06-01,deceased
37166,50691,55088,1873-01-01,1896-06-01,deceased
37167,53608,53477,1873-01-01,1898-06-01,deceased
37168,53656,55089,1872-01-01,1909-06-01,deceased
37169,50930,55090,1877-01-01,1920-06-01,deceased
37170,53065,55091,1871-01-01,1897-06-01,deceased
37171,53653,55092,1871-01-01,1918-06-01,deceased
37172,51706,55093,1872-01-01,1916-06-01,deceased
37173,49738,55094,1871-01-01,1899-06-01,deceased
37174,51769,50922,1872-01-01,1911-06-01,deceased
37175,50628,55095,1874-01-01,1896-06-01,deceased
37176,49957,55096,1874-01-01,1893-06-01,deceased
37177,53349,55098,1874-01-01,1909-06-01,deceased
37178,53060,55099,1871-01-01,1896-06-01,deceased
37179,50750,55100,1872-01-01,1897-06-01,deceased
37180,51393,55101,1876-01-01,1894-06-01,deceased
37181,53192,55102,1874-01-01,1892-06-01,deceased
37182,51380,55103,1873-01-01,1911-06-01,deceased
37183,50275,55104,1877-01-01,1902-06-01,deceased
37184,53061,55105,1871-01-01,1928-06-01,deceased
37185,53768,55106,1873-01-01,1902-06-01,deceased
37186,51546,55107,1877-01-01,1898-06-01,deceased
37187,50421,55108,1877-01-01,1903-06-01,deceased
37188,51903,55109,1875-01-01,1895-06-01,deceased
37189,50810,55110,1877-01-01,1907-06-01,deceased
37190,53444,55111,1876-01-01,1937-06-01,deceased
37191,51010,55112,1877-01-01,1897-06-01,deceased
37192,49711,55113,1875-01-01,1898-06-01,deceased
37193,50972,51612,1874-01-01,1905-06-01,deceased
37194,51815,55115,1873-01-01,1904-06-01,deceased
37195,50210,55116,1871-01-01,1893-06-01,deceased
37196,50894,55117,1872-01-01,1899-06-01,deceased
37197,50017,55118,1875-01-01,1898-06-01,deceased
37198,51382,55119,1873-01-01,1901-06-01,deceased
37199,50562,55120,1873-01-01,1895-06-01,deceased
37200,49367,55121,1876-01-01,1914-06-01,deceased
37201,53669,55122,1872-01-01,1909-06-01,deceased
37202,50172,55123,1872-01-01,1895-06-01,deceased
37203,52600,55124,1877-01-01,1918-06-01,deceased
37204,50537,55125,1872-01-01,1913-06-01,deceased
37205,52876,55126,1872-01-01,1890-06-01,deceased
37206,53051,53130,1877-01-01,1904-06-01,deceased
37207,50320,53843,1874-01-01,1902-06-01,deceased
37208,51647,55127,1875-01-01,1926-06-01,deceased
37209,53420,55128,1872-01-01,1931-06-01,deceased
37210,49512,55129,1876-01-01,1904-06-01,deceased
37211,51640,55130,1873-01-01,1895-06-01,deceased
37212,52404,55131,1874-01-01,1898-06-01,deceased
37213,52245,49873,1874-01-01,1916-06-01,deceased
37214,51775,50753,1875-01-01,1909-06-01,deceased
37215,49398,55132,1875-01-01,1902-06-01,deceased
37216,50627,55133,1876-01-01,1902-06-01,deceased
37217,49461,55134,1876-01-01,1910-06-01,deceased
37218,53251,55135,1877-01-01,1896-06-01,deceased
37219,50287,55136,1876-01-01,1900-06-01,deceased
37220,49863,55138,1875-01-01,1895-06-01,deceased
37221,51978,55139,1874-01-01,1899-06-01,deceased
37222,50696,55140,1872-01-01,1905-06-01,deceased
37223,49527,55141,1875-01-01,1902-06-01,deceased
37224,49772,55142,1872-01-01,1911-06-01,deceased
37225,52072,55143,1877-01-01,1931-06-01,deceased
37226,52631,55144,1877-01-01,1923-06-01,deceased
37227,52624,55145,1876-01-01,1895-06-01,deceased
37228,52491,52566,1874-01-01,1921-06-01,deceased
37229,52485,55146,1877-01-01,1904-06-01,deceased
37230,53868,55147,1874-01-01,1921-06-01,deceased
37231,51900,55148,1873-01-01,1891-06-01,deceased
37232,53592,55149,1874-01-01,1896-06-01,deceased
37233,50155,52640,1872-01-01,1899-06-01,deceased
37234,50068,55150,1874-01-01,1895-06-01,deceased
37235,51476,55151,1871-01-01,1901-06-01,deceased
37236,53708,53205,1875-01-01,1905-06-01,deceased
37237,50548,55152,1877-01-01,1922-06-01,deceased
37238,51767,55154,1873-01-01,1898-06-01,deceased
37239,49539,55155,1872-01-01,1901-06-01,deceased
37240,51333,55156,1873-01-01,1904-06-01,deceased
37241,53620,55157,1876-01-01,1907-06-01,deceased
37242,51676,55158,1873-01-01,1923-06-01,deceased
37243,53622,55159,1875-01-01,1936-06-01,deceased
37244,49450,55160,1871-01-01,1904-06-01,deceased
37245,52996,55161,1877-01-01,1913-06-01,deceased
37246,49486,55162,1876-01-01,1914-06-01,deceased
37247,53175,55163,1871-01-01,1898-06-01,deceased
37248,50717,55164,1876-01-01,1912-06-01,deceased
37249,52606,55165,1875-01-01,1898-06-01,deceased
37250,51708,55166,1874-01-01,1920-06-01,deceased
37251,53826,55167,1874-01-01,1931-06-01,deceased
37252,53613,55168,1877-01-01,1925-06-01,deceased
37253,53602,55169,1876-01-01,1898-06-01,deceased
37254,53075,55170,1874-01-01,1916-06-01,deceased
37255,50960,55171,1874-01-01,1913-06-01,deceased
37256,52764,55172,1874-01-01,1924-06-01,deceased
37257,52466,55173,1871-01-01,1912-06-01,deceased
37258,49770,55175,1873-01-01,1901-06-01,deceased
37259,52729,55176,1874-01-01,1926-06-01,deceased
37260,53552,51943,1876-01-01,1909-06-01,deceased
37261,53783,55177,1874-01-01,1901-06-01,deceased
37262,51327,55178,1876-01-01,1899-06-01,deceased
37263,51315,51588,1875-01-01,1914-06-01,deceased
37264,53300,53527,1871-01-01,1907-06-01,deceased
37265,49853,55179,1872-01-01,1898-06-01,deceased
37266,49339,55180,1872-01-01,1913-06-01,deceased
37267,53882,55182,1871-01-01,1931-06-01,deceased
37268,52775,55183,1876-01-01,1925-06-01,deceased
37269,52014,50884,1873-01-01,1903-06-01,deceased
37270,53532,55184,1872-01-01,1931-06-01,deceased
37271,50268,55185,1871-01-01,1927-06-01,deceased
37272,53129,55186,1877-01-01,1900-06-01,deceased
37273,51716,55187,1875-01-01,1903-06-01,deceased
37274,52712,55188,1873-01-01,1924-06-01,deceased
37275,52868,55190,1875-01-01,1910-06-01,deceased
37276,53742,55191,1871-01-01,1922-06-01,deceased
37277,52957,55193,1877-01-01,1912-06-01,deceased
37278,52820,55194,1877-01-01,1919-06-01,deceased
37279,52512,55195,1877-01-01,1897-06-01,deceased
37280,53457,55197,1873-01-01,1908-06-01,deceased
37281,52099,55198,1875-01-01,1903-06-01,deceased
37282,51700,55199,1876-01-01,1913-06-01,deceased
37283,49708,55200,1873-01-01,1891-06-01,deceased
37284,53309,55201,1873-01-01,1908-06-01,deceased
37285,50326,55202,1876-01-01,1897-06-01,deceased
37286,51570,55203,1872-01-01,1903-06-01,deceased
37287,53311,51398,1877-01-01,1891-06-01,deceased
37288,52662,51758,1874-01-01,1901-06-01,deceased
37289,50897,55205,1873-01-01,1927-06-01,deceased
37290,50419,55206,1873-01-01,1915-06-01,deceased
37291,52579,55207,1875-01-01,1903-06-01,deceased
37292,50258,55208,1877-01-01,1928-06-01,deceased
37293,50131,53909,1875-01-01,1914-06-01,deceased
37294,51299,55211,1872-01-01,1901-06-01,deceased
37295,50617,55212,1874-01-01,1904-06-01,deceased
37296,52751,55213,1873-01-01,1898-06-01,deceased
37297,52510,55215,1874-01-01,1892-06-01,deceased
37298,52007,55216,1875-01-01,1928-06-01,deceased
37299,50364,55217,1872-01-01,1929-06-01,deceased
37300,53793,55218,1875-01-01,1895-06-01,deceased
37301,51829,55219,1874-01-01,1912-06-01,deceased
37302,52219,55220,1871-01-01,1894-06-01,deceased
37303,52210,55221,1873-01-01,1891-06-01,deceased
37304,53674,55223,1871-01-01,1902-06-01,deceased
37305,52998,55224,1874-01-01,1903-06-01,deceased
37306,49515,51616,1876-01-01,1907-06-01,deceased
37307,52760,55225,1872-01-01,1889-06-01,deceased
37308,50077,55226,1874-01-01,1914-06-01,deceased
37309,50732,55227,1872-01-01,1918-06-01,deceased
37310,52147,55228,1873-01-01,1905-06-01,deceased
37311,53508,51114,1873-01-01,1902-06-01,deceased
37312,52376,50648,1874-01-01,1911-06-01,deceased
37313,49643,55229,1871-01-01,1933-06-01,deceased
37314,51822,55230,1877-01-01,1921-06-01,deceased
37315,53208,55232,1877-01-01,1934-06-01,deceased
37316,50176,55234,1872-01-01,1893-06-01,deceased
37317,53299,55235,1872-01-01,1895-06-01,deceased
37318,49703,53198,1877-01-01,1931-06-01,deceased
37319,52138,55237,1871-01-01,1921-06-01,deceased
37320,49895,55238,1874-01-01,1933-06-01,deceased
37321,53389,55239,1871-01-01,1924-06-01,deceased
37322,50204,55240,1872-01-01,1920-06-01,deceased
37323,53319,55241,1873-01-01,1919-06-01,deceased
37324,50574,55242,1875-01-01,1906-06-01,deceased
37325,49484,55243,1875-01-01,1902-06-01,deceased
37326,49654,55245,1871-01-01,1922-06-01,deceased
37327,52972,50540,1872-01-01,1913-06-01,deceased
37328,53703,55247,1876-01-01,1923-06-01,deceased
37329,51153,55248,1876-01-01,1914-06-01,deceased
37330,53201,55249,1877-01-01,1897-06-01,deceased
37331,53737,55250,1873-01-01,1917-06-01,deceased
37332,50973,55251,1871-01-01,1893-06-01,deceased
37333,51514,55252,1877-01-01,1908-06-01,deceased
37334,49735,55253,1871-01-01,1888-06-01,deceased
37335,50500,51096,1877-01-01,1917-06-01,deceased
37336,49460,55254,1875-01-01,1919-06-01,deceased
37337,49478,55255,1872-01-01,1928-06-01,deceased
37338,52003,55257,1876-01-01,1908-06-01,deceased
37339,51855,55258,1872-01-01,1930-06-01,deceased
37340,50663,55259,1875-01-01,1938-06-01,deceased
37341,49474,55260,1877-01-01,1915-06-01,deceased
37342,52693,55261,1874-01-01,1890-06-01,deceased
37343,51617,55263,1877-01-01,1929-06-01,deceased
37344,52161,55264,1871-01-01,1889-06-01,deceased
37345,51122,55265,1871-01-01,1898-06-01,deceased
37346,51794,55267,1877-01-01,1904-06-01,deceased
37347,51309,55268,1875-01-01,1909-06-01,deceased
37348,53872,55269,1876-01-01,1927-06-01,deceased
37349,50195,55270,1876-01-01,1899-06-01,deceased
37350,51189,55271,1875-01-01,1909-06-01,deceased
37351,52699,55273,1877-01-01,1912-06-01,deceased
37352,51336,55274,1874-01-01,1898-06-01,deceased
37353,50712,55276,1875-01-01,1925-06-01,deceased
37354,50145,55277,1877-01-01,1895-06-01,deceased
37355,51039,55278,1877-01-01,1939-06-01,deceased
37356,51351,52513,1877-01-01,1900-06-01,deceased
37357,52464,55279,1875-01-01,1896-06-01,deceased
37358,53492,55280,1875-01-01,1915-06-01,deceased
37359,52806,55281,1871-01-01,1893-06-01,deceased
37360,52581,55282,1877-01-01,1920-06-01,deceased
37361,52146,55283,1875-01-01,1936-06-01,deceased
37362,53022,55284,1872-01-01,1893-06-01,deceased
37363,51002,52097,1871-01-01,1897-06-01,deceased
37364,52898,55285,1874-01-01,1904-06-01,deceased
37365,51541,55286,1871-01-01,1904-06-01,deceased
37366,49872,51028,1872-01-01,1896-06-01,deceased
37367,52935,55288,1872-01-01,1916-06-01,deceased
37368,53876,55289,1873-01-01,1894-06-01,deceased
37369,53007,55290,1872-01-01,1906-06-01,deceased
37370,51293,55291,1873-01-01,1902-06-01,deceased
37371,50114,55292,1877-01-01,1908-06-01,deceased
37372,51000,55294,1876-01-01,1919-06-01,deceased
37373,51986,55295,1873-01-01,1905-06-01,deceased
37374,50806,51194,1871-01-01,1916-06-01,deceased
37375,50502,49963,1871-01-01,1903-06-01,deceased
37376,51699,55296,1876-01-01,1903-06-01,deceased
37377,49959,51367,1877-01-01,1921-06-01,deceased
37378,51063,55297,1872-01-01,1890-06-01,deceased
37379,53279,55298,1874-01-01,1917-06-01,deceased
37380,51287,55300,1877-01-01,1917-06-01,deceased
37381,52153,55301,1874-01-01,1895-06-01,deceased
37382,53512,52765,1874-01-01,1901-06-01,deceased
37383,49584,55302,1873-01-01,1926-06-01,deceased
37384,50221,55303,1875-01-01,1895-06-01,deceased
37385,52692,52016,1876-01-01,1917-06-01,deceased
37386,51745,55304,1873-01-01,1930-06-01,deceased
37387,52937,55305,1874-01-01,1923-06-01,deceased
37388,50186,55306,1872-01-01,1895-06-01,deceased
37389,51911,55307,1877-01-01,1913-06-01,deceased
37390,52326,55308,1877-01-01,1921-06-01,deceased
37391,51799,55309,1871-01-01,1928-06-01,deceased
37392,53016,53725,1876-01-01,1898-06-01,deceased
37393,49890,55310,1874-01-01,1904-06-01,deceased
37394,53832,55311,1877-01-01,1893-06-01,deceased
37395,51027,55312,1873-01-01,1905-06-01,deceased
37396,53736,51605,1871-01-01,1920-06-01,deceased
37397,53661,55313,1873-01-01,1936-06-01,deceased
37398,50443,55314,1872-01-01,1895-06-01,deceased
37399,51707,55315,1876-01-01,1902-06-01,deceased
37400,50042,55316,1876-01-01,1928-06-01,deceased
37401,51339,55317,1877-01-01,1920-06-01,deceased
37402,50514,55318,1875-01-01,1893-06-01,deceased
37403,51724,55321,1874-01-01,1914-06-01,deceased
37404,50216,53838,1874-01-01,1906-06-01,deceased
37405,53454,55322,1872-01-01,1912-06-01,deceased
37406,52591,55323,1874-01-01,1901-06-01,deceased
37407,53474,55325,1876-01-01,1907-06-01,deceased
37408,50991,55326,1872-01-01,1905-06-01,deceased
37409,49662,55327,1875-01-01,1911-06-01,deceased
37410,52230,55328,1875-01-01,1899-06-01,deceased
37411,50554,55329,1877-01-01,1900-06-01,deceased
37412,53456,55330,1876-01-01,1907-06-01,deceased
37413,52757,55331,1871-01-01,1889-06-01,deceased
37414,52081,55332,1876-01-01,1914-06-01,deceased
37415,51512,55333,1872-01-01,1897-06-01,deceased
37416,51097,55334,1874-01-01,1892-06-01,deceased
37417,49625,55335,1873-01-01,1890-06-01,deceased
37418,50369,55336,1874-01-01,1922-06-01,deceased
37419,50355,55337,1877-01-01,1921-06-01,deceased
37420,52992,55338,1871-01-01,1890-06-01,deceased
37421,52638,55339,1874-01-01,1901-06-01,deceased
37422,53407,50495,1871-01-01,1911-06-01,deceased
37423,52118,55340,1873-01-01,1920-06-01,deceased
37424,52881,55342,1872-01-01,1893-06-01,deceased
37425,50442,55343,1877-01-01,1917-06-01,deceased
37426,51014,55344,1871-01-01,1899-06-01,deceased
37427,52301,55345,1872-01-01,1897-06-01,deceased
37428,49586,55346,1876-01-01,1911-06-01,deceased
37429,50248,55347,1876-01-01,1905-06-01,deceased
37430,53282,55348,1874-01-01,1921-06-01,deceased
37431,53429,55349,1877-01-01,1909-06-01,deceased
37432,51962,55350,1872-01-01,1929-06-01,deceased
37433,51213,55351,1871-01-01,1906-06-01,deceased
37434,49860,55352,1877-01-01,1902-06-01,deceased
37435,50045,55353,1874-01-01,1899-06-01,deceased
37436,51284,55354,1871-01-01,1889-06-01,deceased
37437,52052,55355,1877-01-01,1908-06-01,deceased
37438,53740,55356,1876-01-01,1928-06-01,deceased
37439,53275,55357,1872-01-01,1935-06-01,deceased
37440,53849,55358,1876-01-01,1900-06-01,deceased
37441,52373,55359,1876-01-01,1903-06-01,deceased
37442,49691,55360,1874-01-01,1907-06-01,deceased
37443,52306,55361,1875-01-01,1907-06-01,deceased
37444,52912,53923,1877-01-01,1894-06-01,deceased
37445,51921,55362,1875-01-01,1897-06-01,deceased
37446,51412,49535,1872-01-01,1907-06-01,deceased
37447,51594,55363,1877-01-01,1903-06-01,deceased
37448,51385,55364,1875-01-01,1895-06-01,deceased
37449,52529,55365,1873-01-01,1891-06-01,deceased
37450,53760,55366,1874-01-01,1896-06-01,deceased
37451,50136,55367,1873-01-01,1891-06-01,deceased
37452,49678,55368,1877-01-01,1914-06-01,deceased
37453,50265,55369,1877-01-01,1937-06-01,deceased
37454,52461,55370,1876-01-01,1920-06-01,deceased
37455,51622,55371,1872-01-01,1915-06-01,deceased
37456,49795,55375,1871-01-01,1910-06-01,deceased
37457,51757,55376,1872-01-01,1901-06-01,deceased
37458,50457,55377,1871-01-01,1905-06-01,deceased
37459,49663,55378,1875-01-01,1894-06-01,deceased
37460,51520,55379,1877-01-01,1900-06-01,deceased
37461,49352,51029,1871-01-01,1909-06-01,deceased
37462,50035,49755,1876-01-01,1938-06-01,deceased
37463,50947,55380,1875-01-01,1899-06-01,deceased
37464,52599,55381,1877-01-01,1907-06-01,deceased
37465,52390,55382,1876-01-01,1906-06-01,deceased
37466,49369,55383,1874-01-01,1903-06-01,deceased
37467,51451,55384,1877-01-01,1932-06-01,deceased
37468,51812,51574,1876-01-01,1926-06-01,deceased
37469,50120,55387,1876-01-01,1901-06-01,deceased
37470,53245,53375,1876-01-01,1904-06-01,deceased
37471,50332,55388,1877-01-01,1901-06-01,deceased
37472,52540,55389,1871-01-01,1903-06-01,deceased
37473,51081,55390,1873-01-01,1928-06-01,deceased
37474,52595,55391,1874-01-01,1895-06-01,deceased
37475,51268,55392,1874-01-01,1906-06-01,deceased
37476,53850,55393,1877-01-01,1922-06-01,deceased
37477,49506,55394,1874-01-01,1909-06-01,deceased
37478,50949,55395,1874-01-01,1916-06-01,deceased
37479,52433,55397,1877-01-01,1922-06-01,deceased
37480,50433,55398,1871-01-01,1914-06-01,deceased
37481,52506,55399,1874-01-01,1906-06-01,deceased
37482,52973,51083,1875-01-01,1929-06-01,deceased
37483,53362,49689,1875-01-01,1898-06-01,deceased
37484,50525,55400,1872-01-01,1918-06-01,deceased
37485,51948,55401,1873-01-01,1906-06-01,deceased
37486,53342,52424,1875-01-01,1916-06-01,deceased
37487,49396,55402,1873-01-01,1932-06-01,deceased
37488,51636,55403,1875-01-01,1906-06-01,deceased
37489,51174,55404,1877-01-01,1898-06-01,deceased
37490,52220,55405,1874-01-01,1900-06-01,deceased
37491,53434,55406,1872-01-01,1894-06-01,deceased
37492,52655,55407,1876-01-01,1904-06-01,deceased
37493,50533,55408,1875-01-01,1905-06-01,deceased
37494,52689,55409,1874-01-01,1898-06-01,deceased
37495,49674,55411,1876-01-01,1933-06-01,deceased
37496,49931,55412,1874-01-01,1901-06-01,deceased
37497,51912,55413,1875-01-01,1917-06-01,deceased
37498,50623,53813,1874-01-01,1898-06-01,deceased
37499,49790,55414,1873-01-01,1894-06-01,deceased
37500,50357,55415,1873-01-01,1901-06-01,deceased
37501,51365,55416,1871-01-01,1896-06-01,deceased
37502,52720,55417,1872-01-01,1910-06-01,deceased
37503,50133,55418,1872-01-01,1913-06-01,deceased
37504,53190,55419,1874-01-01,1917-06-01,deceased
37505,50722,55420,1872-01-01,1902-06-01,deceased
37506,52086,55421,1876-01-01,1904-06-01,deceased
37507,51540,55422,1877-01-01,1929-06-01,deceased
37508,52450,55423,1876-01-01,1890-06-01,deceased
37509,52490,55424,1873-01-01,1906-06-01,deceased
37510,52886,55425,1875-01-01,1909-06-01,deceased
37511,50488,55426,1872-01-01,1908-06-01,deceased
37512,52657,55427,1876-01-01,1901-06-01,deceased
37513,52214,55428,1877-01-01,1908-06-01,deceased
37514,52280,50749,1876-01-01,1915-06-01,deceased
37515,51858,55429,1876-01-01,1920-06-01,deceased
37516,52883,55430,1872-01-01,1911-06-01,deceased
37517,52312,55431,1876-01-01,1909-06-01,deceased
37518,53919,53892,1872-01-01,1901-06-01,deceased
37519,52893,50408,1873-01-01,1902-06-01,deceased
37520,51649,55432,1871-01-01,1915-06-01,deceased
37521,51272,55433,1876-01-01,1897-06-01,deceased
37522,49320,55434,1873-01-01,1896-06-01,deceased
37523,53097,55435,1877-01-01,1905-06-01,deceased
37524,49780,55436,1872-01-01,1904-06-01,deceased
37525,49803,55437,1873-01-01,1890-06-01,deceased
37526,50187,55438,1874-01-01,1909-06-01,deceased
37527,50905,55439,1871-01-01,1900-06-01,deceased
37528,53042,55440,1875-01-01,1893-06-01,deceased
37529,51989,55441,1877-01-01,1899-06-01,deceased
37530,50886,55442,1873-01-01,1931-06-01,deceased
37531,52309,55443,1876-01-01,1912-06-01,deceased
37532,50261,55444,1877-01-01,1917-06-01,deceased
37533,53038,55445,1871-01-01,1906-06-01,deceased
37534,51095,55446,1874-01-01,1920-06-01,deceased
37535,53242,55447,1873-01-01,1911-06-01,deceased
37536,51673,55448,1871-01-01,1896-06-01,deceased
37537,52296,55449,1874-01-01,1912-06-01,deceased
37538,50236,50075,1876-01-01,1896-06-01,deceased
37539,52630,55450,1872-01-01,1903-06-01,deceased
37540,52569,55451,1871-01-01,1926-06-01,deceased
37541,53728,50162,1877-01-01,1921-06-01,deceased
37542,52387,55452,1871-01-01,1912-06-01,deceased
37543,50171,55453,1874-01-01,1892-06-01,deceased
37544,52036,55454,1871-01-01,1912-06-01,deceased
37545,53627,55455,1871-01-01,1904-06-01,deceased
37546,49411,55456,1873-01-01,1888-06-01,deceased
37547,50288,55457,1872-01-01,1915-06-01,deceased
37548,52136,52531,1872-01-01,1898-06-01,deceased
37549,51076,55458,1873-01-01,1914-06-01,deceased
37550,51258,55459,1871-01-01,1922-06-01,deceased
37551,53751,55460,1871-01-01,1888-06-01,deceased
37552,52012,55461,1876-01-01,1913-06-01,deceased
37553,51572,55462,1875-01-01,1918-06-01,deceased
37554,52814,55463,1876-01-01,1930-06-01,deceased
37555,53896,55464,1873-01-01,1905-06-01,deceased
37556,50572,55465,1877-01-01,1895-06-01,deceased
37557,52121,55466,1875-01-01,1900-06-01,deceased
37558,50871,53611,1876-01-01,1910-06-01,deceased
37559,53359,55467,1874-01-01,1902-06-01,deceased
37560,53670,55469,1872-01-01,1899-06-01,deceased
37561,52707,55470,1872-01-01,1904-06-01,deceased
37562,52170,55471,1877-01-01,1892-06-01,deceased
37563,53635,49368,1872-01-01,1914-06-01,deceased
37564,53686,55472,1874-01-01,1934-06-01,deceased
37565,50458,55474,1874-01-01,1935-06-01,deceased
37566,51262,55475,1874-01-01,1899-06-01,deceased
37567,53327,52399,1874-01-01,1909-06-01,deceased
37568,51080,50192,1871-01-01,1890-06-01,deceased
37569,51832,55477,1877-01-01,1920-06-01,deceased
37570,52900,55478,1874-01-01,1929-06-01,deceased
37571,51936,55479,1873-01-01,1905-06-01,deceased
37572,52817,55480,1873-01-01,1918-06-01,deceased
37573,51413,52845,1873-01-01,1914-06-01,deceased
37574,53893,55481,1872-01-01,1918-06-01,deceased
37575,49814,55482,1873-01-01,1913-06-01,deceased
37576,53870,55483,1875-01-01,1916-06-01,deceased
37577,51876,55484,1874-01-01,1913-06-01,deceased
37578,52880,55485,1875-01-01,1915-06-01,deceased
37579,49616,55486,1874-01-01,1898-06-01,deceased
37580,51672,52029,1872-01-01,1898-06-01,deceased
37581,52672,55487,1873-01-01,1909-06-01,deceased
37582,52864,55488,1872-01-01,1909-06-01,deceased
37583,51160,55489,1875-01-01,1906-06-01,deceased
37584,51247,55490,1877-01-01,1904-06-01,deceased
37585,53410,55491,1873-01-01,1893-06-01,deceased
37586,53520,55492,1875-01-01,1895-06-01,deceased
37587,51498,55493,1875-01-01,1908-06-01,deceased
37588,50060,55494,1871-01-01,1912-06-01,deceased
37589,52325,49730,1876-01-01,1898-06-01,deceased
37590,51598,55496,1872-01-01,1910-06-01,deceased
37591,49835,55497,1877-01-01,1901-06-01,deceased
37592,52332,55498,1872-01-01,1892-06-01,deceased
37593,53510,55499,1874-01-01,1892-06-01,deceased
37594,50227,55500,1875-01-01,1919-06-01,deceased
37595,50868,55501,1872-01-01,1922-06-01,deceased
37596,53159,55502,1871-01-01,1893-06-01,deceased
37597,50196,55503,1876-01-01,1913-06-01,deceased
37598,51094,55504,1871-01-01,1894-06-01,deceased
37599,53556,55505,1877-01-01,1923-06-01,deceased
37600,53103,55506,1873-01-01,1896-06-01,deceased
37601,53735,55507,1874-01-01,1907-06-01,deceased
37602,51329,55508,1877-01-01,1903-06-01,deceased
37603,49715,55510,1875-01-01,1902-06-01,deceased
37604,50911,55511,1871-01-01,1896-06-01,deceased
37605,50681,55512,1871-01-01,1922-06-01,deceased
37606,49943,51946,1875-01-01,1891-06-01,deceased
37607,51129,55514,1876-01-01,1902-06-01,deceased
37608,50174,55515,1871-01-01,1902-06-01,deceased
37609,52553,55516,1876-01-01,1907-06-01,deceased
37610,51575,55517,1875-01-01,1896-06-01,deceased
37611,53764,55518,1874-01-01,1919-06-01,deceased
37612,52076,50914,1875-01-01,1921-06-01,deceased
37613,53903,55519,1876-01-01,1891-06-01,deceased
37614,51846,55520,1872-01-01,1894-06-01,deceased
37615,51914,51705,1871-01-01,1895-06-01,deceased
37616,52145,55521,1877-01-01,1924-06-01,deceased
37617,52708,52994,1873-01-01,1927-06-01,deceased
37618,50346,55524,1871-01-01,1888-06-01,deceased
37619,50841,55525,1872-01-01,1900-06-01,deceased
37620,51703,55526,1874-01-01,1909-06-01,deceased
37621,50390,51751,1872-01-01,1922-06-01,deceased
37622,51534,55527,1871-01-01,1901-06-01,deceased
37623,49442,55528,1874-01-01,1895-06-01,deceased
37624,51738,55529,1874-01-01,1903-06-01,deceased
37625,51040,55530,1873-01-01,1894-06-01,deceased
37626,53371,55531,1873-01-01,1906-06-01,deceased
37627,50646,55532,1871-01-01,1898-06-01,deceased
37628,50435,55533,1877-01-01,1917-06-01,deceased
37629,49751,51873,1877-01-01,1901-06-01,deceased
37630,49885,53724,1874-01-01,1897-06-01,deceased
37631,50249,55534,1877-01-01,1907-06-01,deceased
37632,51454,55536,1877-01-01,1927-06-01,deceased
37633,52423,55537,1876-01-01,1894-06-01,deceased
37634,50607,55538,1877-01-01,1914-06-01,deceased
37635,51362,55539,1876-01-01,1939-06-01,deceased
37636,49540,55540,1874-01-01,1922-06-01,deceased
37637,49816,55541,1875-01-01,1908-06-01,deceased
37638,49801,55542,1873-01-01,1892-06-01,deceased
37639,51341,55543,1874-01-01,1903-06-01,deceased
37640,51337,55544,1871-01-01,1905-06-01,deceased
37641,52677,55546,1873-01-01,1899-06-01,deceased
37642,49807,55547,1877-01-01,1923-06-01,deceased
37643,50755,55548,1877-01-01,1914-06-01,deceased
37644,50596,55549,1873-01-01,1892-06-01,deceased
37645,49344,52507,1874-01-01,1905-06-01,deceased
37646,51795,55550,1874-01-01,1918-06-01,deceased
37647,50417,49926,1877-01-01,1910-06-01,deceased
37648,50324,55551,1873-01-01,1892-06-01,deceased
37649,52667,50376,1877-01-01,1920-06-01,deceased
37650,52950,55552,1875-01-01,1897-06-01,deceased
37651,53874,55553,1875-01-01,1912-06-01,deceased
37652,53601,49374,1876-01-01,1897-06-01,deceased
37653,50869,55554,1873-01-01,1901-06-01,deceased
37654,52189,55556,1871-01-01,1907-06-01,deceased
37655,52307,55558,1873-01-01,1903-06-01,deceased
37656,53160,55559,1876-01-01,1920-06-01,deceased
37657,52112,55560,1871-01-01,1909-06-01,deceased
37658,51811,52781,1873-01-01,1897-06-01,deceased
37659,52488,55561,1876-01-01,1894-06-01,deceased
37660,51802,55562,1877-01-01,1907-06-01,deceased
37661,52125,55564,1877-01-01,1926-06-01,deceased
37662,51537,55565,1877-01-01,1898-06-01,deceased
37663,53558,55566,1871-01-01,1886-06-01,deceased
37664,51764,55567,1873-01-01,1897-06-01,deceased
37665,51155,55568,1877-01-01,1894-06-01,deceased
37666,50940,55570,1877-01-01,1895-06-01,deceased
37667,50895,55571,1876-01-01,1907-06-01,deceased
37668,51882,55572,1872-01-01,1893-06-01,deceased
37669,53448,55573,1875-01-01,1903-06-01,deceased
37670,52931,55575,1875-01-01,1918-06-01,deceased
37671,49720,55576,1874-01-01,1893-06-01,deceased
37672,51827,51307,1871-01-01,1909-06-01,deceased
37673,49395,55577,1872-01-01,1920-06-01,deceased
37674,52576,55578,1873-01-01,1899-06-01,deceased
37675,51252,55579,1876-01-01,1922-06-01,deceased
37676,52353,55580,1872-01-01,1903-06-01,deceased
37677,51134,55581,1875-01-01,1919-06-01,deceased
37678,51874,55583,1875-01-01,1898-06-01,deceased
37679,50999,55584,1874-01-01,1902-06-01,deceased
37680,51283,53804,1871-01-01,1904-06-01,deceased
37681,51161,55585,1873-01-01,1931-06-01,deceased
37682,49334,55586,1877-01-01,1899-06-01,deceased
37683,53278,55587,1873-01-01,1910-06-01,deceased
37684,51187,51656,1872-01-01,1897-06-01,deceased
37685,50789,55588,1875-01-01,1929-06-01,deceased
37686,53102,55589,1877-01-01,1906-06-01,deceased
37687,51486,55590,1876-01-01,1898-06-01,deceased
37688,50876,55593,1877-01-01,1934-06-01,deceased
37689,50337,55594,1873-01-01,1925-06-01,deceased
37690,50158,55595,1873-01-01,1890-06-01,deceased
37691,50926,49681,1877-01-01,1924-06-01,deceased
37692,53867,55596,1877-01-01,1924-06-01,deceased
37693,49492,55598,1872-01-01,1889-06-01,deceased
37694,49915,51913,1871-01-01,1899-06-01,deceased
37695,51460,52683,1875-01-01,1912-06-01,deceased
37696,51240,55600,1875-01-01,1898-06-01,deceased
37697,53450,55601,1875-01-01,1931-06-01,deceased
37698,51840,55602,1874-01-01,1925-06-01,deceased
37699,53837,55603,1874-01-01,1897-06-01,deceased
37700,50334,49424,1875-01-01,1912-06-01,deceased
37701,51246,55604,1872-01-01,1914-06-01,deceased
37702,49794,50727,1876-01-01,1920-06-01,deceased
37703,50260,55605,1871-01-01,1889-06-01,deceased
37704,51443,55606,1875-01-01,1900-06-01,deceased
37705,53267,53833,1877-01-01,1936-06-01,deceased
37706,52276,53057,1877-01-01,1899-06-01,deceased
37707,53091,55607,1872-01-01,1937-06-01,deceased
37708,51569,55609,1873-01-01,1914-06-01,deceased
37709,51939,55611,1871-01-01,1908-06-01,deceased
37710,49977,55612,1877-01-01,1931-06-01,deceased
37711,52228,55613,1877-01-01,1895-06-01,deceased
37712,51397,52733,1875-01-01,1918-06-01,deceased
37713,51560,55614,1874-01-01,1899-06-01,deceased
37714,49456,55615,1873-01-01,1903-06-01,deceased
37715,51320,53571,1876-01-01,1914-06-01,deceased
37716,50393,55616,1871-01-01,1930-06-01,deceased
37717,51760,55617,1873-01-01,1896-06-01,deceased
37718,52292,55618,1873-01-01,1894-06-01,deceased
37719,49349,55619,1872-01-01,1902-06-01,deceased
37720,52370,55620,1873-01-01,1898-06-01,deceased
37721,51493,50026,1873-01-01,1893-06-01,deceased
37722,51395,55621,1876-01-01,1896-06-01,deceased
37723,51291,55622,1871-01-01,1909-06-01,deceased
37724,52688,53614,1875-01-01,1917-06-01,deceased
37725,51118,55623,1875-01-01,1920-06-01,deceased
37726,52203,55624,1876-01-01,1917-06-01,deceased
37727,51516,55627,1871-01-01,1913-06-01,deceased
37728,50862,55628,1873-01-01,1926-06-01,deceased
37729,50796,51774,1876-01-01,1902-06-01,deceased
37730,51229,55630,1874-01-01,1908-06-01,deceased
37731,51533,55631,1875-01-01,1934-06-01,deceased
37732,51600,55632,1872-01-01,1897-06-01,deceased
37733,49576,55634,1877-01-01,1910-06-01,deceased
37734,52396,55635,1873-01-01,1894-06-01,deceased
37735,49993,55636,1875-01-01,1902-06-01,deceased
37736,52470,55638,1871-01-01,1902-06-01,deceased
37737,50154,55639,1876-01-01,1933-06-01,deceased
37738,52405,55640,1872-01-01,1897-06-01,deceased
37739,53817,55641,1871-01-01,1898-06-01,deceased
37740,50510,50327,1872-01-01,1918-06-01,deceased
37741,52745,55642,1875-01-01,1933-06-01,deceased
37742,53746,55643,1872-01-01,1919-06-01,deceased
37743,52971,52489,1876-01-01,1905-06-01,deceased
37744,53780,55645,1872-01-01,1920-06-01,deceased
37745,50555,55647,1875-01-01,1897-06-01,deceased
37746,51929,55648,1875-01-01,1906-06-01,deceased
37747,51864,55649,1873-01-01,1902-06-01,deceased
37748,50700,55650,1876-01-01,1907-06-01,deceased
37749,51282,55651,1875-01-01,1912-06-01,deceased
37750,53216,49546,1873-01-01,1902-06-01,deceased
37751,50482,55652,1875-01-01,1899-06-01,deceased
37752,49569,55653,1875-01-01,1912-06-01,deceased
37753,49786,55654,1873-01-01,1903-06-01,deceased
37754,51816,49719,1876-01-01,1894-06-01,deceased
37755,52048,55655,1875-01-01,1890-06-01,deceased
37756,49623,53741,1877-01-01,1901-06-01,deceased
37757,49351,55657,1871-01-01,1891-06-01,deceased
37758,50127,55658,1875-01-01,1906-06-01,deceased
37759,52270,55660,1876-01-01,1929-06-01,deceased
37760,51970,55662,1876-01-01,1922-06-01,deceased
37761,51481,55663,1874-01-01,1892-06-01,deceased
37762,52958,55665,1877-01-01,1908-06-01,deceased
37763,52463,55666,1874-01-01,1921-06-01,deceased
37764,52941,55667,1871-01-01,1929-06-01,deceased
37765,49638,55668,1876-01-01,1914-06-01,deceased
37766,51117,55669,1874-01-01,1924-06-01,deceased
37767,52546,55670,1871-01-01,1902-06-01,deceased
37768,52339,55671,1871-01-01,1898-06-01,deceased
37769,53291,55672,1872-01-01,1923-06-01,deceased
37770,51192,55673,1875-01-01,1906-06-01,deceased
37771,52686,55674,1875-01-01,1914-06-01,deceased
37772,50273,51092,1876-01-01,1918-06-01,deceased
37773,53029,55675,1874-01-01,1917-06-01,deceased
37774,53087,55676,1877-01-01,1913-06-01,deceased
37775,52169,55677,1874-01-01,1907-06-01,deceased
37776,50641,55678,1874-01-01,1928-06-01,deceased
37777,51244,55679,1876-01-01,1915-06-01,deceased
37778,50719,55680,1871-01-01,1912-06-01,deceased
37779,52034,55681,1877-01-01,1931-06-01,deceased
37780,52199,55682,1874-01-01,1926-06-01,deceased
37781,53146,55683,1873-01-01,1907-06-01,deceased
37782,51733,55684,1872-01-01,1922-06-01,deceased
37783,52278,55685,1873-01-01,1922-06-01,deceased
37784,53302,55686,1876-01-01,1912-06-01,deceased
37785,50779,51842,1875-01-01,1923-06-01,deceased
37786,52857,55687,1876-01-01,1930-06-01,deceased
37787,52890,55688,1875-01-01,1902-06-01,deceased
37788,49929,55689,1872-01-01,1920-06-01,deceased
37789,53883,55690,1872-01-01,1925-06-01,deceased
37790,50422,49900,1877-01-01,1897-06-01,deceased
37791,51479,55691,1871-01-01,1901-06-01,deceased
37792,50285,55693,1877-01-01,1902-06-01,deceased
37793,52291,55694,1872-01-01,1892-06-01,deceased
37794,51459,55696,1873-01-01,1906-06-01,deceased
37795,52079,55697,1876-01-01,1914-06-01,deceased
37796,50119,55698,1872-01-01,1906-06-01,deceased
37797,52780,55699,1874-01-01,1894-06-01,deceased
37798,49787,55700,1877-01-01,1899-06-01,deceased
37799,51966,55701,1872-01-01,1891-06-01,deceased
37800,52717,55702,1875-01-01,1930-06-01,deceased
37801,50615,55703,1874-01-01,1931-06-01,deceased
37802,49722,55704,1872-01-01,1890-06-01,deceased
37803,53417,55705,1876-01-01,1902-06-01,deceased
37804,50471,55707,1877-01-01,1905-06-01,deceased
37805,50184,55708,1871-01-01,1891-06-01,deceased
37806,50242,55709,1871-01-01,1901-06-01,deceased
37807,51553,55710,1876-01-01,1903-06-01,deceased
37808,53605,55712,1876-01-01,1915-06-01,deceased
37809,51495,55713,1871-01-01,1916-06-01,deceased
37810,49712,55714,1877-01-01,1912-06-01,deceased
37811,50738,50928,1874-01-01,1889-06-01,deceased
37812,52753,55715,1873-01-01,1904-06-01,deceased
37813,51664,50652,1875-01-01,1897-06-01,deceased
37814,52412,55716,1876-01-01,1895-06-01,deceased
37815,51891,55717,1876-01-01,1903-06-01,deceased
37816,52255,55718,1874-01-01,1906-06-01,deceased
37817,49498,55720,1872-01-01,1921-06-01,deceased
37818,49684,55721,1876-01-01,1900-06-01,deceased
37819,51415,49380,1873-01-01,1921-06-01,deceased
37820,51701,55723,1874-01-01,1909-06-01,deceased
37821,52587,55724,1877-01-01,1900-06-01,deceased
37822,52984,49633,1872-01-01,1902-06-01,deceased
37823,52669,55725,1874-01-01,1898-06-01,deceased
37824,50759,55726,1877-01-01,1930-06-01,deceased
37825,49834,55727,1875-01-01,1928-06-01,deceased
37826,51212,55728,1874-01-01,1917-06-01,deceased
37827,49596,55730,1872-01-01,1896-06-01,deceased
37828,49955,55732,1876-01-01,1904-06-01,deceased
37829,49887,50496,1877-01-01,1897-06-01,deceased
37830,51438,55734,1871-01-01,1906-06-01,deceased
37831,53289,55735,1877-01-01,1917-06-01,deceased
37832,49648,55736,1873-01-01,1908-06-01,deceased
37833,52436,55737,1877-01-01,1896-06-01,deceased
37834,51233,55738,1871-01-01,1914-06-01,deceased
37835,50827,55740,1876-01-01,1903-06-01,deceased
37836,51419,55742,1874-01-01,1908-06-01,deceased
37837,50399,55743,1875-01-01,1903-06-01,deceased
37838,51915,55744,1876-01-01,1918-06-01,deceased
37839,51210,55745,1871-01-01,1892-06-01,deceased
37840,50397,55746,1873-01-01,1918-06-01,deceased
37841,50411,55747,1875-01-01,1916-06-01,deceased
37842,52601,55748,1871-01-01,1895-06-01,deceased
37843,49748,55750,1877-01-01,1925-06-01,deceased
37844,53521,55751,1875-01-01,1906-06-01,deceased
37845,52597,55753,1875-01-01,1903-06-01,deceased
37846,51709,55754,1871-01-01,1893-06-01,deceased
37847,50777,55755,1874-01-01,1939-06-01,deceased
37848,51219,55756,1875-01-01,1924-06-01,deceased
37849,49537,55757,1873-01-01,1919-06-01,deceased
37850,49639,53088,1875-01-01,1917-06-01,deceased
37851,52322,55758,1875-01-01,1927-06-01,deceased
37852,49680,55759,1873-01-01,1893-06-01,deceased
37853,53886,53142,1875-01-01,1903-06-01,deceased
37854,52892,55760,1872-01-01,1910-06-01,deceased
37855,53313,55762,1871-01-01,1908-06-01,deceased
37856,53646,55763,1874-01-01,1897-06-01,deceased
37857,49894,55764,1875-01-01,1902-06-01,deceased
37858,53096,55766,1876-01-01,1906-06-01,deceased
37859,53657,55767,1873-01-01,1914-06-01,deceased
37860,49363,53100,1877-01-01,1902-06-01,deceased
37861,50436,55769,1877-01-01,1922-06-01,deceased
37862,50769,50666,1877-01-01,1895-06-01,deceased
37863,51726,55770,1873-01-01,1902-06-01,deceased
37864,50497,51590,1871-01-01,1894-06-01,deceased
37865,51376,55771,1874-01-01,1930-06-01,deceased
37866,50352,55772,1877-01-01,1928-06-01,deceased
37867,50588,55773,1874-01-01,1916-06-01,deceased
37868,53112,55774,1871-01-01,1891-06-01,deceased
37869,53381,55775,1872-01-01,1927-06-01,deceased
37870,50426,55776,1877-01-01,1900-06-01,deceased
37871,52508,55778,1874-01-01,1888-06-01,deceased
37872,53182,55779,1871-01-01,1894-06-01,deceased
37873,50198,55780,1876-01-01,1896-06-01,deceased
37874,50821,55781,1876-01-01,1895-06-01,deceased
37875,52952,52855,1872-01-01,1916-06-01,deceased
37876,52103,55782,1871-01-01,1900-06-01,deceased
37877,52222,55783,1876-01-01,1901-06-01,deceased
37878,51473,55784,1874-01-01,1920-06-01,deceased
37879,50368,55785,1876-01-01,1938-06-01,deceased
37880,52406,55786,1872-01-01,1918-06-01,deceased
37881,51186,55787,1875-01-01,1904-06-01,deceased
37882,50406,55788,1872-01-01,1890-06-01,deceased
37883,49389,55789,1876-01-01,1899-06-01,deceased
37884,51349,49591,1876-01-01,1930-06-01,deceased
37885,52134,55790,1872-01-01,1894-06-01,deceased
37886,50996,55791,1873-01-01,1912-06-01,deceased
37887,49802,55792,1875-01-01,1910-06-01,deceased
37888,49891,55793,1873-01-01,1939-06-01,deceased
37889,51869,55794,1872-01-01,1933-06-01,deceased
37890,51236,49991,1871-01-01,1892-06-01,deceased
37891,50982,55795,1875-01-01,1924-06-01,deceased
37892,50583,55797,1875-01-01,1923-06-01,deceased
37893,49741,55798,1871-01-01,1897-06-01,deceased
37894,51267,55799,1874-01-01,1916-06-01,deceased
37895,51218,51024,1872-01-01,1893-06-01,deceased
37896,51188,55800,1871-01-01,1901-06-01,deceased
37897,53483,52159,1873-01-01,1934-06-01,deceased
37898,53906,55801,1874-01-01,1897-06-01,deceased
37899,53835,55802,1871-01-01,1894-06-01,deceased
37900,52874,55804,1873-01-01,1933-06-01,deceased
37901,50531,55805,1873-01-01,1924-06-01,deceased
37902,50124,55806,1871-01-01,1916-06-01,deceased
37903,51440,55807,1877-01-01,1904-06-01,deceased
37904,53816,50684,1873-01-01,1898-06-01,deceased
37905,50209,55808,1875-01-01,1926-06-01,deceased
37906,49428,55809,1872-01-01,1895-06-01,deceased
37907,49387,55810,1873-01-01,1915-06-01,deceased
37908,50306,51511,1873-01-01,1897-06-01,deceased
37909,51806,55811,1874-01-01,1901-06-01,deceased
37910,53861,55812,1874-01-01,1905-06-01,deceased
37911,52062,55813,1874-01-01,1912-06-01,deceased
37912,53037,55814,1876-01-01,1916-06-01,deceased
37913,53507,51668,1873-01-01,1905-06-01,deceased
37914,50166,55815,1875-01-01,1894-06-01,deceased
37915,52477,55816,1877-01-01,1907-06-01,deceased
37916,52867,55817,1871-01-01,1891-06-01,deceased
37917,51499,55818,1877-01-01,1896-06-01,deceased
37918,52565,55819,1877-01-01,1899-06-01,deceased
37919,50030,55820,1876-01-01,1896-06-01,deceased
37920,52629,52940,1875-01-01,1926-06-01,deceased
37921,49782,55821,1873-01-01,1902-06-01,deceased
37922,50428,55822,1876-01-01,1908-06-01,deceased
37923,52141,55823,1874-01-01,1893-06-01,deceased
37924,53550,55824,1874-01-01,1924-06-01,deceased
37925,51046,55825,1871-01-01,1923-06-01,deceased
37926,52455,55826,1875-01-01,1917-06-01,deceased
37927,52702,55827,1875-01-01,1897-06-01,deceased
37928,50295,55828,1872-01-01,1903-06-01,deceased
37929,52361,55829,1876-01-01,1897-06-01,deceased
37930,51884,55830,1874-01-01,1921-06-01,deceased
37931,50828,55831,1873-01-01,1896-06-01,deceased
37932,49373,55832,1872-01-01,1910-06-01,deceased
37933,53013,55833,1875-01-01,1912-06-01,deceased
37934,49377,53280,1877-01-01,1896-06-01,deceased
37935,51137,55834,1871-01-01,1892-06-01,deceased
37936,52394,55835,1876-01-01,1899-06-01,deceased
37937,50359,55836,1874-01-01,1907-06-01,deceased
37938,50084,50799,1874-01-01,1899-06-01,deceased
37939,53262,55837,1873-01-01,1935-06-01,deceased
37940,50766,49323,1871-01-01,1890-06-01,deceased
37941,52198,55838,1875-01-01,1934-06-01,deceased
37942,50010,55839,1871-01-01,1917-06-01,deceased
37943,51356,55840,1871-01-01,1898-06-01,deceased
37944,51975,55841,1871-01-01,1902-06-01,deceased
37945,52809,55842,1872-01-01,1891-06-01,deceased
37946,53177,55843,1875-01-01,1913-06-01,deceased
37947,53480,55844,1871-01-01,1933-06-01,deceased
37948,52027,55845,1876-01-01,1894-06-01,deceased
37949,51568,55846,1877-01-01,1911-06-01,deceased
37950,53712,55847,1872-01-01,1917-06-01,deceased
37951,51752,55848,1872-01-01,1908-06-01,deceased
37952,52611,55849,1874-01-01,1900-06-01,deceased
37953,49967,55850,1876-01-01,1913-06-01,deceased
37954,52816,55851,1872-01-01,1906-06-01,deceased
37955,50901,55852,1874-01-01,1900-06-01,deceased
37956,52171,55855,1873-01-01,1894-06-01,deceased
37957,50083,55856,1871-01-01,1905-06-01,deceased
37958,53348,55857,1876-01-01,1924-06-01,deceased
37959,50699,55858,1872-01-01,1899-06-01,deceased
37960,52183,55859,1877-01-01,1937-06-01,deceased
37961,51400,49661,1875-01-01,1897-06-01,deceased
37962,52770,55860,1877-01-01,1903-06-01,deceased
37963,53337,55861,1872-01-01,1935-06-01,deceased
37964,49375,55862,1872-01-01,1914-06-01,deceased
37965,51991,55863,1874-01-01,1899-06-01,deceased
37966,53583,55864,1875-01-01,1913-06-01,deceased
37967,51519,55865,1874-01-01,1923-06-01,deceased
37968,49726,55866,1871-01-01,1891-06-01,deceased
37969,49322,51313,1871-01-01,1903-06-01,deceased
37970,49779,55867,1873-01-01,1910-06-01,deceased
37971,53140,55868,1874-01-01,1917-06-01,deceased
37972,49436,55869,1875-01-01,1905-06-01,deceased
37973,49936,55870,1876-01-01,1908-06-01,deceased
37974,50093,55871,1871-01-01,1909-06-01,deceased
37975,52320,55872,1875-01-01,1901-06-01,deceased
37976,53442,53509,1876-01-01,1931-06-01,deceased
37977,53791,55873,1873-01-01,1924-06-01,deceased
37978,50180,55874,1874-01-01,1916-06-01,deceased
37979,51183,55875,1871-01-01,1903-06-01,deceased
37980,49464,55876,1877-01-01,1901-06-01,deceased
37981,49598,55877,1874-01-01,1896-06-01,deceased
37982,50563,55879,1872-01-01,1893-06-01,deceased
37983,50650,53758,1875-01-01,1925-06-01,deceased
37984,50076,55880,1876-01-01,1926-06-01,deceased
37985,50956,55881,1874-01-01,1896-06-01,deceased
37986,57165,61973,1892-01-01,1947-06-01,deceased
37987,57319,61974,1889-01-01,1927-06-01,deceased
37988,61872,61975,1889-01-01,1937-06-01,deceased
37989,56745,61976,1894-01-01,1932-06-01,deceased
37990,58673,61977,1892-01-01,1910-06-01,deceased
37991,59759,61978,1893-01-01,1915-06-01,deceased
37992,59827,61979,1892-01-01,1926-06-01,deceased
37993,60549,61980,1889-01-01,1921-06-01,deceased
37994,59533,57928,1892-01-01,1921-06-01,deceased
37995,57313,61981,1894-01-01,1930-06-01,deceased
37996,57528,61982,1891-01-01,1929-06-01,deceased
37997,61098,61983,1891-01-01,1910-06-01,deceased
37998,59970,61984,1890-01-01,1936-06-01,deceased
37999,60766,61985,1894-01-01,1919-06-01,deceased
38000,60935,61986,1894-01-01,1910-06-01,deceased
38001,59406,61987,1892-01-01,1926-06-01,deceased
38002,60808,61988,1894-01-01,1941-06-01,deceased
38003,58722,61989,1889-01-01,1929-06-01,deceased
38004,60609,61990,1889-01-01,1922-06-01,deceased
38005,59878,61992,1892-01-01,1925-06-01,deceased
38006,58372,57867,1892-01-01,1924-06-01,deceased
38007,60263,55968,1892-01-01,1947-06-01,deceased
38008,60279,61993,1890-01-01,1912-06-01,deceased
38009,61777,61297,1889-01-01,1940-06-01,deceased
38010,61463,61994,1891-01-01,1926-06-01,deceased
38011,58935,61995,1894-01-01,1941-06-01,deceased
38012,58017,60337,1889-01-01,1924-06-01,deceased
38013,56143,61996,1894-01-01,1937-06-01,deceased
38014,59415,61997,1891-01-01,1919-06-01,deceased
38015,57021,61998,1892-01-01,1951-06-01,deceased
38016,58917,57737,1892-01-01,1932-06-01,deceased
38017,60481,58358,1893-01-01,1929-06-01,deceased
38018,61499,61999,1890-01-01,1911-06-01,deceased
38019,58193,56272,1895-01-01,1928-06-01,deceased
38020,60677,62001,1890-01-01,1952-06-01,deceased
38021,58303,62003,1894-01-01,1919-06-01,deceased
38022,57256,62004,1894-01-01,1928-06-01,deceased
38023,61308,62005,1890-01-01,1916-06-01,deceased
38024,61453,62006,1894-01-01,1931-06-01,deceased
38025,61257,62008,1892-01-01,1916-06-01,deceased
38026,58689,62009,1890-01-01,1914-06-01,deceased
38027,57656,62010,1892-01-01,1913-06-01,deceased
38028,61003,57650,1895-01-01,1939-06-01,deceased
38029,60406,62011,1892-01-01,1914-06-01,deceased
38030,56893,62012,1891-01-01,1946-06-01,deceased
38031,58718,62013,1889-01-01,1910-06-01,deceased
38032,57825,62014,1889-01-01,1911-06-01,deceased
38033,57591,62015,1890-01-01,1904-06-01,deceased
38034,57445,62017,1894-01-01,1917-06-01,deceased
38035,57091,62018,1889-01-01,1927-06-01,deceased
38036,60506,62019,1893-01-01,1908-06-01,deceased
38037,60072,62021,1894-01-01,1924-06-01,deceased
38038,60212,62022,1890-01-01,1908-06-01,deceased
38039,60027,62023,1892-01-01,1928-06-01,deceased
38040,59289,62024,1894-01-01,1934-06-01,deceased
38041,61243,60367,1889-01-01,1922-06-01,deceased
38042,57880,62026,1892-01-01,1930-06-01,deceased
38043,56103,57044,1891-01-01,1952-06-01,deceased
38044,61012,62028,1889-01-01,1919-06-01,deceased
38045,56117,62029,1895-01-01,1927-06-01,deceased
38046,59714,62030,1892-01-01,1923-06-01,deceased
38047,60930,62031,1890-01-01,1919-06-01,deceased
38048,59322,62033,1894-01-01,1918-06-01,deceased
38049,60730,62034,1894-01-01,1955-06-01,deceased
38050,59050,62035,1893-01-01,1919-06-01,deceased
38051,59840,62036,1891-01-01,1909-06-01,deceased
38052,60974,60242,1889-01-01,1910-06-01,deceased
38053,59424,62037,1894-01-01,1937-06-01,deceased
38054,57967,58682,1889-01-01,1947-06-01,deceased
38055,60619,59535,1889-01-01,1927-06-01,deceased
38056,55949,62038,1889-01-01,1939-06-01,deceased
38057,57893,62039,1891-01-01,1917-06-01,deceased
38058,56166,62040,1889-01-01,1932-06-01,deceased
38059,59389,62041,1892-01-01,1917-06-01,deceased
38060,61529,62042,1894-01-01,1923-06-01,deceased
38061,59913,61747,1889-01-01,1927-06-01,deceased
38062,57813,62044,1893-01-01,1918-06-01,deceased
38063,59253,62045,1894-01-01,1948-06-01,deceased
38064,60310,62046,1893-01-01,1918-06-01,deceased
38065,61062,62047,1892-01-01,1954-06-01,deceased
38066,56596,62048,1889-01-01,1931-06-01,deceased
38067,56213,62049,1889-01-01,1945-06-01,deceased
38068,58541,56871,1892-01-01,1933-06-01,deceased
38069,61234,62050,1891-01-01,1920-06-01,deceased
38070,59614,62051,1889-01-01,1941-06-01,deceased
38071,58473,62052,1889-01-01,1929-06-01,deceased
38072,60533,62053,1889-01-01,1933-06-01,deceased
38073,58304,62056,1895-01-01,1921-06-01,deceased
38074,60181,62057,1892-01-01,1917-06-01,deceased
38075,60884,62058,1891-01-01,1934-06-01,deceased
38076,57276,62059,1889-01-01,1933-06-01,deceased
38077,60100,62060,1893-01-01,1946-06-01,deceased
38078,57184,62061,1891-01-01,1919-06-01,deceased
38079,60496,62062,1890-01-01,1931-06-01,deceased
38080,59762,57520,1889-01-01,1945-06-01,deceased
38081,59581,62063,1895-01-01,1916-06-01,deceased
38082,61047,62064,1890-01-01,1904-06-01,deceased
38083,59137,62065,1895-01-01,1918-06-01,deceased
38084,57821,57210,1894-01-01,1926-06-01,deceased
38085,60890,62066,1891-01-01,1937-06-01,deceased
38086,61535,62067,1890-01-01,1910-06-01,deceased
38087,58046,57807,1890-01-01,1909-06-01,deceased
38088,56650,62068,1890-01-01,1916-06-01,deceased
38089,56912,62069,1892-01-01,1921-06-01,deceased
38090,58309,62070,1895-01-01,1933-06-01,deceased
38091,56474,62071,1889-01-01,1917-06-01,deceased
38092,61542,62072,1889-01-01,1910-06-01,deceased
38093,56320,62073,1893-01-01,1917-06-01,deceased
38094,57983,62074,1890-01-01,1912-06-01,deceased
38095,59815,62075,1893-01-01,1923-06-01,deceased
38096,56212,62076,1895-01-01,1949-06-01,deceased
38097,55983,62077,1893-01-01,1913-06-01,deceased
38098,56366,62078,1895-01-01,1930-06-01,deceased
38099,59474,62079,1891-01-01,1911-06-01,deceased
38100,59204,62080,1893-01-01,1917-06-01,deceased
38101,59032,62081,1890-01-01,1912-06-01,deceased
38102,57545,62082,1894-01-01,1926-06-01,deceased
38103,61491,62083,1894-01-01,1916-06-01,deceased
38104,58839,62084,1894-01-01,1930-06-01,deceased
38105,61555,62085,1892-01-01,1935-06-01,deceased
38106,59226,62086,1894-01-01,1918-06-01,deceased
38107,59478,62087,1891-01-01,1930-06-01,deceased
38108,61398,62088,1895-01-01,1927-06-01,deceased
38109,60774,62089,1893-01-01,1919-06-01,deceased
38110,61444,62090,1894-01-01,1936-06-01,deceased
38111,59965,62091,1895-01-01,1939-06-01,deceased
38112,61201,62092,1893-01-01,1932-06-01,deceased
38113,61637,62094,1894-01-01,1919-06-01,deceased
38114,59292,62095,1894-01-01,1926-06-01,deceased
38115,57047,62096,1893-01-01,1929-06-01,deceased
38116,56466,62098,1893-01-01,1913-06-01,deceased
38117,59333,62099,1893-01-01,1929-06-01,deceased
38118,59110,62100,1895-01-01,1911-06-01,deceased
38119,56139,62101,1893-01-01,1915-06-01,deceased
38120,60863,56866,1894-01-01,1916-06-01,deceased
38121,57618,62102,1894-01-01,1942-06-01,deceased
38122,61470,62103,1894-01-01,1938-06-01,deceased
38123,60674,62104,1891-01-01,1941-06-01,deceased
38124,56062,62105,1889-01-01,1913-06-01,deceased
38125,58721,62106,1890-01-01,1912-06-01,deceased
38126,56327,62108,1894-01-01,1912-06-01,deceased
38127,59121,62109,1895-01-01,1944-06-01,deceased
38128,57916,62110,1894-01-01,1929-06-01,deceased
38129,58299,62111,1891-01-01,1909-06-01,deceased
38130,61347,62112,1889-01-01,1921-06-01,deceased
38131,61211,62113,1891-01-01,1921-06-01,deceased
38132,60788,62114,1889-01-01,1905-06-01,deceased
38133,56531,61048,1890-01-01,1914-06-01,deceased
38134,56003,62115,1889-01-01,1944-06-01,deceased
38135,57625,58100,1894-01-01,1914-06-01,deceased
38136,60361,62116,1892-01-01,1920-06-01,deceased
38137,58041,62117,1895-01-01,1919-06-01,deceased
38138,58776,62118,1895-01-01,1931-06-01,deceased
38139,56431,62119,1893-01-01,1920-06-01,deceased
38140,57912,56691,1893-01-01,1922-06-01,deceased
38141,57592,62120,1894-01-01,1953-06-01,deceased
38142,56230,62121,1893-01-01,1915-06-01,deceased
38143,56151,62122,1892-01-01,1943-06-01,deceased
38144,57595,62123,1892-01-01,1930-06-01,deceased
38145,61668,62124,1891-01-01,1935-06-01,deceased
38146,56984,62125,1893-01-01,1923-06-01,deceased
38147,60330,60701,1895-01-01,1950-06-01,deceased
38148,58088,62127,1894-01-01,1914-06-01,deceased
38149,56823,62128,1891-01-01,1922-06-01,deceased
38150,57201,62129,1893-01-01,1933-06-01,deceased
38151,58113,62131,1890-01-01,1930-06-01,deceased
38152,58030,62132,1894-01-01,1931-06-01,deceased
38153,56915,62133,1893-01-01,1916-06-01,deceased
38154,61861,62134,1893-01-01,1923-06-01,deceased
38155,61149,62135,1894-01-01,1914-06-01,deceased
38156,61903,56469,1892-01-01,1947-06-01,deceased
38157,60411,62137,1891-01-01,1949-06-01,deceased
38158,57571,62138,1891-01-01,1923-06-01,deceased
38159,58285,60703,1894-01-01,1918-06-01,deceased
38160,57020,59814,1892-01-01,1917-06-01,deceased
38161,60356,57871,1890-01-01,1919-06-01,deceased
38162,58429,62139,1889-01-01,1916-06-01,deceased
38163,57327,59304,1890-01-01,1929-06-01,deceased
38164,58034,62140,1895-01-01,1928-06-01,deceased
38165,60761,62142,1892-01-01,1915-06-01,deceased
38166,58591,56238,1891-01-01,1946-06-01,deceased
38167,56981,56158,1889-01-01,1936-06-01,deceased
38168,59365,62143,1892-01-01,1914-06-01,deceased
38169,60961,62145,1891-01-01,1934-06-01,deceased
38170,56435,62146,1895-01-01,1926-06-01,deceased
38171,57509,62147,1891-01-01,1919-06-01,deceased
38172,61113,58449,1890-01-01,1935-06-01,deceased
38173,59168,62148,1891-01-01,1946-06-01,deceased
38174,55941,62149,1891-01-01,1930-06-01,deceased
38175,61892,62150,1892-01-01,1925-06-01,deceased
38176,59576,62151,1895-01-01,1939-06-01,deceased
38177,56232,62153,1891-01-01,1921-06-01,deceased
38178,56512,62154,1893-01-01,1949-06-01,deceased
38179,58597,62155,1889-01-01,1911-06-01,deceased
38180,57007,59891,1895-01-01,1937-06-01,deceased
38181,59011,62156,1893-01-01,1913-06-01,deceased
38182,56987,59930,1893-01-01,1914-06-01,deceased
38183,60034,57024,1890-01-01,1916-06-01,deceased
38184,58148,62159,1890-01-01,1916-06-01,deceased
38185,57684,62160,1893-01-01,1948-06-01,deceased
38186,61858,62161,1889-01-01,1913-06-01,deceased
38187,56724,58335,1892-01-01,1940-06-01,deceased
38188,60635,62162,1892-01-01,1928-06-01,deceased
38189,59788,62163,1891-01-01,1929-06-01,deceased
38190,61155,62165,1891-01-01,1913-06-01,deceased
38191,60987,62166,1893-01-01,1914-06-01,deceased
38192,56086,62167,1890-01-01,1920-06-01,deceased
38193,56834,62168,1891-01-01,1935-06-01,deceased
38194,61135,60509,1890-01-01,1909-06-01,deceased
38195,61494,62170,1889-01-01,1932-06-01,deceased
38196,61572,62171,1889-01-01,1937-06-01,deceased
38197,57296,62172,1889-01-01,1918-06-01,deceased
38198,61833,62173,1892-01-01,1938-06-01,deceased
38199,56538,62174,1895-01-01,1920-06-01,deceased
38200,56347,62175,1889-01-01,1934-06-01,deceased
38201,58096,62176,1891-01-01,1914-06-01,deceased
38202,58842,62177,1889-01-01,1917-06-01,deceased
38203,55984,62178,1891-01-01,1931-06-01,deceased
38204,59873,62179,1894-01-01,1913-06-01,deceased
38205,60264,62180,1895-01-01,1917-06-01,deceased
38206,59351,62181,1894-01-01,1953-06-01,deceased
38207,60216,62182,1894-01-01,1919-06-01,deceased
38208,57891,62185,1892-01-01,1922-06-01,deceased
38209,59427,58751,1890-01-01,1912-06-01,deceased
38210,60673,56955,1891-01-01,1918-06-01,deceased
38211,59828,62186,1893-01-01,1933-06-01,deceased
38212,58409,62187,1895-01-01,1922-06-01,deceased
38213,56402,62188,1890-01-01,1929-06-01,deceased
38214,56335,60136,1895-01-01,1922-06-01,deceased
38215,60762,62189,1894-01-01,1914-06-01,deceased
38216,58007,62190,1891-01-01,1937-06-01,deceased
38217,58906,62191,1891-01-01,1915-06-01,deceased
38218,57275,62192,1890-01-01,1926-06-01,deceased
38219,58616,56165,1892-01-01,1936-06-01,deceased
38220,58270,62193,1889-01-01,1919-06-01,deceased
38221,55962,62194,1892-01-01,1936-06-01,deceased
38222,61026,62195,1890-01-01,1914-06-01,deceased
38223,61165,62196,1890-01-01,1928-06-01,deceased
38224,61399,61790,1892-01-01,1921-06-01,deceased
38225,59081,62197,1895-01-01,1917-06-01,deceased
38226,59107,62198,1895-01-01,1918-06-01,deceased
38227,56609,62199,1894-01-01,1919-06-01,deceased
38228,60854,62200,1895-01-01,1951-06-01,deceased
38229,59215,62201,1890-01-01,1926-06-01,deceased
38230,57836,62202,1891-01-01,1941-06-01,deceased
38231,56445,60321,1894-01-01,1962-06-01,deceased
38232,60245,60494,1895-01-01,1922-06-01,deceased
38233,56892,59926,1890-01-01,1924-06-01,deceased
38234,58323,62204,1892-01-01,1914-06-01,deceased
38235,58331,59136,1891-01-01,1939-06-01,deceased
38236,59293,62205,1895-01-01,1933-06-01,deceased
38237,59297,62206,1891-01-01,1948-06-01,deceased
38238,61208,62207,1895-01-01,1939-06-01,deceased
38239,61650,62208,1891-01-01,1923-06-01,deceased
38240,57268,62209,1893-01-01,1923-06-01,deceased
38241,61107,62210,1893-01-01,1919-06-01,deceased
38242,59901,60257,1892-01-01,1919-06-01,deceased
38243,60489,62213,1895-01-01,1949-06-01,deceased
38244,57698,59915,1889-01-01,1912-06-01,deceased
38245,57708,57743,1892-01-01,1921-06-01,deceased
38246,57442,62214,1893-01-01,1928-06-01,deceased
38247,61230,56513,1894-01-01,1913-06-01,deceased
38248,59817,62215,1894-01-01,1937-06-01,deceased
38249,59712,60744,1895-01-01,1944-06-01,deceased
38250,58261,62217,1891-01-01,1910-06-01,deceased
38251,60510,62218,1892-01-01,1919-06-01,deceased
38252,58103,62219,1891-01-01,1920-06-01,deceased
38253,61666,57945,1891-01-01,1915-06-01,deceased
38254,58816,61558,1895-01-01,1926-06-01,deceased
38255,59376,58067,1895-01-01,1920-06-01,deceased
38256,57452,62220,1892-01-01,1954-06-01,deceased
38257,57993,62221,1891-01-01,1949-06-01,deceased
38258,61523,62222,1893-01-01,1914-06-01,deceased
38259,56190,62223,1889-01-01,1913-06-01,deceased
38260,61313,62224,1892-01-01,1926-06-01,deceased
38261,59487,62225,1890-01-01,1927-06-01,deceased
38262,59555,62226,1890-01-01,1934-06-01,deceased
38263,58489,62230,1890-01-01,1923-06-01,deceased
38264,56462,62231,1891-01-01,1938-06-01,deceased
38265,60059,61721,1890-01-01,1910-06-01,deceased
38266,59908,62234,1891-01-01,1933-06-01,deceased
38267,56838,62235,1892-01-01,1912-06-01,deceased
38268,57370,62236,1889-01-01,1908-06-01,deceased
38269,60091,62237,1893-01-01,1950-06-01,deceased
38270,60144,60426,1893-01-01,1921-06-01,deceased
38271,57127,62238,1894-01-01,1940-06-01,deceased
38272,56264,62239,1889-01-01,1933-06-01,deceased
38273,61486,62240,1895-01-01,1926-06-01,deceased
38274,61504,62241,1892-01-01,1913-06-01,deceased
38275,58329,62243,1890-01-01,1920-06-01,deceased
38276,60920,62244,1892-01-01,1917-06-01,deceased
38277,58687,62245,1893-01-01,1948-06-01,deceased
38278,58189,62246,1892-01-01,1910-06-01,deceased
38279,59599,58197,1889-01-01,1916-06-01,deceased
38280,58364,57696,1889-01-01,1929-06-01,deceased
38281,59611,62247,1890-01-01,1935-06-01,deceased
38282,60726,62248,1891-01-01,1928-06-01,deceased
38283,59687,56656,1890-01-01,1923-06-01,deceased
38284,59130,62249,1889-01-01,1910-06-01,deceased
38285,59165,60309,1893-01-01,1940-06-01,deceased
38286,58251,62251,1895-01-01,1927-06-01,deceased
38287,59338,58771,1889-01-01,1915-06-01,deceased
38288,56164,62252,1889-01-01,1927-06-01,deceased
38289,61432,62253,1891-01-01,1937-06-01,deceased
38290,58280,62254,1894-01-01,1931-06-01,deceased
38291,58062,62255,1893-01-01,1924-06-01,deceased
38292,61516,62256,1890-01-01,1934-06-01,deceased
38293,55922,62257,1895-01-01,1945-06-01,deceased
38294,60834,62258,1894-01-01,1948-06-01,deceased
38295,61769,62259,1894-01-01,1950-06-01,deceased
38296,59537,57239,1894-01-01,1931-06-01,deceased
38297,57774,62260,1889-01-01,1912-06-01,deceased
38298,58153,62261,1895-01-01,1925-06-01,deceased
38299,56044,62262,1895-01-01,1921-06-01,deceased
38300,58881,62263,1892-01-01,1923-06-01,deceased
38301,58833,62264,1889-01-01,1942-06-01,deceased
38302,61044,62265,1895-01-01,1947-06-01,deceased
38303,60553,62266,1893-01-01,1921-06-01,deceased
38304,58809,62267,1890-01-01,1914-06-01,deceased
38305,56188,62268,1895-01-01,1954-06-01,deceased
38306,59144,62269,1891-01-01,1911-06-01,deceased
38307,58458,62270,1891-01-01,1924-06-01,deceased
38308,58531,55970,1891-01-01,1923-06-01,deceased
38309,56120,57396,1893-01-01,1954-06-01,deceased
38310,56638,62271,1890-01-01,1924-06-01,deceased
38311,56830,62272,1893-01-01,1935-06-01,deceased
38312,59541,62273,1894-01-01,1925-06-01,deceased
38313,57449,62274,1895-01-01,1928-06-01,deceased
38314,59127,62275,1891-01-01,1924-06-01,deceased
38315,57711,62276,1890-01-01,1910-06-01,deceased
38316,61759,56125,1894-01-01,1914-06-01,deceased
38317,60499,62277,1895-01-01,1943-06-01,deceased
38318,59803,62278,1890-01-01,1917-06-01,deceased
38319,57702,62279,1893-01-01,1948-06-01,deceased
38320,57604,62280,1893-01-01,1925-06-01,deceased
38321,60500,62281,1893-01-01,1920-06-01,deceased
38322,56227,62282,1892-01-01,1933-06-01,deceased
38323,56156,62283,1894-01-01,1924-06-01,deceased
38324,57554,62284,1890-01-01,1938-06-01,deceased
38325,59301,62285,1895-01-01,1918-06-01,deceased
38326,58305,60742,1893-01-01,1913-06-01,deceased
38327,57568,62287,1894-01-01,1921-06-01,deceased
38328,57177,57056,1889-01-01,1943-06-01,deceased
38329,57295,58977,1891-01-01,1934-06-01,deceased
38330,59429,62289,1890-01-01,1924-06-01,deceased
38331,58336,62290,1893-01-01,1931-06-01,deceased
38332,57747,62291,1890-01-01,1937-06-01,deceased
38333,59497,62292,1890-01-01,1916-06-01,deceased
38334,60903,62293,1894-01-01,1929-06-01,deceased
38335,61671,56083,1892-01-01,1948-06-01,deceased
38336,61222,62294,1894-01-01,1921-06-01,deceased
38337,58962,62295,1894-01-01,1935-06-01,deceased
38338,60527,59677,1889-01-01,1937-06-01,deceased
38339,56085,57750,1889-01-01,1944-06-01,deceased
38340,56797,62296,1892-01-01,1917-06-01,deceased
38341,61485,62297,1893-01-01,1921-06-01,deceased
38342,59884,62298,1890-01-01,1911-06-01,deceased
38343,61835,62299,1890-01-01,1939-06-01,deceased
38344,60545,62300,1894-01-01,1945-06-01,deceased
38345,59206,62301,1895-01-01,1937-06-01,deceased
38346,59410,62302,1893-01-01,1951-06-01,deceased
38347,59030,62303,1895-01-01,1923-06-01,deceased
38348,61850,62304,1890-01-01,1943-06-01,deceased
38349,61416,62305,1893-01-01,1921-06-01,deceased
38350,56233,62306,1891-01-01,1937-06-01,deceased
38351,56529,62307,1891-01-01,1907-06-01,deceased
38352,60876,59819,1895-01-01,1913-06-01,deceased
38353,58482,61223,1893-01-01,1931-06-01,deceased
38354,56490,62309,1892-01-01,1914-06-01,deceased
38355,56669,58911,1893-01-01,1919-06-01,deceased
38356,61557,62310,1895-01-01,1933-06-01,deceased
38357,57034,62311,1889-01-01,1924-06-01,deceased
38358,60603,62313,1889-01-01,1922-06-01,deceased
38359,60960,62315,1891-01-01,1944-06-01,deceased
38360,58506,62316,1891-01-01,1926-06-01,deceased
38361,60177,62317,1891-01-01,1940-06-01,deceased
38362,58238,62318,1894-01-01,1931-06-01,deceased
38363,58770,62319,1893-01-01,1929-06-01,deceased
38364,60068,62320,1890-01-01,1914-06-01,deceased
38365,59423,62322,1895-01-01,1955-06-01,deceased
38366,60814,62323,1889-01-01,1911-06-01,deceased
38367,57136,62324,1893-01-01,1911-06-01,deceased
38368,58605,62325,1893-01-01,1945-06-01,deceased
38369,57278,62327,1895-01-01,1946-06-01,deceased
38370,61381,62328,1891-01-01,1916-06-01,deceased
38371,58633,62329,1889-01-01,1918-06-01,deceased
38372,58892,62330,1892-01-01,1926-06-01,deceased
38373,60571,62331,1893-01-01,1936-06-01,deceased
38374,56914,62332,1895-01-01,1913-06-01,deceased
38375,60477,62333,1894-01-01,1914-06-01,deceased
38376,56072,62334,1892-01-01,1937-06-01,deceased
38377,58149,62335,1892-01-01,1922-06-01,deceased
38378,57423,62336,1895-01-01,1925-06-01,deceased
38379,57244,62337,1891-01-01,1931-06-01,deceased
38380,60798,62338,1893-01-01,1913-06-01,deceased
38381,58139,62339,1895-01-01,1922-06-01,deceased
38382,57961,62340,1889-01-01,1915-06-01,deceased
38383,60326,62341,1894-01-01,1940-06-01,deceased
38384,57351,58115,1891-01-01,1911-06-01,deceased
38385,59559,62342,1889-01-01,1934-06-01,deceased
38386,59859,59009,1892-01-01,1917-06-01,deceased
38387,61699,62343,1893-01-01,1913-06-01,deceased
38388,58570,62344,1893-01-01,1927-06-01,deceased
38389,60754,62345,1892-01-01,1917-06-01,deceased
38390,58603,62346,1895-01-01,1928-06-01,deceased
38391,60082,62348,1895-01-01,1928-06-01,deceased
38392,58795,62349,1891-01-01,1944-06-01,deceased
38393,59565,62350,1889-01-01,1906-06-01,deceased
38394,58212,62351,1891-01-01,1913-06-01,deceased
38395,56021,62352,1889-01-01,1928-06-01,deceased
38396,57126,62353,1895-01-01,1951-06-01,deceased
38397,57969,62354,1893-01-01,1947-06-01,deceased
38398,58218,62355,1894-01-01,1941-06-01,deceased
38399,59596,62357,1895-01-01,1946-06-01,deceased
38400,60899,62358,1895-01-01,1919-06-01,deceased
38401,57575,57700,1891-01-01,1911-06-01,deceased
38402,59991,62359,1889-01-01,1947-06-01,deceased
38403,58802,58785,1895-01-01,1921-06-01,deceased
38404,61376,62361,1892-01-01,1944-06-01,deceased
38405,58775,62362,1893-01-01,1919-06-01,deceased
38406,58986,61209,1890-01-01,1931-06-01,deceased
38407,59626,62363,1889-01-01,1943-06-01,deceased
38408,60917,62364,1894-01-01,1925-06-01,deceased
38409,58862,62365,1894-01-01,1943-06-01,deceased
38410,59534,62366,1895-01-01,1917-06-01,deceased
38411,56002,62369,1892-01-01,1917-06-01,deceased
38412,60416,62370,1895-01-01,1921-06-01,deceased
38413,58345,62371,1892-01-01,1916-06-01,deceased
38414,60258,62372,1894-01-01,1924-06-01,deceased
38415,56933,62373,1895-01-01,1919-06-01,deceased
38416,56699,62374,1893-01-01,1915-06-01,deceased
38417,58051,62375,1895-01-01,1930-06-01,deceased
38418,59807,62376,1893-01-01,1928-06-01,deceased
38419,56904,62377,1889-01-01,1910-06-01,deceased
38420,57094,62378,1889-01-01,1912-06-01,deceased
38421,57355,62379,1894-01-01,1951-06-01,deceased
38422,56674,62380,1891-01-01,1921-06-01,deceased
38423,61074,62381,1894-01-01,1923-06-01,deceased
38424,60460,62382,1891-01-01,1939-06-01,deceased
38425,61005,62383,1891-01-01,1926-06-01,deceased
38426,57330,62384,1890-01-01,1907-06-01,deceased
38427,60226,58677,1894-01-01,1917-06-01,deceased
38428,60269,62388,1895-01-01,1938-06-01,deceased
38429,56626,62390,1893-01-01,1958-06-01,deceased
38430,57240,62391,1895-01-01,1958-06-01,deceased
38431,57480,62392,1892-01-01,1912-06-01,deceased
38432,58555,62393,1894-01-01,1917-06-01,deceased
38433,58910,62395,1894-01-01,1925-06-01,deceased
38434,58901,62396,1895-01-01,1925-06-01,deceased
38435,61923,61190,1893-01-01,1918-06-01,deceased
38436,57422,62397,1892-01-01,1921-06-01,deceased
38437,58582,62398,1894-01-01,1917-06-01,deceased
38438,56982,62399,1890-01-01,1933-06-01,deceased
38439,58929,62400,1895-01-01,1924-06-01,deceased
38440,56926,62401,1890-01-01,1929-06-01,deceased
38441,60733,62402,1891-01-01,1931-06-01,deceased
38442,61845,62403,1893-01-01,1914-06-01,deceased
38443,58231,62404,1889-01-01,1911-06-01,deceased
38444,59666,62406,1892-01-01,1953-06-01,deceased
38445,60689,62407,1891-01-01,1909-06-01,deceased
38446,61816,62409,1894-01-01,1914-06-01,deceased
38447,61383,62410,1889-01-01,1933-06-01,deceased
38448,57223,62412,1895-01-01,1920-06-01,deceased
38449,60887,62415,1890-01-01,1927-06-01,deceased
38450,60627,62416,1890-01-01,1946-06-01,deceased
38451,61864,57131,1895-01-01,1928-06-01,deceased
38452,58913,62417,1891-01-01,1944-06-01,deceased
38453,60019,62418,1894-01-01,1920-06-01,deceased
38454,60297,62419,1891-01-01,1922-06-01,deceased
38455,59325,62420,1890-01-01,1914-06-01,deceased
38456,56494,62421,1889-01-01,1907-06-01,deceased
38457,61122,62422,1891-01-01,1909-06-01,deceased
38458,58166,62423,1893-01-01,1912-06-01,deceased
38459,60317,62424,1890-01-01,1913-06-01,deceased
38460,61780,62425,1890-01-01,1937-06-01,deceased
38461,57209,62426,1895-01-01,1946-06-01,deceased
38462,61970,62427,1895-01-01,1930-06-01,deceased
38463,60441,62428,1891-01-01,1919-06-01,deceased
38464,61439,62429,1890-01-01,1912-06-01,deceased
38465,57371,62430,1893-01-01,1925-06-01,deceased
38466,59638,62431,1889-01-01,1945-06-01,deceased
38467,60445,62432,1893-01-01,1919-06-01,deceased
38468,58117,61241,1895-01-01,1916-06-01,deceased
38469,57731,62433,1895-01-01,1932-06-01,deceased
38470,57065,62434,1890-01-01,1938-06-01,deceased
38471,61264,62435,1892-01-01,1932-06-01,deceased
38472,56640,62436,1895-01-01,1910-06-01,deceased
38473,59529,62437,1889-01-01,1915-06-01,deceased
38474,61130,62438,1895-01-01,1918-06-01,deceased
38475,60771,62439,1889-01-01,1918-06-01,deceased
38476,61424,62440,1893-01-01,1930-06-01,deceased
38477,61028,62441,1893-01-01,1929-06-01,deceased
38478,57740,62442,1895-01-01,1939-06-01,deceased
38479,60993,62443,1889-01-01,1910-06-01,deceased
38480,60095,62444,1889-01-01,1908-06-01,deceased
38481,56899,62445,1890-01-01,1946-06-01,deceased
38482,59940,60488,1890-01-01,1909-06-01,deceased
38483,61247,62447,1890-01-01,1910-06-01,deceased
38484,56679,62448,1890-01-01,1919-06-01,deceased
38485,58064,62449,1893-01-01,1916-06-01,deceased
38486,57869,62450,1890-01-01,1927-06-01,deceased
38487,55957,57181,1891-01-01,1924-06-01,deceased
38488,57904,62451,1891-01-01,1923-06-01,deceased
38489,57808,62452,1891-01-01,1920-06-01,deceased
38490,60067,62453,1889-01-01,1943-06-01,deceased
38491,60487,62454,1890-01-01,1915-06-01,deceased
38492,57379,62457,1891-01-01,1918-06-01,deceased
38493,60586,62458,1895-01-01,1922-06-01,deceased
38494,56203,62459,1895-01-01,1945-06-01,deceased
38495,61344,62460,1893-01-01,1916-06-01,deceased
38496,60450,62461,1894-01-01,1923-06-01,deceased
38497,57789,62462,1890-01-01,1935-06-01,deceased
38498,61132,62463,1894-01-01,1937-06-01,deceased
38499,58377,62464,1890-01-01,1917-06-01,deceased
38500,57048,62466,1889-01-01,1920-06-01,deceased
38501,59610,62467,1894-01-01,1932-06-01,deceased
38502,57153,62468,1890-01-01,1909-06-01,deceased
38503,57441,62469,1889-01-01,1920-06-01,deceased
38504,61620,62470,1889-01-01,1916-06-01,deceased
38505,59375,62471,1895-01-01,1939-06-01,deceased
38506,59290,62472,1891-01-01,1929-06-01,deceased
38507,60986,62474,1892-01-01,1929-06-01,deceased
38508,57643,62475,1890-01-01,1930-06-01,deceased
38509,57952,62476,1893-01-01,1923-06-01,deceased
38510,59340,62477,1892-01-01,1947-06-01,deceased
38511,56348,59473,1889-01-01,1910-06-01,deceased
38512,61354,62478,1894-01-01,1918-06-01,deceased
38513,60119,59068,1891-01-01,1938-06-01,deceased
38514,61631,62481,1889-01-01,1925-06-01,deceased
38515,58374,62483,1890-01-01,1957-06-01,deceased
38516,58658,62484,1889-01-01,1915-06-01,deceased
38517,56133,62485,1892-01-01,1918-06-01,deceased
38518,60748,62486,1889-01-01,1915-06-01,deceased
38519,57168,62487,1890-01-01,1908-06-01,deceased
38520,56171,62489,1891-01-01,1924-06-01,deceased
38521,57703,62490,1889-01-01,1918-06-01,deceased
38522,59146,62491,1892-01-01,1919-06-01,deceased
38523,56896,62492,1889-01-01,1914-06-01,deceased
38524,61369,62493,1893-01-01,1954-06-01,deceased
38525,60049,62495,1893-01-01,1943-06-01,deceased
38526,56967,62496,1890-01-01,1917-06-01,deceased
38527,60414,62497,1894-01-01,1923-06-01,deceased
38528,57191,62498,1892-01-01,1928-06-01,deceased
38529,57680,62499,1892-01-01,1914-06-01,deceased
38530,57878,62500,1890-01-01,1911-06-01,deceased
38531,59717,62501,1889-01-01,1949-06-01,deceased
38532,59657,62502,1893-01-01,1935-06-01,deceased
38533,58412,62503,1891-01-01,1937-06-01,deceased
38534,59175,62504,1889-01-01,1921-06-01,deceased
38535,58974,62505,1894-01-01,1938-06-01,deceased
38536,56310,62506,1895-01-01,1944-06-01,deceased
38537,58253,62507,1891-01-01,1944-06-01,deceased
38538,58286,58758,1892-01-01,1942-06-01,deceased
38539,58860,61136,1895-01-01,1911-06-01,deceased
38540,57381,62508,1894-01-01,1933-06-01,deceased
38541,60926,56296,1891-01-01,1947-06-01,deceased
38542,56069,62509,1892-01-01,1912-06-01,deceased
38543,59485,62510,1890-01-01,1935-06-01,deceased
38544,59348,61498,1895-01-01,1932-06-01,deceased
38545,57323,59442,1891-01-01,1953-06-01,deceased
38546,57602,62511,1890-01-01,1910-06-01,deceased
38547,61705,62512,1889-01-01,1929-06-01,deceased
38548,58324,62513,1894-01-01,1915-06-01,deceased
38549,56152,62514,1894-01-01,1912-06-01,deceased
38550,56128,62515,1893-01-01,1930-06-01,deceased
38551,59134,62516,1893-01-01,1921-06-01,deceased
38552,60683,62518,1890-01-01,1926-06-01,deceased
38553,58025,60480,1889-01-01,1935-06-01,deceased
38554,57206,62519,1893-01-01,1922-06-01,deceased
38555,56703,62521,1895-01-01,1937-06-01,deceased
38556,59044,62522,1891-01-01,1922-06-01,deceased
38557,56647,62523,1889-01-01,1925-06-01,deceased
38558,58586,58803,1894-01-01,1937-06-01,deceased
38559,61731,62524,1895-01-01,1929-06-01,deceased
38560,56521,62525,1890-01-01,1921-06-01,deceased
38561,60056,62526,1892-01-01,1940-06-01,deceased
38562,60031,62527,1895-01-01,1919-06-01,deceased
38563,59173,62528,1895-01-01,1929-06-01,deceased
38564,59957,62529,1891-01-01,1937-06-01,deceased
38565,58503,62530,1892-01-01,1925-06-01,deceased
38566,55915,62531,1894-01-01,1920-06-01,deceased
38567,56563,62532,1891-01-01,1937-06-01,deceased
38568,60206,62533,1890-01-01,1908-06-01,deceased
38569,58169,58084,1890-01-01,,active
38570,59258,62534,1889-01-01,1929-06-01,deceased
38571,59238,62535,1889-01-01,1912-06-01,deceased
38572,56876,62536,1893-01-01,1960-06-01,deceased
38573,56728,62537,1893-01-01,1908-06-01,deceased
38574,56798,62538,1891-01-01,1927-06-01,deceased
38575,56855,62539,1894-01-01,1915-06-01,deceased
38576,59154,62540,1895-01-01,1916-06-01,deceased
38577,57670,57623,1892-01-01,1930-06-01,deceased
38578,57366,62541,1895-01-01,1919-06-01,deceased
38579,56253,62542,1894-01-01,1944-06-01,deceased
38580,61072,62543,1895-01-01,1946-06-01,deceased
38581,59048,62544,1892-01-01,1917-06-01,deceased
38582,61781,58976,1895-01-01,1913-06-01,deceased
38583,56885,62545,1892-01-01,1951-06-01,deceased
38584,56734,62546,1895-01-01,1919-06-01,deceased
38585,58946,62547,1895-01-01,1939-06-01,deceased
38586,56887,62548,1890-01-01,1935-06-01,deceased
38587,57927,62549,1891-01-01,1912-06-01,deceased
38588,61096,62550,1893-01-01,1925-06-01,deceased
38589,56846,62551,1892-01-01,1912-06-01,deceased
38590,61762,58109,1891-01-01,1934-06-01,deceased
38591,60122,62552,1891-01-01,1938-06-01,deceased
38592,60370,62553,1890-01-01,1918-06-01,deceased
38593,58641,62554,1889-01-01,1932-06-01,deceased
38594,61179,62555,1894-01-01,1948-06-01,deceased
38595,58020,57283,1893-01-01,1938-06-01,deceased
38596,57471,62556,1892-01-01,1918-06-01,deceased
38597,56131,62557,1895-01-01,1944-06-01,deceased
38598,58934,62558,1889-01-01,1916-06-01,deceased
38599,59461,62559,1895-01-01,1938-06-01,deceased
38600,61392,59947,1894-01-01,1916-06-01,deceased
38601,56023,62561,1889-01-01,1930-06-01,deceased
38602,59777,62562,1891-01-01,1959-06-01,deceased
38603,57697,62563,1891-01-01,1909-06-01,deceased
38604,61126,62564,1895-01-01,1912-06-01,deceased
38605,59769,62565,1895-01-01,1922-06-01,deceased
38606,56009,62567,1891-01-01,1917-06-01,deceased
38607,57228,62568,1893-01-01,1910-06-01,deceased
38608,57046,62570,1894-01-01,1917-06-01,deceased
38609,56578,59860,1891-01-01,1913-06-01,deceased
38610,58729,62571,1893-01-01,1950-06-01,deceased
38611,56726,62572,1892-01-01,1929-06-01,deceased
38612,59246,56932,1889-01-01,1942-06-01,deceased
38613,59336,62573,1893-01-01,1952-06-01,deceased
38614,58804,62574,1894-01-01,1926-06-01,deceased
38615,57535,62575,1895-01-01,1931-06-01,deceased
38616,61802,62577,1889-01-01,1912-06-01,deceased
38617,56505,62578,1891-01-01,1941-06-01,deceased
38618,57214,62579,1889-01-01,1946-06-01,deceased
38619,56843,62580,1893-01-01,1941-06-01,deceased
38620,56554,62581,1895-01-01,1921-06-01,deceased
38621,57463,62582,1893-01-01,1915-06-01,deceased
38622,61384,62583,1894-01-01,1950-06-01,deceased
38623,61568,62584,1892-01-01,1954-06-01,deceased
38624,60066,62585,1891-01-01,1910-06-01,deceased
38625,58466,56570,1893-01-01,1941-06-01,deceased
38626,55948,62586,1891-01-01,1947-06-01,deceased
38627,58420,62587,1895-01-01,1930-06-01,deceased
38628,56316,62588,1894-01-01,1946-06-01,deceased
38629,60634,62589,1893-01-01,1911-06-01,deceased
38630,59396,62590,1893-01-01,1932-06-01,deceased
38631,58106,62591,1890-01-01,1920-06-01,deceased
38632,56112,62592,1895-01-01,1925-06-01,deceased
38633,60013,62594,1893-01-01,1919-06-01,deceased
38634,61945,62595,1889-01-01,1915-06-01,deceased
38635,56281,62596,1893-01-01,1926-06-01,deceased
38636,57500,62597,1893-01-01,1926-06-01,deceased
38637,56758,58887,1895-01-01,1931-06-01,deceased
38638,56685,62599,1893-01-01,1956-06-01,deceased
38639,57086,62600,1895-01-01,1934-06-01,deceased
38640,61177,61667,1895-01-01,1927-06-01,deceased
38641,60936,62601,1889-01-01,1923-06-01,deceased
38642,58980,62602,1889-01-01,1919-06-01,deceased
38643,59213,62603,1893-01-01,1941-06-01,deceased
38644,56401,62604,1892-01-01,1912-06-01,deceased
38645,60795,62606,1894-01-01,1927-06-01,deceased
38646,56353,62607,1889-01-01,1916-06-01,deceased
38647,60137,62608,1891-01-01,1935-06-01,deceased
38648,57679,62609,1891-01-01,1947-06-01,deceased
38649,61397,62610,1891-01-01,1935-06-01,deceased
38650,58114,62612,1891-01-01,1921-06-01,deceased
38651,61050,62613,1890-01-01,1919-06-01,deceased
38652,57960,62614,1895-01-01,1941-06-01,deceased
38653,61167,62615,1892-01-01,1946-06-01,deceased
38654,58953,62616,1892-01-01,1926-06-01,deceased
38655,59571,61619,1889-01-01,1916-06-01,deceased
38656,60456,62617,1893-01-01,1920-06-01,deceased
38657,60610,62618,1893-01-01,1910-06-01,deceased
38658,56649,62619,1894-01-01,1920-06-01,deceased
38659,55996,62620,1892-01-01,1948-06-01,deceased
38660,57723,59949,1893-01-01,1922-06-01,deceased
38661,57204,62624,1894-01-01,1923-06-01,deceased
38662,56360,62626,1893-01-01,1913-06-01,deceased
38663,57638,62627,1893-01-01,1918-06-01,deceased
38664,59977,62628,1893-01-01,1937-06-01,deceased
38665,60299,62630,1892-01-01,1918-06-01,deceased
38666,58147,62631,1890-01-01,1948-06-01,deceased
38667,57434,62632,1891-01-01,1934-06-01,deceased
38668,60895,62633,1889-01-01,1908-06-01,deceased
38669,60009,62634,1893-01-01,1914-06-01,deceased
38670,58925,62635,1893-01-01,1945-06-01,deceased
38671,61581,62636,1890-01-01,1910-06-01,deceased
38672,60551,62637,1891-01-01,1920-06-01,deceased
38673,56822,62638,1893-01-01,1941-06-01,deceased
38674,57628,62639,1892-01-01,1937-06-01,deceased
38675,58828,62640,1892-01-01,1915-06-01,deceased
38676,58403,62641,1895-01-01,1941-06-01,deceased
38677,55919,62642,1895-01-01,1915-06-01,deceased
38678,59975,59171,1892-01-01,1927-06-01,deceased
38679,60018,62643,1892-01-01,1948-06-01,deceased
38680,61605,62644,1891-01-01,1932-06-01,deceased
38681,59797,62645,1894-01-01,1926-06-01,deceased
38682,58675,62647,1895-01-01,1915-06-01,deceased
38683,58365,62648,1894-01-01,1917-06-01,deceased
38684,61245,62649,1894-01-01,1934-06-01,deceased
38685,59317,62650,1893-01-01,1939-06-01,deceased
38686,60517,60547,1889-01-01,1909-06-01,deceased
38687,55943,62651,1894-01-01,1914-06-01,deceased
38688,58038,62652,1895-01-01,1934-06-01,deceased
38689,59795,62653,1895-01-01,1931-06-01,deceased
38690,60121,58254,1894-01-01,1928-06-01,deceased
38691,59923,62655,1893-01-01,1930-06-01,deceased
38692,58527,62656,1895-01-01,1942-06-01,deceased
38693,61643,62657,1894-01-01,1929-06-01,deceased
38694,58500,62659,1891-01-01,1910-06-01,deceased
38695,58348,62660,1890-01-01,1930-06-01,deceased
38696,56557,62661,1894-01-01,1914-06-01,deceased
38697,59371,58143,1893-01-01,1912-06-01,deceased
38698,59527,62662,1891-01-01,1935-06-01,deceased
38699,58059,62663,1895-01-01,1924-06-01,deceased
38700,60581,62664,1893-01-01,1931-06-01,deceased
38701,57646,58371,1892-01-01,1924-06-01,deceased
38702,56684,62665,1890-01-01,1914-06-01,deceased
38703,61965,58812,1894-01-01,1933-06-01,deceased
38704,59793,62666,1889-01-01,1932-06-01,deceased
38705,57466,60922,1891-01-01,1952-06-01,deceased
38706,57736,62667,1892-01-01,1915-06-01,deceased
38707,58266,62668,1894-01-01,1944-06-01,deceased
38708,56074,62669,1890-01-01,1933-06-01,deceased
38709,60035,62670,1894-01-01,1912-06-01,deceased
38710,61089,62672,1891-01-01,1930-06-01,deceased
38711,56202,62674,1893-01-01,1915-06-01,deceased
38712,61734,59653,1895-01-01,1930-06-01,deceased
38713,61205,62676,1894-01-01,1934-06-01,deceased
38714,58651,62677,1893-01-01,1927-06-01,deceased
38715,61688,62678,1890-01-01,1928-06-01,deceased
38716,57806,62679,1893-01-01,1911-06-01,deceased
38717,58068,62680,1890-01-01,1937-06-01,deceased
38718,58814,62682,1889-01-01,1908-06-01,deceased
38719,58819,62683,1893-01-01,1920-06-01,deceased
38720,58053,62684,1895-01-01,1934-06-01,deceased
38721,60954,61848,1892-01-01,1935-06-01,deceased
38722,59237,62685,1890-01-01,1916-06-01,deceased
38723,57887,62686,1893-01-01,1941-06-01,deceased
38724,59585,62687,1889-01-01,1915-06-01,deceased
38725,56870,62688,1890-01-01,1935-06-01,deceased
38726,57546,62689,1895-01-01,1919-06-01,deceased
38727,59955,62691,1895-01-01,1916-06-01,deceased
38728,58177,62692,1891-01-01,1911-06-01,deceased
38729,61940,62693,1889-01-01,1925-06-01,deceased
38730,57137,62694,1890-01-01,1925-06-01,deceased
38731,60746,62695,1889-01-01,1920-06-01,deceased
38732,59671,62696,1893-01-01,1929-06-01,deceased
38733,55888,62697,1890-01-01,1918-06-01,deceased
38734,57803,62698,1894-01-01,1932-06-01,deceased
38735,56417,62699,1893-01-01,1931-06-01,deceased
38736,56205,62700,1891-01-01,1915-06-01,deceased
38737,57212,62702,1890-01-01,1928-06-01,deceased
38738,59185,62703,1891-01-01,1918-06-01,deceased
38739,59381,62704,1891-01-01,1915-06-01,deceased
38740,58990,62706,1894-01-01,1927-06-01,deceased
38741,59832,62708,1891-01-01,1937-06-01,deceased
38742,58416,62709,1891-01-01,1905-06-01,deceased
38743,59174,62711,1889-01-01,1924-06-01,deceased
38744,57182,62712,1894-01-01,1915-06-01,deceased
38745,61421,58884,1891-01-01,1938-06-01,deceased
38746,57392,62713,1892-01-01,1930-06-01,deceased
38747,59567,62714,1895-01-01,1918-06-01,deceased
38748,60614,62717,1895-01-01,1916-06-01,deceased
38749,59735,62718,1894-01-01,1912-06-01,deceased
38750,56719,62719,1895-01-01,1959-06-01,deceased
38751,61701,62720,1893-01-01,1929-06-01,deceased
38752,56454,62721,1890-01-01,1923-06-01,deceased
38753,58293,62722,1895-01-01,1919-06-01,deceased
38754,61250,62723,1895-01-01,1942-06-01,deceased
38755,59662,62725,1889-01-01,1921-06-01,deceased
38756,56215,62726,1895-01-01,1915-06-01,deceased
38757,58926,62728,1894-01-01,1915-06-01,deceased
38758,58443,61693,1889-01-01,1923-06-01,deceased
38759,57946,62730,1889-01-01,1916-06-01,deceased
38760,61920,62731,1891-01-01,1949-06-01,deceased
38761,58995,62732,1894-01-01,1912-06-01,deceased
38762,59192,62733,1890-01-01,1937-06-01,deceased
38763,57588,62734,1890-01-01,1916-06-01,deceased
38764,60747,59733,1889-01-01,1947-06-01,deceased
38765,60294,62735,1892-01-01,1939-06-01,deceased
38766,57885,62736,1894-01-01,1924-06-01,deceased
38767,56395,62737,1894-01-01,1917-06-01,deceased
38768,61296,62738,1889-01-01,1940-06-01,deceased
38769,61298,62739,1891-01-01,1910-06-01,deceased
38770,57785,62741,1894-01-01,1933-06-01,deceased
38771,60611,60345,1890-01-01,1911-06-01,deceased
38772,56701,59753,1889-01-01,1907-06-01,deceased
38773,58793,62742,1890-01-01,1927-06-01,deceased
38774,56935,62743,1893-01-01,1939-06-01,deceased
38775,58267,62744,1894-01-01,1916-06-01,deceased
38776,60463,62745,1889-01-01,1922-06-01,deceased
38777,58877,62746,1890-01-01,1910-06-01,deceased
38778,61472,59961,1889-01-01,1913-06-01,deceased
38779,56423,62747,1895-01-01,1918-06-01,deceased
38780,61022,62749,1890-01-01,1944-06-01,deceased
38781,59552,62750,1891-01-01,1922-06-01,deceased
38782,61466,62751,1892-01-01,1922-06-01,deceased
38783,56562,62752,1889-01-01,1928-06-01,deceased
38784,59853,62753,1889-01-01,1915-06-01,deceased
38785,56124,62754,1890-01-01,1920-06-01,deceased
38786,60158,62755,1892-01-01,1916-06-01,deceased
38787,57401,62756,1889-01-01,1924-06-01,deceased
38788,61263,62757,1893-01-01,1935-06-01,deceased
38789,56922,62758,1889-01-01,1909-06-01,deceased
38790,57018,62759,1889-01-01,1923-06-01,deceased
38791,60224,62760,1890-01-01,1909-06-01,deceased
38792,58373,62761,1890-01-01,1921-06-01,deceased
38793,57150,57120,1894-01-01,1927-06-01,deceased
38794,58897,62763,1891-01-01,1918-06-01,deceased
38795,59519,58097,1893-01-01,1924-06-01,deceased
38796,61519,60449,1894-01-01,1917-06-01,deceased
38797,61959,58830,1890-01-01,1945-06-01,deceased
38798,60940,62764,1891-01-01,1919-06-01,deceased
38799,59887,62765,1895-01-01,1948-06-01,deceased
38800,56115,62767,1891-01-01,1909-06-01,deceased
38801,58155,62768,1894-01-01,1916-06-01,deceased
38802,57405,62770,1892-01-01,1945-06-01,deceased
38803,60193,62771,1895-01-01,1914-06-01,deceased
38804,60425,62772,1891-01-01,1919-06-01,deceased
38805,60524,62773,1889-01-01,1919-06-01,deceased
38806,58383,62774,1895-01-01,1911-06-01,deceased
38807,55944,62775,1889-01-01,1913-06-01,deceased
38808,61926,62776,1894-01-01,1951-06-01,deceased
38809,58725,62777,1891-01-01,1922-06-01,deceased
38810,58047,62780,1889-01-01,1951-06-01,deceased
38811,56737,62781,1895-01-01,1938-06-01,deceased
38812,57307,62782,1893-01-01,1912-06-01,deceased
38813,57974,60420,1890-01-01,1929-06-01,deceased
38814,57180,62784,1893-01-01,1928-06-01,deceased
38815,56883,62785,1890-01-01,1917-06-01,deceased
38816,56657,62786,1894-01-01,1940-06-01,deceased
38817,60159,62787,1893-01-01,1920-06-01,deceased
38818,58173,62788,1893-01-01,1919-06-01,deceased
38819,58427,62791,1890-01-01,1914-06-01,deceased
38820,56248,62792,1894-01-01,1939-06-01,deceased
38821,60135,62793,1890-01-01,1922-06-01,deceased
38822,60646,62794,1893-01-01,1948-06-01,deceased
38823,60629,59060,1889-01-01,1916-06-01,deceased
38824,60659,62795,1893-01-01,1926-06-01,deceased
38825,56608,62796,1895-01-01,1927-06-01,deceased
38826,56122,62797,1894-01-01,1951-06-01,deceased
38827,56391,62798,1895-01-01,1921-06-01,deceased
38828,58666,62800,1893-01-01,1909-06-01,deceased
38829,57986,62801,1894-01-01,1930-06-01,deceased
38830,60523,62802,1891-01-01,1918-06-01,deceased
38831,60722,62803,1895-01-01,1924-06-01,deceased
38832,57644,62804,1895-01-01,1949-06-01,deceased
38833,57219,62805,1895-01-01,1920-06-01,deceased
38834,59084,62806,1895-01-01,1930-06-01,deceased
38835,57661,62807,1889-01-01,1910-06-01,deceased
38836,58066,62808,1895-01-01,1920-06-01,deceased
38837,60645,62809,1890-01-01,1910-06-01,deceased
38838,61912,56559,1893-01-01,1939-06-01,deceased
38839,59500,60171,1889-01-01,1908-06-01,deceased
38840,61057,62810,1894-01-01,1929-06-01,deceased
38841,60990,62811,1894-01-01,1933-06-01,deceased
38842,56581,62812,1894-01-01,1934-06-01,deceased
38843,60209,62813,1889-01-01,1916-06-01,deceased
38844,61183,57088,1892-01-01,1942-06-01,deceased
38845,56465,62814,1893-01-01,1952-06-01,deceased
38846,57367,62815,1895-01-01,1910-06-01,deceased
38847,58478,62816,1895-01-01,1953-06-01,deceased
38848,61029,62817,1892-01-01,1937-06-01,deceased
38849,61894,62818,1895-01-01,1928-06-01,deceased
38850,58850,62819,1893-01-01,1915-06-01,deceased
38851,60785,62820,1893-01-01,1926-06-01,deceased
38852,57035,62822,1891-01-01,1951-06-01,deceased
38853,59672,62823,1894-01-01,1921-06-01,deceased
38854,61901,56389,1895-01-01,1956-06-01,deceased
38855,57321,62824,1892-01-01,1940-06-01,deceased
38856,59506,62825,1894-01-01,1917-06-01,deceased
38857,60778,62826,1895-01-01,1918-06-01,deceased
38858,59724,62828,1893-01-01,1912-06-01,deceased
38859,56779,61836,1892-01-01,1922-06-01,deceased
38860,58354,62829,1889-01-01,1921-06-01,deceased
38861,60143,62830,1895-01-01,1939-06-01,deceased
38862,60011,62831,1894-01-01,1939-06-01,deceased
38863,58196,62833,1890-01-01,1910-06-01,deceased
38864,56881,62834,1889-01-01,1917-06-01,deceased
38865,55893,62835,1892-01-01,1925-06-01,deceased
38866,56382,62836,1895-01-01,1929-06-01,deceased
38867,57375,62837,1895-01-01,1941-06-01,deceased
38868,56116,62838,1889-01-01,1914-06-01,deceased
38869,59235,62840,1893-01-01,1939-06-01,deceased
38870,60937,62842,1892-01-01,1927-06-01,deceased
38871,60715,62843,1892-01-01,1959-06-01,deceased
38872,58092,62845,1890-01-01,1920-06-01,deceased
38873,60087,62846,1891-01-01,1958-06-01,deceased
38874,58707,62847,1891-01-01,1923-06-01,deceased
38875,61065,62848,1889-01-01,1943-06-01,deceased
38876,61621,62849,1890-01-01,1920-06-01,deceased
38877,57183,62850,1889-01-01,1920-06-01,deceased
38878,58598,62851,1891-01-01,1933-06-01,deceased
38879,58474,62852,1889-01-01,1908-06-01,deceased
38880,58650,62853,1891-01-01,1909-06-01,deceased
38881,59190,62854,1891-01-01,1941-06-01,deceased
38882,59572,62855,1891-01-01,1927-06-01,deceased
38883,59214,62856,1890-01-01,1922-06-01,deceased
38884,58518,62858,1893-01-01,1927-06-01,deceased
38885,59972,62859,1893-01-01,1948-06-01,deceased
38886,58232,62860,1890-01-01,1925-06-01,deceased
38887,60910,62861,1889-01-01,1924-06-01,deceased
38888,60478,62862,1889-01-01,1917-06-01,deceased
38889,56588,61168,1892-01-01,1912-06-01,deceased
38890,60085,62863,1889-01-01,1933-06-01,deceased
38891,59369,62864,1893-01-01,1927-06-01,deceased
38892,58326,62865,1894-01-01,1937-06-01,deceased
38893,57093,62866,1892-01-01,1914-06-01,deceased
38894,57769,62867,1891-01-01,1919-06-01,deceased
38895,56407,62868,1890-01-01,1927-06-01,deceased
38896,57583,62869,1889-01-01,1952-06-01,deceased
38897,56861,62870,1889-01-01,1931-06-01,deceased
38898,56162,62871,1890-01-01,1921-06-01,deceased
38899,59849,62872,1890-01-01,1931-06-01,deceased
38900,61771,62874,1895-01-01,1919-06-01,deceased
38901,58055,62875,1893-01-01,1930-06-01,deceased
38902,59002,62876,1889-01-01,1919-06-01,deceased
38903,56891,62877,1895-01-01,1928-06-01,deceased
38904,61682,62878,1893-01-01,1923-06-01,deceased
38905,58237,62879,1890-01-01,1915-06-01,deceased
38906,60536,62880,1894-01-01,1928-06-01,deceased
38907,56302,62881,1893-01-01,1925-06-01,deceased
38908,57383,62882,1889-01-01,1926-06-01,deceased
38909,61325,62883,1893-01-01,1915-06-01,deceased
38910,56977,62884,1893-01-01,1924-06-01,deceased
38911,59943,62885,1892-01-01,1929-06-01,deceased
38912,58269,59932,1889-01-01,1917-06-01,deceased
38913,56422,62886,1891-01-01,1942-06-01,deceased
38914,58359,62887,1890-01-01,1925-06-01,deceased
38915,61034,62888,1893-01-01,1917-06-01,deceased
38916,56211,62889,1890-01-01,1915-06-01,deceased
38917,58594,62890,1893-01-01,1908-06-01,deceased
38918,59513,57707,1893-01-01,1943-06-01,deceased
38919,58199,62891,1890-01-01,1945-06-01,deceased
38920,60219,62892,1890-01-01,1931-06-01,deceased
38921,60821,62895,1890-01-01,1932-06-01,deceased
38922,56066,58479,1889-01-01,1914-06-01,deceased
38923,57894,62897,1893-01-01,1928-06-01,deceased
38924,56379,62898,1895-01-01,1944-06-01,deceased
38925,58543,60874,1893-01-01,1916-06-01,deceased
38926,57001,56676,1894-01-01,1930-06-01,deceased
38927,61714,62900,1892-01-01,1927-06-01,deceased
38928,56760,62901,1891-01-01,1930-06-01,deceased
38929,56853,62902,1892-01-01,1945-06-01,deceased
38930,60690,62904,1889-01-01,1935-06-01,deceased
38931,58668,62906,1889-01-01,1915-06-01,deceased
38932,60022,62907,1894-01-01,1919-06-01,deceased
38933,59202,62908,1894-01-01,1914-06-01,deceased
38934,60397,62909,1891-01-01,1906-06-01,deceased
38935,61460,62910,1889-01-01,1937-06-01,deceased
38936,56930,62911,1890-01-01,1915-06-01,deceased
38937,60617,62912,1893-01-01,1951-06-01,deceased
38938,59984,62913,1892-01-01,1923-06-01,deceased
38939,59524,62914,1892-01-01,1917-06-01,deceased
38940,60801,62915,1894-01-01,1925-06-01,deceased
38941,61661,62916,1892-01-01,1911-06-01,deceased
38942,60110,62917,1894-01-01,1917-06-01,deceased
38943,56409,62918,1891-01-01,1950-06-01,deceased
38944,58281,62919,1894-01-01,1922-06-01,deceased
38945,58756,58504,1892-01-01,1911-06-01,deceased
38946,60660,62922,1894-01-01,1913-06-01,deceased
38947,57748,60892,1891-01-01,1929-06-01,deceased
38948,61728,62923,1892-01-01,1927-06-01,deceased
38949,61867,57003,1895-01-01,1913-06-01,deceased
38950,59646,62924,1894-01-01,1922-06-01,deceased
38951,56228,62926,1892-01-01,1932-06-01,deceased
38952,60363,62927,1891-01-01,1921-06-01,deceased
38953,60331,62928,1895-01-01,1949-06-01,deceased
38954,59352,62930,1893-01-01,1934-06-01,deceased
38955,59705,56118,1892-01-01,1917-06-01,deceased
38956,61469,62931,1890-01-01,1916-06-01,deceased
38957,59447,62932,1894-01-01,1923-06-01,deceased
38958,59323,62933,1890-01-01,1924-06-01,deceased
38959,59220,62934,1891-01-01,1919-06-01,deceased
38960,61368,62935,1889-01-01,1948-06-01,deceased
38961,59987,62936,1889-01-01,1918-06-01,deceased
38962,56511,62937,1891-01-01,1956-06-01,deceased
38963,58880,62938,1889-01-01,1908-06-01,deceased
38964,57305,62939,1893-01-01,1912-06-01,deceased
38965,59469,62940,1892-01-01,1931-06-01,deceased
38966,60923,62941,1892-01-01,1915-06-01,deceased
38967,60735,62942,1895-01-01,1919-06-01,deceased
38968,60502,62943,1892-01-01,1917-06-01,deceased
38969,57533,62944,1892-01-01,1923-06-01,deceased
38970,59142,58306,1890-01-01,1912-06-01,deceased
38971,61883,62945,1891-01-01,1916-06-01,deceased
38972,58966,62946,1895-01-01,1918-06-01,deceased
38973,58959,62947,1890-01-01,1914-06-01,deceased
38974,60459,62948,1891-01-01,1922-06-01,deceased
38975,58643,62949,1890-01-01,1919-06-01,deceased
38976,56998,62950,1891-01-01,1923-06-01,deceased
38977,56963,62951,1889-01-01,1910-06-01,deceased
38978,61396,62952,1895-01-01,1944-06-01,deceased
38979,57720,62953,1893-01-01,1944-06-01,deceased
38980,57419,62954,1889-01-01,1914-06-01,deceased
38981,60107,62955,1889-01-01,1920-06-01,deceased
38982,59603,62956,1890-01-01,1911-06-01,deceased
38983,58979,62958,1889-01-01,1934-06-01,deceased
38984,58319,56092,1893-01-01,1931-06-01,deceased
38985,61459,62959,1894-01-01,1932-06-01,deceased
38986,57041,62960,1891-01-01,1919-06-01,deceased
38987,58142,62962,1895-01-01,1938-06-01,deceased
38988,61187,60624,1889-01-01,1933-06-01,deceased
38989,56275,62963,1895-01-01,1919-06-01,deceased
38990,60649,62964,1894-01-01,1941-06-01,deceased
38991,60743,62965,1893-01-01,1937-06-01,deceased
38992,58644,62966,1895-01-01,1939-06-01,deceased
38993,56786,58788,1895-01-01,1911-06-01,deceased
38994,58255,62967,1892-01-01,1925-06-01,deceased
38995,58495,62968,1890-01-01,1909-06-01,deceased
38996,57688,62971,1891-01-01,1930-06-01,deceased
38997,60908,62972,1894-01-01,1932-06-01,deceased
38998,56084,62973,1891-01-01,1910-06-01,deceased
38999,60102,62974,1892-01-01,1913-06-01,deceased
39000,57705,62975,1894-01-01,1929-06-01,deceased
39001,56091,62976,1895-01-01,1917-06-01,deceased
39002,60976,62977,1889-01-01,1915-06-01,deceased
39003,60427,62978,1890-01-01,1946-06-01,deceased
39004,55929,62979,1891-01-01,1911-06-01,deceased
39005,56897,62980,1893-01-01,1912-06-01,deceased
39006,57074,62981,1895-01-01,1921-06-01,deceased
39007,59004,62982,1892-01-01,1926-06-01,deceased
39008,56983,62983,1894-01-01,1932-06-01,deceased
39009,60003,62984,1892-01-01,1921-06-01,deceased
39010,58868,62985,1890-01-01,1936-06-01,deceased
39011,56992,62986,1891-01-01,1934-06-01,deceased
39012,60732,62987,1894-01-01,1920-06-01,deceased
39013,58981,62988,1891-01-01,1911-06-01,deceased
39014,59731,62989,1890-01-01,1922-06-01,deceased
39015,58283,62990,1891-01-01,1919-06-01,deceased
39016,61224,62991,1892-01-01,1943-06-01,deceased
39017,60262,60891,1892-01-01,1911-06-01,deceased
39018,57469,62993,1889-01-01,1948-06-01,deceased
39019,60925,62994,1891-01-01,1930-06-01,deceased
39020,59693,62995,1895-01-01,1928-06-01,deceased
39021,59649,62996,1893-01-01,1927-06-01,deceased
39022,59380,62997,1892-01-01,1929-06-01,deceased
39023,57331,62998,1890-01-01,1950-06-01,deceased
39024,56817,62999,1894-01-01,1936-06-01,deceased
39025,58381,63000,1892-01-01,1915-06-01,deceased
39026,56142,63001,1894-01-01,1926-06-01,deceased
39027,57925,63002,1890-01-01,1914-06-01,deceased
39028,60133,63003,1893-01-01,1932-06-01,deceased
39029,61639,63004,1889-01-01,1913-06-01,deceased
39030,59600,58659,1894-01-01,1940-06-01,deceased
39031,60237,63005,1890-01-01,1925-06-01,deceased
39032,61533,63006,1889-01-01,1908-06-01,deceased
39033,57424,63008,1894-01-01,1922-06-01,deceased
39034,61400,63009,1892-01-01,1920-06-01,deceased
39035,59701,59721,1890-01-01,1908-06-01,deceased
39036,58738,63010,1890-01-01,1939-06-01,deceased
39037,61972,63011,1889-01-01,1933-06-01,deceased
39038,58191,61798,1893-01-01,1921-06-01,deceased
39039,56532,63013,1889-01-01,1918-06-01,deceased
39040,56844,58599,1889-01-01,1926-06-01,deceased
39041,56468,63015,1891-01-01,1925-06-01,deceased
39042,58451,63016,1895-01-01,1912-06-01,deceased
39043,57293,63017,1889-01-01,1931-06-01,deceased
39044,57550,63018,1889-01-01,1915-06-01,deceased
39045,58135,63019,1893-01-01,1922-06-01,deceased
39046,56903,61272,1892-01-01,1940-06-01,deceased
39047,56209,63020,1892-01-01,1943-06-01,deceased
39048,59388,63021,1893-01-01,1931-06-01,deceased
39049,55993,63022,1892-01-01,1922-06-01,deceased
39050,58889,58391,1892-01-01,1956-06-01,deceased
39051,60790,63023,1891-01-01,1918-06-01,deceased
39052,56005,63024,1889-01-01,1907-06-01,deceased
39053,57144,63025,1895-01-01,1914-06-01,deceased
39054,61559,63026,1890-01-01,1950-06-01,deceased
39055,57797,63028,1892-01-01,1939-06-01,deceased
39056,60115,63029,1889-01-01,1910-06-01,deceased
39057,56634,63031,1889-01-01,1921-06-01,deceased
39058,57687,63033,1892-01-01,1911-06-01,deceased
39059,60616,63034,1891-01-01,1939-06-01,deceased
39060,57733,63035,1891-01-01,1935-06-01,deceased
39061,61231,60518,1894-01-01,1913-06-01,deceased
39062,60139,63036,1894-01-01,1938-06-01,deceased
39063,59186,63037,1894-01-01,1922-06-01,deceased
39064,58521,63038,1894-01-01,1916-06-01,deceased
39065,56365,63039,1889-01-01,1929-06-01,deceased
39066,56137,61118,1895-01-01,1921-06-01,deceased
39067,56576,63040,1889-01-01,1922-06-01,deceased
39068,57063,63041,1895-01-01,1933-06-01,deceased
39069,56958,63043,1892-01-01,1915-06-01,deceased
39070,56515,63044,1889-01-01,1915-06-01,deceased
39071,61085,63045,1891-01-01,1942-06-01,deceased
39072,58560,63046,1893-01-01,1949-06-01,deceased
39073,58585,63047,1894-01-01,1920-06-01,deceased
39074,57914,63048,1890-01-01,1938-06-01,deceased
39075,59716,63049,1891-01-01,1913-06-01,deceased
39076,56591,63050,1894-01-01,1946-06-01,deceased
39077,58300,63051,1889-01-01,1913-06-01,deceased
39078,61916,63052,1891-01-01,1916-06-01,deceased
39079,56201,63053,1892-01-01,1951-06-01,deceased
39080,57716,63054,1891-01-01,1910-06-01,deceased
39081,59963,63055,1894-01-01,1925-06-01,deceased
39082,57017,63056,1892-01-01,1927-06-01,deceased
39083,60593,63057,1892-01-01,1944-06-01,deceased
39084,57744,63058,1893-01-01,1935-06-01,deceased
39085,56491,63059,1890-01-01,1907-06-01,deceased
39086,58902,63060,1891-01-01,1920-06-01,deceased
39087,58697,63061,1893-01-01,1922-06-01,deceased
39088,60253,63062,1890-01-01,1910-06-01,deceased
39089,60636,63063,1894-01-01,1928-06-01,deceased
39090,59104,63064,1889-01-01,1913-06-01,deceased
39091,58908,63065,1895-01-01,1946-06-01,deceased
39092,59772,63066,1892-01-01,1932-06-01,deceased
39093,61537,63068,1895-01-01,1915-06-01,deceased
39094,60296,63069,1891-01-01,1923-06-01,deceased
39095,56121,59416,1890-01-01,1916-06-01,deceased
39096,61049,63070,1889-01-01,1908-06-01,deceased
39097,59852,63071,1891-01-01,1943-06-01,deceased
39098,59306,63073,1892-01-01,1931-06-01,deceased
39099,59054,57620,1892-01-01,1928-06-01,deceased
39100,56237,63074,1892-01-01,1923-06-01,deceased
39101,56850,63075,1890-01-01,1930-06-01,deceased
39102,58263,63076,1889-01-01,1915-06-01,deceased
39103,57129,63077,1892-01-01,1928-06-01,deceased
39104,58056,63078,1895-01-01,1937-06-01,deceased
39105,60210,63079,1891-01-01,1926-06-01,deceased
39106,60557,63081,1895-01-01,1930-06-01,deceased
39107,56338,63082,1890-01-01,1907-06-01,deceased
39108,61228,63083,1895-01-01,1940-06-01,deceased
39109,59065,63084,1891-01-01,1911-06-01,deceased
39110,60214,63085,1890-01-01,1916-06-01,deceased
39111,58112,63086,1895-01-01,1928-06-01,deceased
39112,57196,63087,1893-01-01,1913-06-01,deceased
39113,61809,63088,1893-01-01,1911-06-01,deceased
39114,56101,63089,1893-01-01,1914-06-01,deceased
39115,56761,59177,1889-01-01,1941-06-01,deceased
39116,60000,63091,1891-01-01,1932-06-01,deceased
39117,58595,63092,1891-01-01,1936-06-01,deceased
39118,60096,63093,1891-01-01,1946-06-01,deceased
39119,60303,63094,1894-01-01,1946-06-01,deceased
39120,57040,63095,1894-01-01,1930-06-01,deceased
39121,60379,63098,1891-01-01,1921-06-01,deceased
39122,60721,63099,1894-01-01,1923-06-01,deceased
39123,56994,63100,1891-01-01,1938-06-01,deceased
39124,60584,63101,1889-01-01,1911-06-01,deceased
39125,60384,63102,1891-01-01,1933-06-01,deceased
39126,56610,63103,1895-01-01,1921-06-01,deceased
39127,56420,63104,1892-01-01,1914-06-01,deceased
39128,59902,63105,1892-01-01,1918-06-01,deceased
39129,59490,63106,1889-01-01,1934-06-01,deceased
39130,61738,63107,1889-01-01,1933-06-01,deceased
39131,59654,63108,1895-01-01,1940-06-01,deceased
39132,58078,63109,1890-01-01,1914-06-01,deceased
39133,56250,63110,1893-01-01,1951-06-01,deceased
39134,56625,63111,1891-01-01,1922-06-01,deceased
39135,61933,63112,1889-01-01,1940-06-01,deceased
39136,59920,63113,1892-01-01,1925-06-01,deceased
39137,58686,63115,1894-01-01,1918-06-01,deceased
39138,61648,63116,1890-01-01,1909-06-01,deceased
39139,57557,63117,1893-01-01,1922-06-01,deceased
39140,59288,63118,1895-01-01,1928-06-01,deceased
39141,60827,63119,1889-01-01,1924-06-01,deceased
39142,60156,63120,1889-01-01,1947-06-01,deceased
39143,59102,63121,1894-01-01,1917-06-01,deceased
39144,61948,63122,1895-01-01,1912-06-01,deceased
39145,56681,63123,1892-01-01,1922-06-01,deceased
39146,61717,63124,1889-01-01,1942-06-01,deceased
39147,60695,63125,1892-01-01,1919-06-01,deceased
39148,58337,63126,1893-01-01,1922-06-01,deceased
39149,58194,63127,1889-01-01,1934-06-01,deceased
39150,58912,63129,1891-01-01,1933-06-01,deceased
39151,55959,63130,1891-01-01,1914-06-01,deceased
39152,57909,63131,1890-01-01,1933-06-01,deceased
39153,59097,63132,1894-01-01,1949-06-01,deceased
39154,56706,63133,1893-01-01,1929-06-01,deceased
39155,58456,58525,1895-01-01,1926-06-01,deceased
39156,56498,63136,1890-01-01,1924-06-01,deceased
39157,61746,56725,1891-01-01,1921-06-01,deceased
39158,57896,63137,1893-01-01,1911-06-01,deceased
39159,60284,63138,1889-01-01,1926-06-01,deceased
39160,59959,63139,1889-01-01,1928-06-01,deceased
39161,58230,63141,1890-01-01,1911-06-01,deceased
39162,56150,59259,1890-01-01,1922-06-01,deceased
39163,59898,63142,1895-01-01,1932-06-01,deceased
39164,57734,63143,1889-01-01,1922-06-01,deceased
39165,60024,63144,1891-01-01,1912-06-01,deceased
39166,58145,63145,1895-01-01,1940-06-01,deceased
39167,59590,63146,1891-01-01,1931-06-01,deceased
39168,60172,63147,1895-01-01,1949-06-01,deceased
39169,58607,63148,1890-01-01,1917-06-01,deceased
39170,57675,60511,1894-01-01,1948-06-01,deceased
39171,58027,63149,1890-01-01,1922-06-01,deceased
39172,58653,63150,1893-01-01,1946-06-01,deceased
39173,58205,57493,1891-01-01,1939-06-01,deceased
39174,57151,63151,1891-01-01,1919-06-01,deceased
39175,59982,63152,1894-01-01,1920-06-01,deceased
39176,59846,63153,1893-01-01,1924-06-01,deceased
39177,58083,56763,1892-01-01,1931-06-01,deceased
39178,58279,58882,1891-01-01,1927-06-01,deceased
39179,57318,63155,1891-01-01,1918-06-01,deceased
39180,59830,63156,1895-01-01,1910-06-01,deceased
39181,59052,63157,1889-01-01,1924-06-01,deceased
39182,58810,63158,1892-01-01,1927-06-01,deceased
39183,58105,60905,1892-01-01,1947-06-01,deceased
39184,61742,63159,1892-01-01,1927-06-01,deceased
39185,58023,63160,1894-01-01,1921-06-01,deceased
39186,58167,63161,1892-01-01,1949-06-01,deceased
39187,61480,63162,1891-01-01,1910-06-01,deceased
39188,58619,63163,1891-01-01,1916-06-01,deceased
39189,57563,63164,1891-01-01,1953-06-01,deceased
39190,57877,63165,1890-01-01,1921-06-01,deceased
39191,61722,63166,1892-01-01,1922-06-01,deceased
39192,56057,63167,1894-01-01,1923-06-01,deceased
39193,61697,58421,1890-01-01,1929-06-01,deceased
39194,61625,63168,1895-01-01,1932-06-01,deceased
39195,60985,63169,1889-01-01,1914-06-01,deceased
39196,61589,63170,1889-01-01,1925-06-01,deceased
39197,56148,55904,1895-01-01,1949-06-01,deceased
39198,58491,63171,1892-01-01,1924-06-01,deceased
39199,58476,58363,1891-01-01,1910-06-01,deceased
39200,56257,63172,1891-01-01,1919-06-01,deceased
39201,61824,63173,1892-01-01,1929-06-01,deceased
39202,55972,63174,1895-01-01,1925-06-01,deceased
39203,57579,63175,1895-01-01,1917-06-01,deceased
39204,61566,63176,1894-01-01,1937-06-01,deceased
39205,57110,63177,1891-01-01,1912-06-01,deceased
39206,58615,63178,1890-01-01,1949-06-01,deceased
39207,58611,63179,1894-01-01,1941-06-01,deceased
39208,56564,63180,1889-01-01,1911-06-01,deceased
39209,59433,63181,1894-01-01,1912-06-01,deceased
39210,57564,63182,1890-01-01,1938-06-01,deceased
39211,60950,63183,1890-01-01,1923-06-01,deceased
39212,58835,63185,1891-01-01,1906-06-01,deceased
39213,58972,63186,1894-01-01,1936-06-01,deceased
39214,58043,63187,1890-01-01,1911-06-01,deceased
39215,61855,63189,1893-01-01,1944-06-01,deceased
39216,59951,63190,1889-01-01,1937-06-01,deceased
39217,57010,63191,1889-01-01,1930-06-01,deceased
39218,59543,63192,1892-01-01,1911-06-01,deceased
39219,56326,58282,1893-01-01,1940-06-01,deceased
39220,60844,63194,1892-01-01,1914-06-01,deceased
39221,60949,63195,1895-01-01,1937-06-01,deceased
39222,60405,63196,1891-01-01,1919-06-01,deceased
39223,57494,63197,1895-01-01,1937-06-01,deceased
39224,61791,61507,1889-01-01,1937-06-01,deceased
39225,56808,63198,1892-01-01,1932-06-01,deceased
39226,58003,63199,1895-01-01,1936-06-01,deceased
39227,60878,63200,1893-01-01,1912-06-01,deceased
39228,61115,63201,1889-01-01,1920-06-01,deceased
39229,59621,63202,1892-01-01,1915-06-01,deceased
39230,57551,63203,1895-01-01,1926-06-01,deceased
39231,61877,63204,1893-01-01,1914-06-01,deceased
39232,55890,63205,1889-01-01,1929-06-01,deceased
39233,58287,63206,1890-01-01,1912-06-01,deceased
39234,58674,63207,1891-01-01,1912-06-01,deceased
39235,56208,63208,1890-01-01,1928-06-01,deceased
39236,61121,63209,1894-01-01,1914-06-01,deceased
39237,56459,63210,1893-01-01,1920-06-01,deceased
39238,60408,63211,1889-01-01,1930-06-01,deceased
39239,56362,63212,1894-01-01,1921-06-01,deceased
39240,56824,63213,1892-01-01,1943-06-01,deceased
39241,60391,63215,1889-01-01,1915-06-01,deceased
39242,56613,63216,1890-01-01,1912-06-01,deceased
39243,57156,63217,1894-01-01,1931-06-01,deceased
39244,61326,63218,1889-01-01,1922-06-01,deceased
39245,57075,63219,1891-01-01,1935-06-01,deceased
39246,58831,63220,1894-01-01,1913-06-01,deceased
39247,61060,63221,1893-01-01,1916-06-01,deceased
39248,56196,63222,1893-01-01,1912-06-01,deceased
39249,58505,63223,1889-01-01,1925-06-01,deceased
39250,58606,63224,1890-01-01,1913-06-01,deceased
39251,61551,63225,1892-01-01,1931-06-01,deceased
39252,60106,63227,1892-01-01,1920-06-01,deceased
39253,56782,63228,1891-01-01,1943-06-01,deceased
39254,61454,63231,1889-01-01,1924-06-01,deceased
39255,61330,63233,1889-01-01,1922-06-01,deceased
39256,61698,63234,1895-01-01,1937-06-01,deceased
39257,56840,59184,1895-01-01,1944-06-01,deceased
39258,57202,63235,1895-01-01,1923-06-01,deceased
39259,56107,63236,1894-01-01,1910-06-01,deceased
39260,60063,61276,1889-01-01,1930-06-01,deceased
39261,61328,63237,1891-01-01,1914-06-01,deceased
39262,61174,63238,1889-01-01,1909-06-01,deceased
39263,61911,63239,1889-01-01,1906-06-01,deceased
39264,57301,63240,1893-01-01,1915-06-01,deceased
39265,59708,63241,1895-01-01,1926-06-01,deceased
39266,59464,63242,1890-01-01,1911-06-01,deceased
39267,61322,63244,1892-01-01,1938-06-01,deceased
39268,57559,61713,1894-01-01,1922-06-01,deceased
39269,61340,63245,1894-01-01,1933-06-01,deceased
39270,60559,56479,1891-01-01,1921-06-01,deceased
39271,60256,63246,1893-01-01,1924-06-01,deceased
39272,60804,63247,1892-01-01,1926-06-01,deceased
39273,58914,63248,1893-01-01,1949-06-01,deceased
39274,57119,63249,1891-01-01,1922-06-01,deceased
39275,57800,63250,1890-01-01,1923-06-01,deceased
39276,61768,63251,1895-01-01,1945-06-01,deceased
39277,60347,63252,1895-01-01,1937-06-01,deceased
39278,61425,63254,1890-01-01,1919-06-01,deceased
39279,59046,63255,1895-01-01,1949-06-01,deceased
39280,56371,63256,1894-01-01,1944-06-01,deceased
39281,57950,63257,1893-01-01,1935-06-01,deceased
39282,56748,63258,1889-01-01,1916-06-01,deceased
39283,57973,59267,1891-01-01,1919-06-01,deceased
39284,60339,63259,1893-01-01,1913-06-01,deceased
39285,56174,63260,1890-01-01,1908-06-01,deceased
39286,56167,63261,1892-01-01,1944-06-01,deceased
39287,57252,63263,1891-01-01,1934-06-01,deceased
39288,58104,63264,1889-01-01,1933-06-01,deceased
39289,60780,63265,1894-01-01,1946-06-01,deceased
39290,58836,63266,1893-01-01,1914-06-01,deceased
39291,59162,63267,1895-01-01,1926-06-01,deceased
39292,56509,63268,1891-01-01,1914-06-01,deceased
39293,60665,63269,1889-01-01,1933-06-01,deceased
39294,58754,63270,1892-01-01,1912-06-01,deceased
39295,58848,58060,1893-01-01,1923-06-01,deceased
39296,57632,63271,1892-01-01,1918-06-01,deceased
39297,61723,63272,1891-01-01,1909-06-01,deceased
39298,58187,63273,1892-01-01,1917-06-01,deceased
39299,57461,63274,1893-01-01,1914-06-01,deceased
39300,57930,63275,1890-01-01,1948-06-01,deceased
39301,59320,56214,1890-01-01,1924-06-01,deceased
39302,60865,63277,1893-01-01,1916-06-01,deceased
39303,57023,63278,1893-01-01,1917-06-01,deceased
39304,56377,61531,1890-01-01,1922-06-01,deceased
39305,58778,63279,1894-01-01,1914-06-01,deceased
39306,58081,61563,1892-01-01,1935-06-01,deceased
39307,57428,63280,1895-01-01,1927-06-01,deceased
39308,60275,63281,1894-01-01,1934-06-01,deceased
39309,57238,63282,1891-01-01,1925-06-01,deceased
39310,58694,63283,1889-01-01,1913-06-01,deceased
39311,57347,63284,1894-01-01,1912-06-01,deceased
39312,61806,60447,1893-01-01,1930-06-01,deceased
39313,57414,63285,1895-01-01,1930-06-01,deceased
39314,58726,63287,1892-01-01,1924-06-01,deceased
39315,58246,63288,1892-01-01,1944-06-01,deceased
39316,56857,63289,1894-01-01,1934-06-01,deceased
39317,58782,63290,1894-01-01,1954-06-01,deceased
39318,58162,57935,1891-01-01,1922-06-01,deceased
39319,58872,63291,1895-01-01,1914-06-01,deceased
39320,57378,63292,1890-01-01,1910-06-01,deceased
39321,58098,63293,1890-01-01,1947-06-01,deceased
39322,56311,63294,1890-01-01,1911-06-01,deceased
39323,57626,63295,1895-01-01,1933-06-01,deceased
39324,61207,63296,1895-01-01,1929-06-01,deceased
39325,61814,63299,1891-01-01,1927-06-01,deceased
39326,58740,63301,1894-01-01,1922-06-01,deceased
39327,58890,63302,1892-01-01,1922-06-01,deceased
39328,59417,63303,1894-01-01,1920-06-01,deceased
39329,56615,63304,1893-01-01,1912-06-01,deceased
39330,58552,63305,1893-01-01,1922-06-01,deceased
39331,58318,63306,1893-01-01,1939-06-01,deceased
39332,60711,63307,1891-01-01,1925-06-01,deceased
39333,60813,60288,1895-01-01,1929-06-01,deceased
39334,56765,59958,1889-01-01,1951-06-01,deceased
39335,58853,63308,1894-01-01,1913-06-01,deceased
39336,57125,63309,1890-01-01,1923-06-01,deceased
39337,59751,63311,1894-01-01,1937-06-01,deceased
39338,61783,63312,1890-01-01,1932-06-01,deceased
39339,60030,63314,1891-01-01,1950-06-01,deceased
39340,56619,63315,1894-01-01,1928-06-01,deceased
39341,59124,63317,1889-01-01,1914-06-01,deceased
39342,56813,63319,1890-01-01,1913-06-01,deceased
39343,59438,63320,1895-01-01,1913-06-01,deceased
39344,60564,63321,1889-01-01,1929-06-01,deceased
39345,61623,57460,1889-01-01,1957-06-01,deceased
39346,59357,63323,1893-01-01,1911-06-01,deceased
39347,57264,56226,1893-01-01,1937-06-01,deceased
39348,60421,63324,1891-01-01,1924-06-01,deceased
39349,58703,63325,1889-01-01,1923-06-01,deceased
39350,58481,63327,1890-01-01,1918-06-01,deceased
39351,57906,63328,1895-01-01,1926-06-01,deceased
39352,57361,63329,1894-01-01,1917-06-01,deceased
39353,55965,59309,1893-01-01,1907-06-01,deceased
39354,58127,63330,1891-01-01,1911-06-01,deceased
39355,57926,63331,1895-01-01,1919-06-01,deceased
39356,58510,63332,1889-01-01,1931-06-01,deceased
39357,57624,63333,1893-01-01,1922-06-01,deceased
39358,56815,56828,1892-01-01,1920-06-01,deceased
39359,58310,63334,1890-01-01,1905-06-01,deceased
39360,61860,58548,1889-01-01,1932-06-01,deceased
39361,60241,63335,1893-01-01,1921-06-01,deceased
39362,61560,63337,1892-01-01,1915-06-01,deceased
39363,57443,57855,1891-01-01,1918-06-01,deceased
39364,56921,63338,1894-01-01,1918-06-01,deceased
39365,61669,63340,1891-01-01,1941-06-01,deceased
39366,59311,63341,1893-01-01,1935-06-01,deceased
39367,58693,59045,1892-01-01,1919-06-01,deceased
39368,58321,63342,1894-01-01,1917-06-01,deceased
39369,56104,63343,1893-01-01,1924-06-01,deceased
39370,56286,63344,1894-01-01,1924-06-01,deceased
39371,58948,63345,1890-01-01,1910-06-01,deceased
39372,55907,63346,1891-01-01,1936-06-01,deceased
39373,61590,63348,1894-01-01,1947-06-01,deceased
39374,58993,63349,1893-01-01,1932-06-01,deceased
39375,55883,63350,1889-01-01,1918-06-01,deceased
39376,60328,63351,1890-01-01,1928-06-01,deceased
39377,55906,63353,1895-01-01,1955-06-01,deceased
39378,59636,63354,1895-01-01,1948-06-01,deceased
39379,58566,59992,1893-01-01,1923-06-01,deceased
39380,56541,63355,1892-01-01,1913-06-01,deceased
39381,59067,63356,1895-01-01,1928-06-01,deceased
39382,56551,60724,1894-01-01,1921-06-01,deceased
39383,60233,57938,1893-01-01,1915-06-01,deceased
39384,57262,63357,1893-01-01,1918-06-01,deceased
39385,60266,63358,1894-01-01,1914-06-01,deceased
39386,58551,63359,1894-01-01,1925-06-01,deceased
39387,58859,56623,1893-01-01,1912-06-01,deceased
39388,59496,63360,1895-01-01,1918-06-01,deceased
39389,61030,63361,1890-01-01,1919-06-01,deceased
39390,57279,63362,1891-01-01,1923-06-01,deceased
39391,61587,63363,1890-01-01,1918-06-01,deceased
39392,57485,63364,1894-01-01,1920-06-01,deceased
39393,59431,63365,1890-01-01,1909-06-01,deceased
39394,60042,63366,1893-01-01,1931-06-01,deceased
39395,61024,63367,1891-01-01,1918-06-01,deceased
39396,56555,63368,1894-01-01,1942-06-01,deceased
39397,58679,63369,1895-01-01,1925-06-01,deceased
39398,59079,63370,1895-01-01,1942-06-01,deceased
39399,58956,63371,1892-01-01,1926-06-01,deceased
39400,61020,60183,1889-01-01,1911-06-01,deceased
39401,56318,61900,1893-01-01,1923-06-01,deceased
39402,61362,63373,1891-01-01,1942-06-01,deceased
39403,59935,63374,1889-01-01,1919-06-01,deceased
39404,58498,63375,1891-01-01,1907-06-01,deceased
39405,58753,63376,1895-01-01,1922-06-01,deceased
39406,61150,63377,1891-01-01,1919-06-01,deceased
39407,57664,63378,1893-01-01,1914-06-01,deceased
39408,58396,63379,1893-01-01,1922-06-01,deceased
39409,57516,63380,1890-01-01,1918-06-01,deceased
39410,61233,63381,1889-01-01,1916-06-01,deceased
39411,57934,58209,1893-01-01,1925-06-01,deceased
39412,59606,63382,1895-01-01,1926-06-01,deceased
39413,57027,63383,1892-01-01,1914-06-01,deceased
39414,58622,63384,1894-01-01,1953-06-01,deceased
39415,56974,57992,1890-01-01,1944-06-01,deceased
39416,56079,63385,1892-01-01,1937-06-01,deceased
39417,57607,63387,1891-01-01,1927-06-01,deceased
39418,59152,63388,1894-01-01,1939-06-01,deceased
39419,57062,61786,1892-01-01,1913-06-01,deceased
39420,56262,63389,1892-01-01,1914-06-01,deceased
39421,61797,63390,1892-01-01,1935-06-01,deceased
39422,55889,63391,1892-01-01,1906-06-01,deceased
39423,57918,63392,1891-01-01,1929-06-01,deceased
39424,59208,56017,1890-01-01,1922-06-01,deceased
39425,57555,63393,1889-01-01,1906-06-01,deceased
39426,61607,63394,1894-01-01,1930-06-01,deceased
39427,59734,63395,1891-01-01,1924-06-01,deceased
39428,59344,63396,1894-01-01,1916-06-01,deceased
39429,60371,63397,1893-01-01,1929-06-01,deceased
39430,57999,63398,1895-01-01,1919-06-01,deceased
39431,58534,63399,1895-01-01,1927-06-01,deceased
39432,60318,63400,1891-01-01,1912-06-01,deceased
39433,60728,63401,1895-01-01,1913-06-01,deceased
39434,56351,63403,1894-01-01,1914-06-01,deceased
39435,57507,63404,1894-01-01,1914-06-01,deceased
39436,57751,57712,1889-01-01,1956-06-01,deceased
39437,57793,63405,1893-01-01,1911-06-01,deceased
39438,58242,63406,1890-01-01,1920-06-01,deceased
39439,59996,63407,1895-01-01,1934-06-01,deceased
39440,60453,63408,1895-01-01,1944-06-01,deceased
39441,59688,63409,1889-01-01,1918-06-01,deceased
39442,57363,56727,1895-01-01,1914-06-01,deceased
39443,56567,59440,1890-01-01,1920-06-01,deceased
39444,60769,59062,1895-01-01,1931-06-01,deceased
39445,59570,63410,1891-01-01,1911-06-01,deceased
39446,61438,63411,1891-01-01,1938-06-01,deceased
39447,59741,63412,1895-01-01,1935-06-01,deceased
39448,60243,63413,1895-01-01,1927-06-01,deceased
39449,57514,63414,1891-01-01,1944-06-01,deceased
39450,61869,63415,1894-01-01,1953-06-01,deceased
39451,55964,63416,1892-01-01,1913-06-01,deceased
39452,56645,63418,1891-01-01,1913-06-01,deceased
39453,60198,63419,1893-01-01,1924-06-01,deceased
39454,61137,57502,1894-01-01,1932-06-01,deceased
39455,58133,63421,1890-01-01,1922-06-01,deceased
39456,59234,57658,1890-01-01,1912-06-01,deceased
39457,56111,63423,1889-01-01,1957-06-01,deceased
39458,57538,63424,1889-01-01,1948-06-01,deceased
39459,57580,63425,1890-01-01,1940-06-01,deceased
39460,61765,63426,1889-01-01,1946-06-01,deceased
39461,61655,63427,1895-01-01,1930-06-01,deceased
39462,59318,63428,1889-01-01,1934-06-01,deceased
39463,58077,63429,1893-01-01,1946-06-01,deceased
39464,59454,63430,1889-01-01,1914-06-01,deceased
39465,56895,63431,1889-01-01,1909-06-01,deceased
39466,57676,63432,1890-01-01,1921-06-01,deceased
39467,57648,63433,1895-01-01,1952-06-01,deceased
39468,60597,63434,1893-01-01,1929-06-01,deceased
39469,60955,63435,1891-01-01,1933-06-01,deceased
39470,57864,63437,1889-01-01,1916-06-01,deceased
39471,56255,63438,1893-01-01,1944-06-01,deceased
39472,57483,63439,1895-01-01,1919-06-01,deceased
39473,59981,63440,1890-01-01,1956-06-01,deceased
39474,60074,63441,1890-01-01,1926-06-01,deceased
39475,61402,63442,1892-01-01,1921-06-01,deceased
39476,59645,63444,1894-01-01,1936-06-01,deceased
39477,60967,63445,1891-01-01,1921-06-01,deceased
39478,56384,63446,1890-01-01,1932-06-01,deceased
39479,60563,63447,1894-01-01,1921-06-01,deceased
39480,60240,58494,1889-01-01,1917-06-01,deceased
39481,56501,63448,1889-01-01,1909-06-01,deceased
39482,59021,63449,1893-01-01,1933-06-01,deceased
39483,56088,63450,1892-01-01,1912-06-01,deceased
39484,59789,63451,1890-01-01,1936-06-01,deceased
39485,57161,63452,1892-01-01,1921-06-01,deceased
39486,56052,63453,1891-01-01,1921-06-01,deceased
39487,60287,63454,1892-01-01,1939-06-01,deceased
39488,56127,63455,1891-01-01,1921-06-01,deceased
39489,59921,63457,1892-01-01,1925-06-01,deceased
39490,55885,63458,1891-01-01,1919-06-01,deceased
39491,60060,63460,1889-01-01,1914-06-01,deceased
39492,57236,63461,1889-01-01,1929-06-01,deceased
39493,56339,63462,1889-01-01,1928-06-01,deceased
39494,57353,63463,1891-01-01,1910-06-01,deceased
39495,61935,63464,1891-01-01,1937-06-01,deceased
39496,60182,63465,1890-01-01,1907-06-01,deceased
39497,56064,63466,1894-01-01,1912-06-01,deceased
39498,59737,63467,1895-01-01,1935-06-01,deceased
39499,59006,63469,1890-01-01,1924-06-01,deceased
39500,56357,63471,1895-01-01,1930-06-01,deceased
39501,59886,61035,1891-01-01,1918-06-01,deceased
39502,60548,63473,1894-01-01,1925-06-01,deceased
39503,57084,63475,1892-01-01,1936-06-01,deceased
39504,59553,63476,1893-01-01,1912-06-01,deceased
39505,58484,63478,1889-01-01,1929-06-01,deceased
39506,58999,63479,1890-01-01,1909-06-01,deceased
39507,61710,63481,1895-01-01,1932-06-01,deceased
39508,60670,63482,1892-01-01,1931-06-01,deceased
39509,58019,63483,1893-01-01,1912-06-01,deceased
39510,61101,63484,1894-01-01,1924-06-01,deceased
39511,59449,61906,1894-01-01,1918-06-01,deceased
39512,56517,63486,1895-01-01,1933-06-01,deceased
39513,57009,63487,1895-01-01,1950-06-01,deceased
39514,59756,63488,1895-01-01,1924-06-01,deceased
39515,58165,63489,1894-01-01,1941-06-01,deceased
39516,59145,63490,1894-01-01,1938-06-01,deceased
39517,61627,63491,1892-01-01,1928-06-01,deceased
39518,59545,63493,1891-01-01,1916-06-01,deceased
39519,57519,63494,1895-01-01,1914-06-01,deceased
39520,61320,63495,1892-01-01,1916-06-01,deceased
39521,59531,63496,1891-01-01,1913-06-01,deceased
39522,57621,63497,1892-01-01,1931-06-01,deceased
39523,60289,63498,1891-01-01,1916-06-01,deceased
39524,61304,63499,1890-01-01,1947-06-01,deceased
39525,61170,63500,1891-01-01,1932-06-01,deceased
39526,57467,63502,1890-01-01,1934-06-01,deceased
39527,59183,63504,1895-01-01,1930-06-01,deceased
39528,56877,58879,1893-01-01,1921-06-01,deceased
39529,60170,63506,1889-01-01,1910-06-01,deceased
39530,60166,63507,1892-01-01,1935-06-01,deceased
39531,61656,63508,1893-01-01,1908-06-01,deceased
39532,60819,63509,1893-01-01,1932-06-01,deceased
39533,57534,59679,1889-01-01,1909-06-01,deceased
39534,59466,63510,1895-01-01,1937-06-01,deceased
39535,60435,63511,1893-01-01,1931-06-01,deceased
39536,61875,63512,1891-01-01,1923-06-01,deceased
39537,59019,56558,1893-01-01,1911-06-01,deceased
39538,56034,63513,1892-01-01,1935-06-01,deceased
39539,55980,63514,1890-01-01,1922-06-01,deceased
39540,60514,63515,1892-01-01,1921-06-01,deceased
39541,61086,63516,1890-01-01,1937-06-01,deceased
39542,60161,63517,1893-01-01,1927-06-01,deceased
39543,61389,61083,1891-01-01,1914-06-01,deceased
39544,61365,63518,1894-01-01,1914-06-01,deceased
39545,57809,63519,1894-01-01,1930-06-01,deceased
39546,58448,63520,1894-01-01,1940-06-01,deceased
39547,61822,63521,1892-01-01,1908-06-01,deceased
39548,57292,63522,1894-01-01,1929-06-01,deceased
39549,59114,63523,1892-01-01,1915-06-01,deceased
39550,57304,58916,1890-01-01,1911-06-01,deceased
39551,60322,63525,1893-01-01,1926-06-01,deceased
39552,58620,63526,1892-01-01,1931-06-01,deceased
39553,56785,57972,1890-01-01,1920-06-01,deceased
39554,57647,59051,1889-01-01,1958-06-01,deceased
39555,56803,61406,1891-01-01,1947-06-01,deceased
39556,59945,63527,1893-01-01,1925-06-01,deceased
39557,57613,63528,1891-01-01,1911-06-01,deceased
39558,57057,63529,1889-01-01,1921-06-01,deceased
39559,55900,63530,1893-01-01,1953-06-01,deceased
39560,59862,59291,1893-01-01,1928-06-01,deceased
39561,58126,63531,1891-01-01,1939-06-01,deceased
39562,60047,63532,1894-01-01,1947-06-01,deceased
39563,59188,63534,1894-01-01,1932-06-01,deceased
39564,56304,63535,1893-01-01,1921-06-01,deceased
39565,56735,63536,1894-01-01,1915-06-01,deceased
39566,57488,63537,1891-01-01,1929-06-01,deceased
39567,59752,63538,1892-01-01,1920-06-01,deceased
39568,60464,63540,1891-01-01,1925-06-01,deceased
39569,61427,63541,1892-01-01,1915-06-01,deceased
39570,57271,63542,1889-01-01,1944-06-01,deceased
39571,60305,61726,1892-01-01,1941-06-01,deceased
39572,56438,56063,1894-01-01,1933-06-01,deceased
39573,59354,63543,1889-01-01,1923-06-01,deceased
39574,56082,63544,1889-01-01,1922-06-01,deceased
39575,56354,58185,1891-01-01,1931-06-01,deceased
39576,58992,63545,1894-01-01,1931-06-01,deceased
39577,61239,58757,1894-01-01,1918-06-01,deceased
39578,57671,63546,1889-01-01,1922-06-01,deceased
39579,59017,63547,1892-01-01,1940-06-01,deceased
39580,60153,60314,1893-01-01,1959-06-01,deceased
39581,58537,63549,1892-01-01,1954-06-01,deceased
39582,57663,63551,1894-01-01,1925-06-01,deceased
39583,60932,63552,1892-01-01,1913-06-01,deceased
39584,56722,60823,1891-01-01,1916-06-01,deceased
39585,61457,63555,1889-01-01,1929-06-01,deceased
39586,56175,63556,1891-01-01,1934-06-01,deceased
39587,59414,63557,1895-01-01,1936-06-01,deceased
39588,60443,63558,1894-01-01,1922-06-01,deceased
39589,55999,63559,1894-01-01,1932-06-01,deceased
39590,61647,63560,1895-01-01,1933-06-01,deceased
39591,59779,63563,1895-01-01,1924-06-01,deceased
39592,58151,63564,1889-01-01,1911-06-01,deceased
39593,56884,63565,1893-01-01,1920-06-01,deceased
39594,61249,63566,1889-01-01,1922-06-01,deceased
39595,57006,63567,1889-01-01,1946-06-01,deceased
39596,60599,63568,1892-01-01,1921-06-01,deceased
39597,56652,57543,1894-01-01,1919-06-01,deceased
39598,57634,56550,1894-01-01,1935-06-01,deceased
39599,57567,63570,1891-01-01,1914-06-01,deceased
39600,61538,63572,1891-01-01,1913-06-01,deceased
39601,58333,63573,1894-01-01,1939-06-01,deceased
39602,56666,63574,1890-01-01,1913-06-01,deceased
39603,58058,63575,1893-01-01,1929-06-01,deceased
39604,57776,56376,1892-01-01,1946-06-01,deceased
39605,61156,63577,1893-01-01,1915-06-01,deceased
39606,61664,61949,1893-01-01,1944-06-01,deceased
39607,59111,63578,1892-01-01,1915-06-01,deceased
39608,59151,63579,1895-01-01,1955-06-01,deceased
39609,61055,63580,1890-01-01,1917-06-01,deceased
39610,59294,63581,1889-01-01,1933-06-01,deceased
39611,60417,63583,1893-01-01,1937-06-01,deceased
39612,61913,63584,1890-01-01,1908-06-01,deceased
39613,55924,63585,1895-01-01,1933-06-01,deceased
39614,61337,63586,1891-01-01,1928-06-01,deceased
39615,55978,59591,1892-01-01,1911-06-01,deceased
39616,60540,59355,1895-01-01,1917-06-01,deceased
39617,59918,63587,1892-01-01,1930-06-01,deceased
39618,57600,60596,1889-01-01,1934-06-01,deceased
39619,57820,63589,1890-01-01,1923-06-01,deceased
39620,57259,63590,1893-01-01,1921-06-01,deceased
39621,55986,63591,1892-01-01,1941-06-01,deceased
39622,60404,63592,1893-01-01,1920-06-01,deceased
39623,57989,63593,1889-01-01,1908-06-01,deceased
39624,61039,63594,1895-01-01,1926-06-01,deceased
39625,56375,63595,1891-01-01,1916-06-01,deceased
39626,55892,57450,1894-01-01,1929-06-01,deceased
39627,61109,63597,1895-01-01,1915-06-01,deceased
39628,55989,63598,1893-01-01,1926-06-01,deceased
39629,58099,63600,1893-01-01,1934-06-01,deceased
39630,61927,63601,1892-01-01,1941-06-01,deceased
39631,61501,63602,1893-01-01,1915-06-01,deceased
39632,56429,63603,1891-01-01,1938-06-01,deceased
39633,60485,63604,1891-01-01,1909-06-01,deceased
39634,59330,59465,1891-01-01,1925-06-01,deceased
39635,60602,59829,1889-01-01,1918-06-01,deceased
39636,59685,63605,1894-01-01,1912-06-01,deceased
39637,60093,63606,1895-01-01,1949-06-01,deceased
39638,57397,63607,1889-01-01,1925-06-01,deceased
39639,55991,59639,1892-01-01,1917-06-01,deceased
39640,61812,63608,1892-01-01,1911-06-01,deceased
39641,59560,63609,1893-01-01,1917-06-01,deceased
39642,61583,63611,1891-01-01,1937-06-01,deceased
39643,58942,63612,1893-01-01,1941-06-01,deceased
39644,58670,59678,1890-01-01,1911-06-01,deceased
39645,59094,63613,1891-01-01,1911-06-01,deceased
39646,60446,61084,1895-01-01,1948-06-01,deceased
39647,60247,63616,1895-01-01,1929-06-01,deceased
39648,56526,63618,1893-01-01,1956-06-01,deceased
39649,58691,63619,1890-01-01,1924-06-01,deceased
39650,61773,63620,1894-01-01,1943-06-01,deceased
39651,60530,57417,1891-01-01,1942-06-01,deceased
39652,56073,60975,1892-01-01,1932-06-01,deceased
39653,58464,63622,1892-01-01,1936-06-01,deceased
39654,57940,63623,1891-01-01,1940-06-01,deceased
39655,59556,63624,1892-01-01,1934-06-01,deceased
39656,56026,63625,1889-01-01,1903-06-01,deceased
39657,60850,63626,1890-01-01,1917-06-01,deceased
39658,57387,63627,1894-01-01,1942-06-01,deceased
39659,56176,63628,1892-01-01,1916-06-01,deceased
39660,56675,63629,1894-01-01,1912-06-01,deceased
39661,56970,63630,1895-01-01,1925-06-01,deceased
39662,58852,63631,1891-01-01,1920-06-01,deceased
39663,56794,63632,1892-01-01,1927-06-01,deceased
39664,60452,63633,1889-01-01,1925-06-01,deceased
39665,58823,63634,1893-01-01,1923-06-01,deceased
39666,60008,63635,1891-01-01,1918-06-01,deceased
39667,59903,63636,1892-01-01,1909-06-01,deceased
39668,60818,60132,1889-01-01,1930-06-01,deceased
39669,60353,63637,1895-01-01,1955-06-01,deceased
39670,59964,63638,1892-01-01,1923-06-01,deceased
39671,57172,63639,1893-01-01,1934-06-01,deceased
39672,56472,63641,1889-01-01,1927-06-01,deceased
39673,59341,63642,1891-01-01,1911-06-01,deceased
39674,56943,63644,1892-01-01,1921-06-01,deceased
39675,59441,56110,1892-01-01,1914-06-01,deceased
39676,58225,63646,1890-01-01,1912-06-01,deceased
39677,61808,59550,1891-01-01,1917-06-01,deceased
39678,58313,63648,1890-01-01,1918-06-01,deceased
39679,55954,63649,1891-01-01,1929-06-01,deceased
39680,60688,63650,1889-01-01,1913-06-01,deceased
39681,61576,63651,1895-01-01,1926-06-01,deceased
39682,55894,57416,1894-01-01,1914-06-01,deceased
39683,57512,61343,1894-01-01,1934-06-01,deceased
39684,58488,63652,1893-01-01,1908-06-01,deceased
39685,58031,63653,1890-01-01,1922-06-01,deceased
39686,57039,63654,1895-01-01,1926-06-01,deceased
39687,59374,63655,1892-01-01,1913-06-01,deceased
39688,61676,63656,1889-01-01,1939-06-01,deceased
39689,57218,63657,1889-01-01,1949-06-01,deceased
39690,57098,63658,1892-01-01,1920-06-01,deceased
39691,59426,63659,1893-01-01,1913-06-01,deceased
39692,58728,63660,1893-01-01,1929-06-01,deceased
39693,57186,63662,1891-01-01,1915-06-01,deceased
39694,61448,63663,1891-01-01,1908-06-01,deceased
39695,60901,63665,1891-01-01,1925-06-01,deceased
39696,59874,63666,1894-01-01,1952-06-01,deceased
39697,60306,63667,1889-01-01,1910-06-01,deceased
39698,57079,63668,1894-01-01,1921-06-01,deceased
39699,57334,63669,1893-01-01,1947-06-01,deceased
39700,57798,63670,1889-01-01,1913-06-01,deceased
39701,57544,63671,1895-01-01,1936-06-01,deceased
39702,58455,63672,1891-01-01,1947-06-01,deceased
39703,58087,63673,1890-01-01,1910-06-01,deceased
39704,57569,63674,1895-01-01,1914-06-01,deceased
39705,61175,63675,1891-01-01,1926-06-01,deceased
39706,56224,63677,1894-01-01,1917-06-01,deceased
39707,58737,63678,1895-01-01,1918-06-01,deceased
39708,60894,63679,1891-01-01,1918-06-01,deceased
39709,61754,63680,1890-01-01,1932-06-01,deceased
39710,61105,63681,1894-01-01,1932-06-01,deceased
39711,58444,63682,1890-01-01,1946-06-01,deceased
39712,59126,63683,1892-01-01,1927-06-01,deceased
39713,60763,63684,1893-01-01,1951-06-01,deceased
39714,56549,63685,1892-01-01,1951-06-01,deceased
39715,59738,63687,1893-01-01,1921-06-01,deceased
39716,57476,63688,1889-01-01,1937-06-01,deceased
39717,57768,63689,1895-01-01,1912-06-01,deceased
39718,61290,63690,1895-01-01,1928-06-01,deceased
39719,58382,63691,1889-01-01,1922-06-01,deceased
39720,57858,60648,1891-01-01,1953-06-01,deceased
39721,59818,63693,1892-01-01,1924-06-01,deceased
39722,59356,63694,1890-01-01,1923-06-01,deceased
39723,56714,63695,1892-01-01,1925-06-01,deceased
39724,56746,63696,1893-01-01,1928-06-01,deceased
39725,61819,63697,1890-01-01,1923-06-01,deceased
39726,58613,58012,1894-01-01,1924-06-01,deceased
39727,58120,63698,1895-01-01,1915-06-01,deceased
39728,59039,63699,1892-01-01,1921-06-01,deceased
39729,60736,63700,1892-01-01,1909-06-01,deceased
39730,58296,63703,1890-01-01,1909-06-01,deceased
39731,59412,63704,1890-01-01,1940-06-01,deceased
39732,60116,63705,1893-01-01,1931-06-01,deceased
39733,59266,63706,1895-01-01,1948-06-01,deceased
39734,57504,63707,1894-01-01,1935-06-01,deceased
39735,58203,59326,1890-01-01,1927-06-01,deceased
39736,61830,63709,1893-01-01,1907-06-01,deceased
39737,56573,63710,1893-01-01,1916-06-01,deceased
39738,57431,63711,1895-01-01,1929-06-01,deceased
39739,59834,63712,1895-01-01,1933-06-01,deceased
39740,59083,61213,1891-01-01,1921-06-01,deceased
39741,56345,63713,1891-01-01,1924-06-01,deceased
39742,59135,63714,1893-01-01,1914-06-01,deceased
39743,56658,63715,1889-01-01,1908-06-01,deceased
39744,56478,63716,1891-01-01,1928-06-01,deceased
39745,57043,63717,1891-01-01,1920-06-01,deceased
39746,57025,63718,1895-01-01,1927-06-01,deceased
39747,61204,63719,1892-01-01,1918-06-01,deceased
39748,57178,63720,1893-01-01,1917-06-01,deceased
39749,57408,63721,1890-01-01,1910-06-01,deceased
39750,57073,63722,1892-01-01,1919-06-01,deceased
39751,56644,63723,1895-01-01,1940-06-01,deceased
39752,61826,63724,1889-01-01,1929-06-01,deceased
39753,57004,63725,1889-01-01,1910-06-01,deceased
39754,57598,63726,1894-01-01,1916-06-01,deceased
39755,59196,63727,1895-01-01,1947-06-01,deceased
39756,59445,63728,1894-01-01,1921-06-01,deceased
39757,57832,63731,1891-01-01,1930-06-01,deceased
39758,60092,63732,1893-01-01,1913-06-01,deceased
39759,60508,63736,1891-01-01,1914-06-01,deceased
39760,56768,63737,1895-01-01,1927-06-01,deceased
39761,57955,63738,1890-01-01,1916-06-01,deceased
39762,58681,63739,1890-01-01,1928-06-01,deceased
39763,59994,63740,1889-01-01,1921-06-01,deceased
39764,60023,59770,1893-01-01,1926-06-01,deceased
39765,61154,63742,1892-01-01,1919-06-01,deceased
39766,61796,63743,1889-01-01,1907-06-01,deceased
39767,60702,63744,1895-01-01,1926-06-01,deceased
39768,61350,57773,1889-01-01,1907-06-01,deceased
39769,59632,63745,1894-01-01,1922-06-01,deceased
39770,61524,57709,1894-01-01,1928-06-01,deceased
39771,61181,63746,1892-01-01,1914-06-01,deceased
39772,58178,63747,1890-01-01,1914-06-01,deceased
39773,56624,63748,1890-01-01,1936-06-01,deceased
39774,59276,63749,1892-01-01,1911-06-01,deceased
39775,57846,63750,1891-01-01,1934-06-01,deceased
39776,61437,63751,1893-01-01,1921-06-01,deceased
39777,59768,63752,1893-01-01,1915-06-01,deceased
39778,61341,63753,1894-01-01,1915-06-01,deceased
39779,56197,63754,1895-01-01,1919-06-01,deceased
39780,59150,59694,1892-01-01,1923-06-01,deceased
39781,57996,63755,1891-01-01,1914-06-01,deceased
39782,60070,59798,1889-01-01,1924-06-01,deceased
39783,60653,63757,1889-01-01,1911-06-01,deceased
39784,59536,63758,1890-01-01,1954-06-01,deceased
39785,58821,63759,1894-01-01,1917-06-01,deceased
39786,57352,63760,1891-01-01,1935-06-01,deceased
39787,61482,63761,1893-01-01,1914-06-01,deceased
39788,60664,63762,1892-01-01,1921-06-01,deceased
39789,57782,63763,1893-01-01,1917-06-01,deceased
39790,60380,63764,1892-01-01,1911-06-01,deceased
39791,58780,63765,1894-01-01,1930-06-01,deceased
39792,61102,63766,1890-01-01,1923-06-01,deceased
39793,58640,63767,1889-01-01,1934-06-01,deceased
39794,60148,61484,1889-01-01,1910-06-01,deceased
39795,59302,63768,1890-01-01,1927-06-01,deceased
39796,61017,63769,1892-01-01,1921-06-01,deceased
39797,56307,63771,1894-01-01,1924-06-01,deceased
39798,61767,63772,1890-01-01,1914-06-01,deceased
39799,59345,63773,1894-01-01,1913-06-01,deceased
39800,58824,63775,1893-01-01,1955-06-01,deceased
39801,59542,63776,1894-01-01,1938-06-01,deceased
39802,57521,57482,1895-01-01,1944-06-01,deceased
39803,59170,56820,1895-01-01,1927-06-01,deceased
39804,56667,63777,1889-01-01,1923-06-01,deceased
39805,60807,63778,1889-01-01,1933-06-01,deceased
39806,58550,63779,1893-01-01,1913-06-01,deceased
39807,61414,59131,1895-01-01,1934-06-01,deceased
39808,56089,63780,1892-01-01,1931-06-01,deceased
39809,58016,63781,1891-01-01,1936-06-01,deceased
39810,58746,63782,1889-01-01,1931-06-01,deceased
39811,60513,63783,1889-01-01,1922-06-01,deceased
39812,60838,63784,1891-01-01,1943-06-01,deceased
39813,59180,63785,1895-01-01,1930-06-01,deceased
39814,58355,59332,1893-01-01,1936-06-01,deceased
39815,57853,63786,1891-01-01,1914-06-01,deceased
39816,56020,63787,1892-01-01,1919-06-01,deceased
39817,59936,63788,1893-01-01,1922-06-01,deceased
39818,58184,63789,1895-01-01,1924-06-01,deceased
39819,60180,56750,1889-01-01,1937-06-01,deceased
39820,57814,59526,1889-01-01,1916-06-01,deceased
39821,55969,63790,1892-01-01,1935-06-01,deceased
39822,61351,63791,1889-01-01,1917-06-01,deceased
39823,60789,63792,1894-01-01,1920-06-01,deceased
39824,60151,63793,1895-01-01,1932-06-01,deceased
39825,56966,63794,1892-01-01,1920-06-01,deceased
39826,56077,63795,1895-01-01,1941-06-01,deceased
39827,57522,63796,1892-01-01,1911-06-01,deceased
39828,56352,56075,1890-01-01,1930-06-01,deceased
39829,59792,63797,1895-01-01,1914-06-01,deceased
39830,56639,63798,1894-01-01,1912-06-01,deceased
39831,57827,63799,1892-01-01,1955-06-01,deceased
39832,59089,63800,1895-01-01,1936-06-01,deceased
39833,58623,63801,1892-01-01,1920-06-01,deceased
39834,55926,63802,1895-01-01,1913-06-01,deceased
39835,55882,63803,1889-01-01,1923-06-01,deceased
39836,59022,63804,1892-01-01,1932-06-01,deceased
39837,61828,63805,1894-01-01,1921-06-01,deceased
39838,61363,63806,1892-01-01,1928-06-01,deceased
39839,59944,60889,1892-01-01,1933-06-01,deceased
39840,58301,63807,1891-01-01,1934-06-01,deceased
39841,61487,63808,1894-01-01,1947-06-01,deceased
39842,56629,63809,1890-01-01,1920-06-01,deceased
39843,61709,63810,1891-01-01,1911-06-01,deceased
39844,59063,63811,1890-01-01,1933-06-01,deceased
39845,56284,63812,1894-01-01,1927-06-01,deceased
39846,59546,63813,1892-01-01,1937-06-01,deceased
39847,59917,63814,1890-01-01,1922-06-01,deceased
39848,61274,63815,1893-01-01,1957-06-01,deceased
39849,58513,63816,1893-01-01,1934-06-01,deceased
39850,61578,63818,1892-01-01,1914-06-01,deceased
39851,57289,63819,1894-01-01,1919-06-01,deceased
39852,58090,63820,1890-01-01,1922-06-01,deceased
39853,58759,63822,1890-01-01,1909-06-01,deceased
39854,61283,63823,1891-01-01,1935-06-01,deceased
39855,59255,57990,1893-01-01,1924-06-01,deceased
39856,61314,63824,1892-01-01,1912-06-01,deceased
39857,60679,63825,1895-01-01,1929-06-01,deceased
39858,60307,63826,1893-01-01,1915-06-01,deceased
39859,58130,63827,1895-01-01,1961-06-01,deceased
39860,59329,63828,1889-01-01,1912-06-01,deceased
39861,61339,63830,1890-01-01,1904-06-01,deceased
39862,58223,63831,1893-01-01,1914-06-01,deceased
39863,58768,63832,1890-01-01,1929-06-01,deceased
39864,58040,63833,1892-01-01,1910-06-01,deceased
39865,56015,63834,1895-01-01,1914-06-01,deceased
39866,56363,63835,1890-01-01,1911-06-01,deceased
39867,61712,63836,1889-01-01,1926-06-01,deceased
39868,59264,60928,1895-01-01,1922-06-01,deceased
39869,56315,63837,1890-01-01,1909-06-01,deceased
39870,60855,63839,1892-01-01,1924-06-01,deceased
39871,56744,63840,1890-01-01,1918-06-01,deceased
39872,57866,63841,1895-01-01,1931-06-01,deceased
39873,58574,63842,1892-01-01,1950-06-01,deceased
39874,61210,63843,1891-01-01,1915-06-01,deceased
39875,57406,63844,1889-01-01,1925-06-01,deceased
39876,56477,63845,1894-01-01,1935-06-01,deceased
39877,58156,63846,1895-01-01,1929-06-01,deceased
39878,57706,63847,1892-01-01,1920-06-01,deceased
39879,59244,58467,1895-01-01,1929-06-01,deceased
39880,61254,63848,1893-01-01,1937-06-01,deceased
39881,56579,63849,1895-01-01,1952-06-01,deceased
39882,58730,63850,1890-01-01,1928-06-01,deceased
39883,59260,63851,1889-01-01,1930-06-01,deceased
39884,59805,63852,1893-01-01,1934-06-01,deceased
39885,56159,63853,1890-01-01,1913-06-01,deceased
39886,56677,63854,1894-01-01,1942-06-01,deceased
39887,58998,63855,1894-01-01,1919-06-01,deceased
39888,57659,63856,1893-01-01,1926-06-01,deceased
39889,61260,63857,1892-01-01,1928-06-01,deceased
39890,57402,63858,1892-01-01,1921-06-01,deceased
39891,59271,63859,1890-01-01,1921-06-01,deceased
39892,58638,63860,1892-01-01,1938-06-01,deceased
39893,61942,63861,1895-01-01,1961-06-01,deceased
39894,56942,63863,1893-01-01,1948-06-01,deceased
39895,56795,63864,1893-01-01,1914-06-01,deceased
39896,61372,63865,1892-01-01,1916-06-01,deceased
39897,56099,63866,1893-01-01,1915-06-01,deceased
39898,61075,63867,1889-01-01,1952-06-01,deceased
39899,60194,63868,1891-01-01,1911-06-01,deceased
39900,57976,63869,1890-01-01,1934-06-01,deceased
39901,61615,63870,1895-01-01,1945-06-01,deceased
39902,59889,60775,1889-01-01,1910-06-01,deceased
39903,59281,63871,1889-01-01,1917-06-01,deceased
39904,57427,63872,1889-01-01,1925-06-01,deceased
39905,60235,63873,1890-01-01,1918-06-01,deceased
39906,59634,63874,1895-01-01,1936-06-01,deceased
39907,60086,57267,1894-01-01,1918-06-01,deceased
39908,61198,59056,1889-01-01,1929-06-01,deceased
39909,55933,63876,1894-01-01,1945-06-01,deceased
39910,61612,63877,1895-01-01,1925-06-01,deceased
39911,56776,61580,1895-01-01,1917-06-01,deceased
39912,58405,63878,1892-01-01,1939-06-01,deceased
39913,59617,63879,1895-01-01,1925-06-01,deceased
39914,60806,63880,1890-01-01,1917-06-01,deceased
39915,56323,63881,1895-01-01,1952-06-01,deceased
39916,61939,63883,1889-01-01,1936-06-01,deceased
39917,56947,63884,1894-01-01,1915-06-01,deceased
39918,57755,63885,1890-01-01,1918-06-01,deceased
39919,60830,63886,1895-01-01,1922-06-01,deceased
39920,61240,63887,1889-01-01,1938-06-01,deceased
39921,61950,63889,1889-01-01,1920-06-01,deceased
39922,59064,63890,1895-01-01,1919-06-01,deceased
39923,57333,63891,1889-01-01,1910-06-01,deceased
39924,55901,58262,1891-01-01,1916-06-01,deceased
39925,61553,60684,1892-01-01,1919-06-01,deceased
39926,57231,63892,1892-01-01,1944-06-01,deceased
39927,59841,63893,1895-01-01,1926-06-01,deceased
39928,60377,63894,1892-01-01,1937-06-01,deceased
39929,57188,63895,1891-01-01,1930-06-01,deceased
39930,61142,63896,1889-01-01,1920-06-01,deceased
39931,56807,63897,1889-01-01,1921-06-01,deceased
39932,60431,63898,1895-01-01,1927-06-01,deceased
39933,61104,63899,1891-01-01,1927-06-01,deceased
39934,57440,56621,1895-01-01,1951-06-01,deceased
39935,58647,63900,1891-01-01,1912-06-01,deceased
39936,56060,63901,1894-01-01,1940-06-01,deceased
39937,58425,56546,1895-01-01,1929-06-01,deceased
39938,56913,63903,1894-01-01,1912-06-01,deceased
39939,56372,63904,1893-01-01,1935-06-01,deceased
39940,59809,63905,1892-01-01,1926-06-01,deceased
39941,61770,63906,1889-01-01,1911-06-01,deceased
39942,60387,63908,1890-01-01,1911-06-01,deceased
39943,57756,63909,1894-01-01,1942-06-01,deceased
39944,59395,63910,1895-01-01,1921-06-01,deceased
39945,59446,59463,1890-01-01,1914-06-01,deceased
39946,60639,63911,1890-01-01,1918-06-01,deceased
39947,58011,63912,1890-01-01,1935-06-01,deceased
39948,59359,63913,1891-01-01,1921-06-01,deceased
39949,57722,60717,1892-01-01,1917-06-01,deceased
39950,61757,63915,1892-01-01,1914-06-01,deceased
39951,59661,63916,1895-01-01,1942-06-01,deceased
39952,61515,56041,1892-01-01,1911-06-01,deceased
39953,59346,63917,1890-01-01,1912-06-01,deceased
39954,59383,63918,1892-01-01,1933-06-01,deceased
39955,61967,63919,1894-01-01,1918-06-01,deceased
39956,60195,63920,1890-01-01,1915-06-01,deceased
39957,57217,63921,1889-01-01,1911-06-01,deceased
39958,59225,63922,1891-01-01,1916-06-01,deceased
39959,58923,63923,1895-01-01,1925-06-01,deceased
39960,59462,63924,1892-01-01,1922-06-01,deceased
39961,56274,63926,1889-01-01,1924-06-01,deceased
39962,58920,63927,1889-01-01,1914-06-01,deceased
39963,59278,63928,1889-01-01,1905-06-01,deceased
39964,56802,63929,1894-01-01,1924-06-01,deceased
39965,61475,59172,1893-01-01,1943-06-01,deceased
39966,56971,63930,1892-01-01,1912-06-01,deceased
39967,61216,57064,1895-01-01,1934-06-01,deceased
39968,60882,63931,1892-01-01,1925-06-01,deceased
39969,59665,56087,1889-01-01,1920-06-01,deceased
39970,61446,63933,1892-01-01,1949-06-01,deceased
39971,57455,63934,1889-01-01,1909-06-01,deceased
39972,60875,63935,1893-01-01,1950-06-01,deceased
39973,57572,63936,1895-01-01,1941-06-01,deceased
39974,59013,57573,1895-01-01,1936-06-01,deceased
39975,58772,56024,1892-01-01,1910-06-01,deceased
39976,58137,63938,1893-01-01,1918-06-01,deceased
39977,60781,63940,1894-01-01,1947-06-01,deceased
39978,59015,63941,1894-01-01,1933-06-01,deceased
39979,56388,63942,1890-01-01,1919-06-01,deceased
39980,60492,63943,1895-01-01,1935-06-01,deceased
39981,58469,61715,1889-01-01,1907-06-01,deceased
39982,58119,63946,1894-01-01,1913-06-01,deceased
39983,61451,63947,1895-01-01,1942-06-01,deceased
39984,59893,63948,1890-01-01,1930-06-01,deceased
39985,61837,63949,1895-01-01,1941-06-01,deceased
39986,57234,63950,1893-01-01,1927-06-01,deceased
39987,61929,63951,1892-01-01,1922-06-01,deceased
39988,59858,63952,1889-01-01,1907-06-01,deceased
39989,56826,58678,1892-01-01,1924-06-01,deceased
39990,57000,63953,1895-01-01,1926-06-01,deceased
39991,57175,63954,1894-01-01,1914-06-01,deceased
39992,57761,58192,1894-01-01,1917-06-01,deceased
39993,61588,63955,1891-01-01,1935-06-01,deceased
39994,60718,63956,1894-01-01,1913-06-01,deceased
39995,59166,63958,1889-01-01,1945-06-01,deceased
39996,59925,63959,1892-01-01,1936-06-01,deceased
39997,59378,63960,1893-01-01,1918-06-01,deceased
39998,59082,63961,1895-01-01,1940-06-01,deceased
39999,60270,59391,1893-01-01,1913-06-01,deceased
40000,56486,63962,1891-01-01,1912-06-01,deceased
40001,58278,63963,1894-01-01,1919-06-01,deceased
40002,58742,63965,1889-01-01,1914-06-01,deceased
40003,56187,63966,1889-01-01,1916-06-01,deceased
40004,60271,63968,1895-01-01,1955-06-01,deceased
40005,59605,63969,1889-01-01,1909-06-01,deceased
40006,58243,63970,1895-01-01,1949-06-01,deceased
40007,60575,63971,1892-01-01,1933-06-01,deceased
40008,57653,63972,1891-01-01,1940-06-01,deceased
40009,60879,63974,1889-01-01,1924-06-01,deceased
40010,60451,63976,1894-01-01,1952-06-01,deceased
40011,57635,63977,1891-01-01,1952-06-01,deceased
40012,60900,63978,1891-01-01,1916-06-01,deceased
40013,60272,63979,1890-01-01,1934-06-01,deceased
40014,57326,63980,1895-01-01,1944-06-01,deceased
40015,59149,63981,1895-01-01,1957-06-01,deceased
40016,58864,63982,1892-01-01,1939-06-01,deceased
40017,61898,63983,1890-01-01,1908-06-01,deceased
40018,57336,59458,1891-01-01,1913-06-01,deceased
40019,61527,59367,1893-01-01,1927-06-01,deceased
40020,56689,63984,1889-01-01,1913-06-01,deceased
40021,58744,63986,1891-01-01,1941-06-01,deceased
40022,61603,63987,1892-01-01,1919-06-01,deceased
40023,61630,57158,1893-01-01,1923-06-01,deceased
40024,59156,63988,1894-01-01,1923-06-01,deceased
40025,59986,63989,1893-01-01,1952-06-01,deceased
40026,60759,59547,1895-01-01,1953-06-01,deceased
40027,58048,63990,1891-01-01,1931-06-01,deceased
40028,56295,63991,1894-01-01,1917-06-01,deceased
40029,58213,63992,1889-01-01,1937-06-01,deceased
40030,60867,59370,1889-01-01,1936-06-01,deceased
40031,56594,63993,1892-01-01,1918-06-01,deceased
40032,56300,63994,1891-01-01,1921-06-01,deceased
40033,56632,63996,1889-01-01,1923-06-01,deceased
40034,56929,63997,1895-01-01,1927-06-01,deceased
40035,58571,63998,1890-01-01,1913-06-01,deceased
40036,58160,63999,1895-01-01,1918-06-01,deceased
40037,57437,64000,1893-01-01,1936-06-01,deceased
40038,61952,64001,1890-01-01,1913-06-01,deceased
40039,60282,64002,1895-01-01,1924-06-01,deceased
40040,61586,64003,1892-01-01,1937-06-01,deceased
40041,60054,64004,1893-01-01,1934-06-01,deceased
40042,58593,64005,1893-01-01,1925-06-01,deceased
40043,56287,64006,1895-01-01,1939-06-01,deceased
40044,60503,61403,1889-01-01,1924-06-01,deceased
40045,61803,64007,1890-01-01,1939-06-01,deceased
40046,58338,64008,1894-01-01,1926-06-01,deceased
40047,56945,64010,1895-01-01,1950-06-01,deceased
40048,58210,64011,1894-01-01,1924-06-01,deceased
40049,60015,64012,1892-01-01,1934-06-01,deceased
40050,56931,64013,1893-01-01,1929-06-01,deceased
40051,60531,64014,1889-01-01,1906-06-01,deceased
40052,56252,64015,1894-01-01,1924-06-01,deceased
40053,60631,64016,1895-01-01,1935-06-01,deceased
40054,58711,64017,1889-01-01,1911-06-01,deceased
40055,55976,64018,1893-01-01,1922-06-01,deceased
40056,58074,64019,1892-01-01,1913-06-01,deceased
40057,57384,58439,1889-01-01,1925-06-01,deceased
40058,61415,64021,1890-01-01,1932-06-01,deceased
40059,57610,64022,1893-01-01,1914-06-01,deceased
40060,58005,61634,1892-01-01,1925-06-01,deceased
40061,59748,64023,1893-01-01,1922-06-01,deceased
40062,60755,64024,1894-01-01,1912-06-01,deceased
40063,58290,64025,1890-01-01,1912-06-01,deceased
40064,59075,64027,1890-01-01,1910-06-01,deceased
40065,56791,64028,1891-01-01,1925-06-01,deceased
40066,59109,64029,1892-01-01,1918-06-01,deceased
40067,56031,64030,1894-01-01,1936-06-01,deceased
40068,57957,61171,1890-01-01,1910-06-01,deceased
40069,60943,64031,1891-01-01,1938-06-01,deceased
40070,57859,64032,1895-01-01,1925-06-01,deceased
40071,58422,64034,1895-01-01,1922-06-01,deceased
40072,60228,64035,1894-01-01,1949-06-01,deceased
40073,61749,64036,1891-01-01,1925-06-01,deceased
40074,56441,64037,1894-01-01,1924-06-01,deceased
40075,57115,64038,1889-01-01,1922-06-01,deceased
40076,56587,64040,1891-01-01,1928-06-01,deceased
40077,60232,64041,1895-01-01,1916-06-01,deceased
40078,55895,64042,1893-01-01,1919-06-01,deceased
40079,56848,64043,1894-01-01,1909-06-01,deceased
40080,56206,64045,1890-01-01,1930-06-01,deceased
40081,58452,61067,1891-01-01,1914-06-01,deceased
40082,61185,64046,1892-01-01,1918-06-01,deceased
40083,57889,64047,1893-01-01,1955-06-01,deceased
40084,60221,64048,1889-01-01,1909-06-01,deceased
40085,57692,64049,1890-01-01,1910-06-01,deceased
40086,55925,64050,1889-01-01,1933-06-01,deceased
40087,55966,64051,1894-01-01,1935-06-01,deceased
40088,56996,64052,1892-01-01,1923-06-01,deceased
40089,61293,64053,1891-01-01,1952-06-01,deceased
40090,57225,64054,1890-01-01,1925-06-01,deceased
40091,58696,64055,1894-01-01,1948-06-01,deceased
40092,56740,64056,1892-01-01,1914-06-01,deceased
40093,59141,64057,1891-01-01,1919-06-01,deceased
40094,58188,64058,1893-01-01,1943-06-01,deceased
40095,57752,64059,1892-01-01,1911-06-01,deceased
40096,60149,64060,1893-01-01,1912-06-01,deceased
40097,59303,64061,1893-01-01,1931-06-01,deceased
40098,60222,64062,1890-01-01,1926-06-01,deceased
40099,57641,64063,1895-01-01,1937-06-01,deceased
40100,61052,64064,1893-01-01,1938-06-01,deceased
40101,60971,64065,1893-01-01,1951-06-01,deceased
40102,56528,64066,1894-01-01,1919-06-01,deceased
40103,60342,64068,1891-01-01,1928-06-01,deceased
40104,57106,58311,1894-01-01,1928-06-01,deceased
40105,61753,64069,1891-01-01,1943-06-01,deceased
40106,61387,56452,1893-01-01,1915-06-01,deceased
40107,60539,64070,1889-01-01,1921-06-01,deceased
40108,58893,64071,1891-01-01,1915-06-01,deceased
40109,61332,64072,1895-01-01,1918-06-01,deceased
40110,60966,64073,1891-01-01,1955-06-01,deceased
40111,61957,64074,1893-01-01,1933-06-01,deceased
40112,60787,64075,1891-01-01,1958-06-01,deceased
40113,61694,64076,1892-01-01,1919-06-01,deceased
40114,57815,64077,1894-01-01,1954-06-01,deceased
40115,58076,64078,1891-01-01,1910-06-01,deceased
40116,57596,64079,1890-01-01,1918-06-01,deceased
40117,56836,57830,1893-01-01,1925-06-01,deceased
40118,58971,64081,1889-01-01,1912-06-01,deceased
40119,59240,64082,1892-01-01,1913-06-01,deceased
40120,57997,64083,1893-01-01,1928-06-01,deceased
40121,59594,64084,1893-01-01,1918-06-01,deceased
40122,61788,64085,1894-01-01,1926-06-01,deceased
40123,58343,64086,1891-01-01,1945-06-01,deceased
40124,57147,64087,1889-01-01,1927-06-01,deceased
40125,60457,64088,1889-01-01,1940-06-01,deceased
40126,60998,64089,1889-01-01,1917-06-01,deceased
40127,59988,64090,1894-01-01,1926-06-01,deceased
40128,59799,57963,1893-01-01,1933-06-01,deceased
40129,56889,64092,1889-01-01,1914-06-01,deceased
40130,56027,64093,1894-01-01,1913-06-01,deceased
40131,61969,64094,1893-01-01,1954-06-01,deceased
40132,61596,64095,1894-01-01,1927-06-01,deceased
40133,61628,64096,1894-01-01,1926-06-01,deceased
40134,59510,64097,1890-01-01,1936-06-01,deceased
40135,57498,64098,1890-01-01,1944-06-01,deceased
40136,60980,64099,1890-01-01,1915-06-01,deceased
40137,56749,64100,1894-01-01,1928-06-01,deceased
40138,61818,56387,1893-01-01,1939-06-01,deceased
40139,56367,64101,1891-01-01,1938-06-01,deceased
40140,56821,64102,1890-01-01,1909-06-01,deceased
40141,61244,64103,1894-01-01,1948-06-01,deceased
40142,58216,64104,1889-01-01,1934-06-01,deceased
40143,59269,64105,1891-01-01,1922-06-01,deceased
40144,56267,64106,1892-01-01,1952-06-01,deceased
40145,59492,64107,1892-01-01,1920-06-01,deceased
40146,59722,64108,1893-01-01,1931-06-01,deceased
40147,56693,64109,1894-01-01,1915-06-01,deceased
40148,56269,64110,1891-01-01,1920-06-01,deceased
40149,56975,64111,1892-01-01,1913-06-01,deceased
40150,59855,64112,1894-01-01,1911-06-01,deceased
40151,61618,64113,1893-01-01,1952-06-01,deceased
40152,61574,64114,1893-01-01,1920-06-01,deceased
40153,61452,64115,1891-01-01,1911-06-01,deceased
40154,59561,64117,1890-01-01,1920-06-01,deceased
40155,61018,64118,1894-01-01,1935-06-01,deceased
40156,61117,64119,1893-01-01,1941-06-01,deceased
40157,60164,64120,1893-01-01,1914-06-01,deceased
40158,56273,64121,1890-01-01,1940-06-01,deceased
40159,60573,64122,1892-01-01,1918-06-01,deceased
40160,61564,64123,1894-01-01,1947-06-01,deceased
40161,56358,64124,1894-01-01,1913-06-01,deceased
40162,58073,64125,1894-01-01,1912-06-01,deceased
40163,61642,64126,1893-01-01,1930-06-01,deceased
40164,58763,64127,1890-01-01,1929-06-01,deceased
40165,60843,64128,1889-01-01,1923-06-01,deceased
40166,61718,64129,1891-01-01,1944-06-01,deceased
40167,61616,64130,1894-01-01,1928-06-01,deceased
40168,58236,64131,1893-01-01,1915-06-01,deceased
40169,56080,64132,1892-01-01,1937-06-01,deceased
40170,57411,64133,1889-01-01,1912-06-01,deceased
40171,56572,64134,1893-01-01,1912-06-01,deceased
40172,57978,64135,1892-01-01,1951-06-01,deceased
40173,59472,64136,1891-01-01,1931-06-01,deceased
40174,57451,58542,1893-01-01,1924-06-01,deceased
40175,56607,64138,1893-01-01,1923-06-01,deceased
40176,57667,58265,1891-01-01,1928-06-01,deceased
40177,60301,64140,1895-01-01,1941-06-01,deceased
40178,59587,64141,1892-01-01,1912-06-01,deceased
40179,58172,64142,1889-01-01,1911-06-01,deceased
40180,59914,64143,1889-01-01,1936-06-01,deceased
40181,60334,64144,1895-01-01,1924-06-01,deceased
40182,61192,64145,1895-01-01,1936-06-01,deceased
40183,57802,64146,1890-01-01,1933-06-01,deceased
40184,57320,64147,1890-01-01,1932-06-01,deceased
40185,55967,64149,1892-01-01,1908-06-01,deceased
40186,60817,64150,1894-01-01,1945-06-01,deceased
40187,57525,64151,1895-01-01,1937-06-01,deceased
40188,61652,64153,1890-01-01,1909-06-01,deceased
40189,57660,64154,1889-01-01,1929-06-01,deceased
40190,59459,64155,1895-01-01,1917-06-01,deceased
40191,61748,64157,1892-01-01,1932-06-01,deceased
40192,61492,59713,1892-01-01,1937-06-01,deceased
40193,59231,64158,1891-01-01,1923-06-01,deceased
40194,57385,64159,1892-01-01,1941-06-01,deceased
40195,57497,64160,1891-01-01,1936-06-01,deceased
40196,57067,64161,1892-01-01,1912-06-01,deceased
40197,58769,64162,1893-01-01,1923-06-01,deceased
40198,57438,64163,1894-01-01,1939-06-01,deceased
40199,57890,64164,1894-01-01,1925-06-01,deceased
40200,61506,64165,1893-01-01,1925-06-01,deceased
40201,56862,64166,1893-01-01,1915-06-01,deceased
40202,60720,64167,1893-01-01,1916-06-01,deceased
40203,61936,64168,1890-01-01,1913-06-01,deceased
40204,57189,64169,1895-01-01,1927-06-01,deceased
40205,59683,60752,1895-01-01,1911-06-01,deceased
40206,58581,64170,1893-01-01,1923-06-01,deceased
40207,61854,64172,1891-01-01,1936-06-01,deceased
40208,57068,64173,1895-01-01,1915-06-01,deceased
40209,59743,64174,1892-01-01,1926-06-01,deceased
40210,59129,64175,1894-01-01,1945-06-01,deceased
40211,56662,64176,1891-01-01,1913-06-01,deceased
40212,59664,64177,1891-01-01,1910-06-01,deceased
40213,61884,60612,1891-01-01,1922-06-01,deceased
40214,59863,64181,1893-01-01,1943-06-01,deceased
40215,57013,64182,1893-01-01,1911-06-01,deceased
40216,58536,64185,1891-01-01,1917-06-01,deceased
40217,59525,56163,1889-01-01,1907-06-01,deceased
40218,55934,64186,1890-01-01,1905-06-01,deceased
40219,58851,64187,1891-01-01,1912-06-01,deceased
40220,57873,64188,1895-01-01,1938-06-01,deceased
40221,58463,64191,1891-01-01,1915-06-01,deceased
40222,61408,64192,1895-01-01,1921-06-01,deceased
40223,56709,64193,1889-01-01,1916-06-01,deceased
40224,56430,64194,1893-01-01,1927-06-01,deceased
40225,55938,64195,1895-01-01,1953-06-01,deceased
40226,59843,64196,1895-01-01,1934-06-01,deceased
40227,56790,64197,1890-01-01,1922-06-01,deceased
40228,60112,64198,1889-01-01,1943-06-01,deceased
40229,56906,64199,1889-01-01,1926-06-01,deceased
40230,59633,64200,1893-01-01,1945-06-01,deceased
40231,57430,64201,1893-01-01,1918-06-01,deceased
40232,57031,64202,1895-01-01,1914-06-01,deceased
40233,59728,56708,1890-01-01,1915-06-01,deceased
40234,59283,64203,1891-01-01,1911-06-01,deceased
40235,59742,64204,1892-01-01,1929-06-01,deceased
40236,58845,64205,1895-01-01,1921-06-01,deceased
40237,58896,64206,1895-01-01,1949-06-01,deceased
40238,60298,64207,1891-01-01,1906-06-01,deceased
40239,58818,64208,1895-01-01,1938-06-01,deceased
40240,56324,64209,1890-01-01,1923-06-01,deceased
40241,59242,64210,1893-01-01,1938-06-01,deceased
40242,60907,64211,1893-01-01,1935-06-01,deceased
40243,59072,64212,1890-01-01,1915-06-01,deceased
40244,59906,64213,1890-01-01,1915-06-01,deceased
40245,58352,64215,1892-01-01,1917-06-01,deceased
40246,56160,64216,1895-01-01,1911-06-01,deceased
40247,58735,64217,1893-01-01,1924-06-01,deceased
40248,60440,64218,1893-01-01,1918-06-01,deceased
40249,59437,64219,1891-01-01,1912-06-01,deceased
40250,58800,64220,1890-01-01,1913-06-01,deceased
40251,60390,64221,1891-01-01,1930-06-01,deceased
40252,56029,64222,1890-01-01,1928-06-01,deceased
40253,59668,64223,1891-01-01,1935-06-01,deceased
40254,56051,64224,1890-01-01,1925-06-01,deceased
40255,57690,57640,1892-01-01,1924-06-01,deceased
40256,60026,64225,1895-01-01,1938-06-01,deceased
40257,59087,58085,1889-01-01,1929-06-01,deceased
40258,57135,58895,1891-01-01,1949-06-01,deceased
40259,57050,64227,1893-01-01,1937-06-01,deceased
40260,57391,64228,1891-01-01,1917-06-01,deceased
40261,56812,61873,1890-01-01,1914-06-01,deceased
40262,57822,64229,1893-01-01,1950-06-01,deceased
40263,60984,64230,1890-01-01,1935-06-01,deceased
40264,58964,64231,1895-01-01,1938-06-01,deceased
40265,60710,64232,1893-01-01,1941-06-01,deceased
40266,60881,64233,1892-01-01,1913-06-01,deceased
40267,56852,64234,1890-01-01,1941-06-01,deceased
40268,56781,64235,1889-01-01,1953-06-01,deceased
40269,61725,64236,1892-01-01,1925-06-01,deceased
40270,57090,64237,1893-01-01,1913-06-01,deceased
40271,61251,58667,1894-01-01,1938-06-01,deceased
40272,57002,64238,1891-01-01,1912-06-01,deceased
40273,56271,64239,1892-01-01,1928-06-01,deceased
40274,60073,64240,1894-01-01,1919-06-01,deceased
40275,60693,64241,1890-01-01,1913-06-01,deceased
40276,58656,64242,1892-01-01,1922-06-01,deceased
40277,61508,64244,1894-01-01,1925-06-01,deceased
40278,61212,64245,1891-01-01,1956-06-01,deceased
40279,58983,60757,1895-01-01,1931-06-01,deceased
40280,58110,64246,1895-01-01,1913-06-01,deceased
40281,61657,64247,1894-01-01,1932-06-01,deceased
40282,56601,64248,1892-01-01,1919-06-01,deceased
40283,55886,64249,1892-01-01,1938-06-01,deceased
40284,57341,64250,1895-01-01,1932-06-01,deceased
40285,60912,64251,1894-01-01,1916-06-01,deceased
40286,60606,64252,1891-01-01,1944-06-01,deceased
40287,59071,56530,1891-01-01,1944-06-01,deceased
40288,58334,64253,1894-01-01,1921-06-01,deceased
40289,60663,64256,1892-01-01,1936-06-01,deceased
40290,59243,64257,1891-01-01,1919-06-01,deceased
40291,61672,64258,1890-01-01,1907-06-01,deceased
40292,56909,64259,1890-01-01,1930-06-01,deceased
40293,60471,64260,1889-01-01,1939-06-01,deceased
40294,61041,64261,1892-01-01,1943-06-01,deceased
40295,57245,64262,1893-01-01,1931-06-01,deceased
40296,60625,64263,1895-01-01,1941-06-01,deceased
40297,56261,64264,1889-01-01,1939-06-01,deceased
40298,57298,60941,1890-01-01,1942-06-01,deceased
40299,56172,64265,1892-01-01,1915-06-01,deceased
40300,58576,64267,1894-01-01,1926-06-01,deceased
40301,58002,64268,1893-01-01,1913-06-01,deceased
40302,60750,61138,1895-01-01,1919-06-01,deceased
40303,56185,64269,1893-01-01,1909-06-01,deceased
40304,56584,64270,1891-01-01,1930-06-01,deceased
40305,60128,64271,1895-01-01,1918-06-01,deceased
40306,60979,64272,1891-01-01,1928-06-01,deceased
40307,56126,64273,1895-01-01,1949-06-01,deceased
40308,58486,64274,1894-01-01,1954-06-01,deceased
40309,61032,59212,1890-01-01,1912-06-01,deceased
40310,58273,64275,1890-01-01,1938-06-01,deceased
40311,59181,64276,1893-01-01,1950-06-01,deceased
40312,61127,64278,1894-01-01,1936-06-01,deceased
40313,58228,64279,1894-01-01,1923-06-01,deceased
40314,56956,60655,1893-01-01,1921-06-01,deceased
40315,57111,60238,1891-01-01,1920-06-01,deceased
40316,61665,64281,1892-01-01,1924-06-01,deceased
40317,59436,64282,1892-01-01,1945-06-01,deceased
40318,59443,64283,1892-01-01,1918-06-01,deceased
40319,57342,64285,1890-01-01,1910-06-01,deceased
40320,59057,64287,1890-01-01,1934-06-01,deceased
40321,61471,64289,1895-01-01,1925-06-01,deceased
40322,61252,56355,1891-01-01,1919-06-01,deceased
40323,59161,64291,1892-01-01,1915-06-01,deceased
40324,57114,64292,1890-01-01,1915-06-01,deceased
40325,59674,64293,1889-01-01,1934-06-01,deceased
40326,60250,56050,1890-01-01,1942-06-01,deceased
40327,56277,64295,1890-01-01,1942-06-01,deceased
40328,58840,64297,1895-01-01,1960-06-01,deceased
40329,60191,56028,1891-01-01,1916-06-01,deceased
40330,57121,64298,1890-01-01,1911-06-01,deceased
40331,58856,64299,1892-01-01,1914-06-01,deceased
40332,61200,64300,1892-01-01,1929-06-01,deceased
40333,61143,64301,1895-01-01,1936-06-01,deceased
40334,60947,64302,1892-01-01,1916-06-01,deceased
40335,60291,61804,1891-01-01,1940-06-01,deceased
40336,59386,64304,1889-01-01,1908-06-01,deceased
40337,58562,64306,1894-01-01,1920-06-01,deceased
40338,59640,64307,1894-01-01,1911-06-01,deceased
40339,57586,56767,1889-01-01,1938-06-01,deceased
40340,59250,64310,1895-01-01,1928-06-01,deceased
40341,58398,60076,1889-01-01,1924-06-01,deceased
40342,58702,58538,1895-01-01,1931-06-01,deceased
40343,61680,56898,1891-01-01,1911-06-01,deceased
40344,56492,64311,1892-01-01,1918-06-01,deceased
40345,59053,64312,1894-01-01,1933-06-01,deceased
40346,56495,56095,1894-01-01,1915-06-01,deceased
40347,61784,64313,1890-01-01,1947-06-01,deceased
40348,59781,64314,1889-01-01,1930-06-01,deceased
40349,56603,64316,1892-01-01,1935-06-01,deceased
40350,58564,64317,1889-01-01,1918-06-01,deceased
40351,57998,64318,1895-01-01,1922-06-01,deceased
40352,57052,64319,1890-01-01,1923-06-01,deceased
40353,57585,64320,1895-01-01,1938-06-01,deceased
40354,56665,64322,1891-01-01,1919-06-01,deceased
40355,61556,64324,1889-01-01,1915-06-01,deceased
40356,61443,64325,1891-01-01,1924-06-01,deceased
40357,58630,64326,1891-01-01,1932-06-01,deceased
40358,59434,57372,1892-01-01,1927-06-01,deceased
40359,58950,64328,1890-01-01,1908-06-01,deceased
40360,56925,64329,1891-01-01,1952-06-01,deceased
40361,59676,64330,1894-01-01,1945-06-01,deceased
40362,61611,64331,1890-01-01,1906-06-01,deceased
40363,61570,64332,1893-01-01,1933-06-01,deceased
40364,57453,64333,1894-01-01,1926-06-01,deceased
40365,61038,64334,1889-01-01,1905-06-01,deceased
40366,61879,64335,1892-01-01,1940-06-01,deceased
40367,59514,64336,1895-01-01,1941-06-01,deceased
40368,61512,64337,1894-01-01,1936-06-01,deceased
40369,57194,64338,1890-01-01,1913-06-01,deceased
40370,56434,64339,1893-01-01,1937-06-01,deceased
40371,59076,60988,1893-01-01,1957-06-01,deceased
40372,59037,64340,1892-01-01,1938-06-01,deceased
40373,58719,57547,1891-01-01,1915-06-01,deceased
40374,59684,64341,1889-01-01,1909-06-01,deceased
40375,56378,64342,1895-01-01,1926-06-01,deceased
40376,57053,64343,1892-01-01,1947-06-01,deceased
40377,59979,64344,1889-01-01,1919-06-01,deceased
40378,59482,64345,1891-01-01,1947-06-01,deceased
40379,57149,64346,1892-01-01,1919-06-01,deceased
40380,56018,64347,1891-01-01,1918-06-01,deceased
40381,58387,64348,1891-01-01,1913-06-01,deceased
40382,60201,64349,1894-01-01,1924-06-01,deceased
40383,61277,64350,1895-01-01,1919-06-01,deceased
40384,61543,64351,1892-01-01,1911-06-01,deceased
40385,57850,64352,1889-01-01,1926-06-01,deceased
40386,61685,64353,1890-01-01,1909-06-01,deceased
40387,57899,64354,1893-01-01,1914-06-01,deceased
40388,56455,64356,1889-01-01,1935-06-01,deceased
40389,56986,64357,1890-01-01,1926-06-01,deceased
40390,58943,59409,1892-01-01,1930-06-01,deceased
40391,56483,64358,1892-01-01,1932-06-01,deceased
40392,57102,64359,1892-01-01,1912-06-01,deceased
40393,58749,64360,1891-01-01,1925-06-01,deceased
40394,58208,64362,1894-01-01,1914-06-01,deceased
40395,58899,64363,1895-01-01,1913-06-01,deceased
40396,59729,64364,1894-01-01,1912-06-01,deceased
40397,59360,64365,1894-01-01,1940-06-01,deceased
40398,60929,64366,1895-01-01,1928-06-01,deceased
40399,57510,64367,1894-01-01,1935-06-01,deceased
40400,61689,64368,1892-01-01,1929-06-01,deceased
40401,60104,64369,1895-01-01,1911-06-01,deceased
40402,58222,64370,1889-01-01,1915-06-01,deceased
40403,57903,64371,1894-01-01,1924-06-01,deceased
40404,57309,64372,1892-01-01,1946-06-01,deceased
40405,59310,64373,1895-01-01,1948-06-01,deceased
40406,57486,64374,1890-01-01,1911-06-01,deceased
40407,60362,64375,1892-01-01,1924-06-01,deceased
40408,60098,64376,1890-01-01,1921-06-01,deceased
40409,58637,64377,1894-01-01,1927-06-01,deceased
40410,57221,64379,1890-01-01,1909-06-01,deceased
40411,61172,56337,1891-01-01,1938-06-01,deceased
40412,57456,64380,1889-01-01,1945-06-01,deceased
40413,57728,64381,1891-01-01,1910-06-01,deceased
40414,57426,64382,1895-01-01,1942-06-01,deceased
40415,58240,64383,1890-01-01,1922-06-01,deceased
40416,56016,64384,1890-01-01,1917-06-01,deceased
40417,58118,64385,1892-01-01,1917-06-01,deceased
40418,61794,64386,1890-01-01,1908-06-01,deceased
40419,60065,64387,1890-01-01,1946-06-01,deceased
40420,57254,64388,1894-01-01,1919-06-01,deceased
40421,60186,64389,1891-01-01,1931-06-01,deceased
40422,60858,64390,1890-01-01,1934-06-01,deceased
40423,61832,64391,1891-01-01,1910-06-01,deceased
40424,60783,64392,1892-01-01,1938-06-01,deceased
40425,58330,64393,1895-01-01,1931-06-01,deceased
40426,56880,64394,1894-01-01,1962-06-01,deceased
40427,57109,64395,1892-01-01,1930-06-01,deceased
40428,57012,64396,1895-01-01,1938-06-01,deceased
40429,59384,64397,1895-01-01,1923-06-01,deceased
40430,57701,64398,1895-01-01,1938-06-01,deceased
40431,58919,64400,1895-01-01,1951-06-01,deceased
40432,60957,64402,1892-01-01,1908-06-01,deceased
40433,61937,64403,1892-01-01,1929-06-01,deceased
40434,60239,64405,1891-01-01,1930-06-01,deceased
40435,61893,64406,1895-01-01,1920-06-01,deceased
40436,59699,64407,1889-01-01,1910-06-01,deceased
40437,56243,60977,1893-01-01,1924-06-01,deceased
40438,59349,60010,1895-01-01,1919-06-01,deceased
40439,60368,64408,1894-01-01,1924-06-01,deceased
40440,61066,64409,1892-01-01,1911-06-01,deceased
40441,56369,64410,1895-01-01,1932-06-01,deceased
40442,56628,64411,1894-01-01,1935-06-01,deceased
40443,56535,64412,1891-01-01,1950-06-01,deceased
40444,59118,64413,1890-01-01,1945-06-01,deceased
40445,59659,60392,1890-01-01,1910-06-01,deceased
40446,57979,64415,1893-01-01,1918-06-01,deceased
40447,61546,64416,1894-01-01,1917-06-01,deceased
40448,55912,64417,1894-01-01,1924-06-01,deceased
40449,57939,64418,1895-01-01,1921-06-01,deceased
40450,59194,64419,1889-01-01,1929-06-01,deceased
40451,59390,64420,1895-01-01,1931-06-01,deceased
40452,58557,64421,1894-01-01,1921-06-01,deceased
40453,60681,60618,1892-01-01,1910-06-01,deceased
40454,59036,64422,1892-01-01,1916-06-01,deceased
40455,58424,64423,1889-01-01,1919-06-01,deceased
40456,58743,64424,1895-01-01,1912-06-01,deceased
40457,59953,64425,1891-01-01,1922-06-01,deceased
40458,61237,64426,1894-01-01,1937-06-01,deceased
40459,60483,64427,1892-01-01,1915-06-01,deceased
40460,61110,64428,1895-01-01,1933-06-01,deceased
40461,60839,64429,1892-01-01,1910-06-01,deceased
40462,59631,64430,1893-01-01,1930-06-01,deceased
40463,57517,64431,1892-01-01,1910-06-01,deceased
40464,59501,64433,1894-01-01,1936-06-01,deceased
40465,61366,64434,1894-01-01,1915-06-01,deceased
40466,60402,64435,1893-01-01,1916-06-01,deceased
40467,56520,64436,1894-01-01,1915-06-01,deceased
40468,56752,64438,1892-01-01,1946-06-01,deceased
40469,57208,64439,1890-01-01,1952-06-01,deceased
40470,60927,64440,1894-01-01,1939-06-01,deceased
40471,59723,64441,1895-01-01,1922-06-01,deceased
40472,56329,64442,1892-01-01,1923-06-01,deceased
40473,61934,64443,1890-01-01,1946-06-01,deceased
40474,61169,64444,1895-01-01,1918-06-01,deceased
40475,59583,64445,1890-01-01,1919-06-01,deceased
40476,57103,64446,1893-01-01,1917-06-01,deceased
40477,60981,64447,1893-01-01,1948-06-01,deceased
40478,57775,64448,1892-01-01,1945-06-01,deceased
40479,58708,64450,1889-01-01,1927-06-01,deceased
40480,61514,64451,1892-01-01,1930-06-01,deceased
40481,56900,64452,1891-01-01,1919-06-01,deceased
40482,58806,64454,1889-01-01,1928-06-01,deceased
40483,59673,56076,1892-01-01,1927-06-01,deceased
40484,58941,64455,1895-01-01,1924-06-01,deceased
40485,57368,56864,1891-01-01,1924-06-01,deceased
40486,58841,64456,1890-01-01,1926-06-01,deceased
40487,56542,64457,1889-01-01,1950-06-01,deceased
40488,57287,64458,1890-01-01,1924-06-01,deceased
40489,55898,64459,1889-01-01,1932-06-01,deceased
40490,57459,64460,1891-01-01,1921-06-01,deceased
40491,59285,64461,1892-01-01,1911-06-01,deceased
40492,57817,64462,1894-01-01,1932-06-01,deceased
40493,60316,64464,1892-01-01,1921-06-01,deceased
40494,61890,59796,1891-01-01,1914-06-01,deceased
40495,58855,64465,1894-01-01,1935-06-01,deceased
40496,61323,64466,1893-01-01,1917-06-01,deceased
40497,61077,61707,1890-01-01,1908-06-01,deceased
40498,59877,64467,1889-01-01,1912-06-01,deceased
40499,57587,64469,1895-01-01,1913-06-01,deceased
40500,56194,64470,1895-01-01,1918-06-01,deceased
40501,58680,57988,1893-01-01,1921-06-01,deceased
40502,60568,61080,1891-01-01,1915-06-01,deceased
40503,56680,64471,1893-01-01,1930-06-01,deceased
40504,60428,64472,1892-01-01,1947-06-01,deceased
40505,60888,64473,1893-01-01,1935-06-01,deceased
40506,61419,64474,1893-01-01,1917-06-01,deceased
40507,57699,64475,1894-01-01,1919-06-01,deceased
40508,58198,64476,1889-01-01,1941-06-01,deceased
40509,56500,55951,1894-01-01,1944-06-01,deceased
40510,57944,64477,1894-01-01,1954-06-01,deceased
40511,60836,64478,1890-01-01,1915-06-01,deceased
40512,56739,64479,1890-01-01,1939-06-01,deceased
40513,57765,64480,1893-01-01,1920-06-01,deceased
40514,60340,64481,1891-01-01,1920-06-01,deceased
40515,61736,64482,1890-01-01,1919-06-01,deceased
40516,58346,64483,1894-01-01,1918-06-01,deceased
40517,57828,64484,1894-01-01,1918-06-01,deceased
40518,61530,64485,1892-01-01,1909-06-01,deceased
40519,56873,64486,1893-01-01,1942-06-01,deceased
40520,60685,57949,1894-01-01,1949-06-01,deceased
40521,61317,64487,1890-01-01,1927-06-01,deceased
40522,57022,64488,1889-01-01,1925-06-01,deceased
40523,59608,56655,1893-01-01,1944-06-01,deceased
40524,60831,64489,1892-01-01,1925-06-01,deceased
40525,56712,64490,1889-01-01,1917-06-01,deceased
40526,56504,64491,1889-01-01,1923-06-01,deceased
40527,58915,64492,1889-01-01,1929-06-01,deceased
40528,60374,64493,1889-01-01,1907-06-01,deceased
40529,61070,64494,1891-01-01,1930-06-01,deceased
40530,58190,64495,1894-01-01,1931-06-01,deceased
40531,57395,56516,1891-01-01,1941-06-01,deceased
40532,56399,64497,1891-01-01,1952-06-01,deceased
40533,57991,64498,1894-01-01,1912-06-01,deceased
40534,59869,56426,1890-01-01,1937-06-01,deceased
40535,59159,64500,1895-01-01,1934-06-01,deceased
40536,61962,60099,1890-01-01,1917-06-01,deceased
40537,59205,64501,1895-01-01,1910-06-01,deceased
40538,56522,57590,1890-01-01,1910-06-01,deceased
40539,56179,58695,1892-01-01,1926-06-01,deceased
40540,61388,64502,1893-01-01,1921-06-01,deceased
40541,60652,64503,1889-01-01,1919-06-01,deceased
40542,57324,64504,1894-01-01,1922-06-01,deceased
40543,60704,64505,1891-01-01,1948-06-01,deceased
40544,56045,64506,1893-01-01,1922-06-01,deceased
40545,58497,64507,1889-01-01,1921-06-01,deceased
40546,57758,64508,1893-01-01,1921-06-01,deceased
40547,59643,64509,1894-01-01,1938-06-01,deceased
40548,57527,64510,1893-01-01,1915-06-01,deceased
40549,58526,64512,1891-01-01,1911-06-01,deceased
40550,59823,64513,1895-01-01,1932-06-01,deceased
40551,56631,64514,1892-01-01,1939-06-01,deceased
40552,56113,64515,1892-01-01,1932-06-01,deceased
40553,56902,64516,1890-01-01,1946-06-01,deceased
40554,59764,64517,1891-01-01,1909-06-01,deceased
40555,57791,64520,1892-01-01,1932-06-01,deceased
40556,59502,64521,1892-01-01,1910-06-01,deceased
40557,59867,64523,1893-01-01,1919-06-01,deceased
40558,59001,64524,1895-01-01,1943-06-01,deceased
40559,60415,64525,1889-01-01,1944-06-01,deceased
40560,61831,64526,1889-01-01,1926-06-01,deceased
40561,58411,64527,1890-01-01,1907-06-01,deceased
40562,61285,64528,1891-01-01,1933-06-01,deceased
40563,56617,64529,1890-01-01,1910-06-01,deceased
40564,58875,64530,1892-01-01,1942-06-01,deceased
40565,56582,64531,1895-01-01,1915-06-01,deceased
40566,60207,64532,1889-01-01,1908-06-01,deceased
40567,57037,64533,1895-01-01,1919-06-01,deceased
40568,56223,64534,1890-01-01,1916-06-01,deceased
40569,56540,64535,1890-01-01,1909-06-01,deceased
40570,60220,64536,1892-01-01,1931-06-01,deceased
40571,60630,64537,1890-01-01,1908-06-01,deceased
40572,56093,64538,1891-01-01,1930-06-01,deceased
40573,59775,60140,1889-01-01,1931-06-01,deceased
40574,60433,64539,1894-01-01,1938-06-01,deceased
40575,57910,61071,1893-01-01,1925-06-01,deceased
40576,56696,64540,1893-01-01,1916-06-01,deceased
40577,59133,64541,1893-01-01,1915-06-01,deceased
40578,59279,60893,1890-01-01,1930-06-01,deceased
40579,60283,64542,1891-01-01,1936-06-01,deceased
40580,60044,64543,1891-01-01,1945-06-01,deceased
40581,56292,64544,1894-01-01,1934-06-01,deceased
40582,60623,64545,1893-01-01,1911-06-01,deceased
40583,57727,64546,1893-01-01,1918-06-01,deceased
40584,56105,64547,1895-01-01,1941-06-01,deceased
40585,61092,64548,1895-01-01,1931-06-01,deceased
40586,59298,60897,1895-01-01,1915-06-01,deceased
40587,72316,72464,1910-01-01,1934-06-01,deceased
40588,66721,72465,1909-01-01,1943-06-01,deceased
40589,67834,72466,1910-01-01,1940-06-01,deceased
40590,66628,72079,1912-01-01,1932-06-01,deceased
40591,65401,72467,1909-01-01,1960-06-01,deceased
40592,68345,72468,1911-01-01,1956-06-01,deceased
40593,71736,72469,1913-01-01,1933-06-01,deceased
40594,72163,72470,1912-01-01,1936-06-01,deceased
40595,67949,72472,1911-01-01,1932-06-01,deceased
40596,67660,72473,1908-01-01,1954-06-01,deceased
40597,71464,72474,1911-01-01,1933-06-01,deceased
40598,71530,72475,1912-01-01,1929-06-01,deceased
40599,66399,72476,1908-01-01,1934-06-01,deceased
40600,70682,72477,1908-01-01,1924-06-01,deceased
40601,66615,72479,1908-01-01,1941-06-01,deceased
40602,68323,72480,1907-01-01,1926-06-01,deceased
40603,72454,72481,1909-01-01,1935-06-01,deceased
40604,70826,72482,1913-01-01,1948-06-01,deceased
40605,65319,72483,1912-01-01,1966-06-01,deceased
40606,67474,72484,1907-01-01,1928-06-01,deceased
40607,65767,72485,1907-01-01,1925-06-01,deceased
40608,65177,72486,1908-01-01,1927-06-01,deceased
40609,66315,69124,1909-01-01,1957-06-01,deceased
40610,69036,72487,1907-01-01,1938-06-01,deceased
40611,66075,72488,1908-01-01,1922-06-01,deceased
40612,68223,72489,1912-01-01,1956-06-01,deceased
40613,69942,72490,1908-01-01,1938-06-01,deceased
40614,72221,72491,1913-01-01,1961-06-01,deceased
40615,70822,72492,1907-01-01,1926-06-01,deceased
40616,67009,67537,1912-01-01,1949-06-01,deceased
40617,69145,72493,1913-01-01,1973-06-01,deceased
40618,71175,72494,1907-01-01,1926-06-01,deceased
40619,66995,72495,1908-01-01,1929-06-01,deceased
40620,66155,72496,1911-01-01,1935-06-01,deceased
40621,67354,72497,1909-01-01,1942-06-01,deceased
40622,71491,72498,1912-01-01,1950-06-01,deceased
40623,67641,72499,1909-01-01,1943-06-01,deceased
40624,66049,72500,1913-01-01,1936-06-01,deceased
40625,67923,72501,1908-01-01,1945-06-01,deceased
40626,69289,72502,1913-01-01,1929-06-01,deceased
40627,68226,72503,1910-01-01,1939-06-01,deceased
40628,72374,72504,1908-01-01,1952-06-01,deceased
40629,65809,72505,1912-01-01,1959-06-01,deceased
40630,69283,72506,1911-01-01,1929-06-01,deceased
40631,69280,67037,1910-01-01,1951-06-01,deceased
40632,65878,69828,1913-01-01,1952-06-01,deceased
40633,68990,72507,1909-01-01,1953-06-01,deceased
40634,71198,72508,1909-01-01,1962-06-01,deceased
40635,66066,72509,1909-01-01,1943-06-01,deceased
40636,70725,72510,1910-01-01,1939-06-01,deceased
40637,64821,72511,1908-01-01,1943-06-01,deceased
40638,71317,72512,1911-01-01,1953-06-01,deceased
40639,69658,72515,1912-01-01,1946-06-01,deceased
40640,65927,72516,1913-01-01,1955-06-01,deceased
40641,65800,65592,1913-01-01,1940-06-01,deceased
40642,70661,72518,1912-01-01,1955-06-01,deceased
40643,65601,72519,1912-01-01,1950-06-01,deceased
40644,68404,72520,1909-01-01,1951-06-01,deceased
40645,68294,64628,1909-01-01,1941-06-01,deceased
40646,69785,72521,1911-01-01,1934-06-01,deceased
40647,72414,72522,1907-01-01,1952-06-01,deceased
40648,65503,72523,1913-01-01,1945-06-01,deceased
40649,66043,72524,1913-01-01,1959-06-01,deceased
40650,67320,72525,1908-01-01,1968-06-01,deceased
40651,70556,72526,1909-01-01,1930-06-01,deceased
40652,70274,72527,1907-01-01,1935-06-01,deceased
40653,69556,72528,1913-01-01,1950-06-01,deceased
40654,65945,70363,1909-01-01,1931-06-01,deceased
40655,67386,72529,1910-01-01,1950-06-01,deceased
40656,68646,72530,1907-01-01,1961-06-01,deceased
40657,66419,72531,1910-01-01,1960-06-01,deceased
40658,71241,67436,1912-01-01,1963-06-01,deceased
40659,64923,72532,1908-01-01,1929-06-01,deceased
40660,72128,70947,1907-01-01,1970-06-01,deceased
40661,65480,72533,1913-01-01,1941-06-01,deceased
40662,64692,72534,1910-01-01,1933-06-01,deceased
40663,66760,65567,1912-01-01,1933-06-01,deceased
40664,66701,66728,1913-01-01,1969-06-01,deceased
40665,68096,72535,1910-01-01,1934-06-01,deceased
40666,70923,72537,1909-01-01,1965-06-01,deceased
40667,70229,71070,1913-01-01,1939-06-01,deceased
40668,70744,67886,1912-01-01,1942-06-01,deceased
40669,71584,72539,1913-01-01,1964-06-01,deceased
40670,70908,72540,1913-01-01,1957-06-01,deceased
40671,68654,72541,1910-01-01,1938-06-01,deceased
40672,71387,72542,1908-01-01,1966-06-01,deceased
40673,64852,72543,1907-01-01,1957-06-01,deceased
40674,70327,72544,1911-01-01,1950-06-01,deceased
40675,67294,72545,1907-01-01,1939-06-01,deceased
40676,66348,72546,1907-01-01,1928-06-01,deceased
40677,67214,72547,1908-01-01,1927-06-01,deceased
40678,68321,72548,1907-01-01,1938-06-01,deceased
40679,68672,72549,1913-01-01,1939-06-01,deceased
40680,69458,72550,1910-01-01,1954-06-01,deceased
40681,65884,72551,1908-01-01,1941-06-01,deceased
40682,69492,72552,1913-01-01,1943-06-01,deceased
40683,65859,72553,1909-01-01,1954-06-01,deceased
40684,70123,72554,1910-01-01,1929-06-01,deceased
40685,69836,72558,1910-01-01,1930-06-01,deceased
40686,69789,65552,1913-01-01,1954-06-01,deceased
40687,65070,72559,1913-01-01,1939-06-01,deceased
40688,64929,66935,1907-01-01,1930-06-01,deceased
40689,70147,72561,1911-01-01,1939-06-01,deceased
40690,70155,72562,1909-01-01,1949-06-01,deceased
40691,65222,72563,1910-01-01,1961-06-01,deceased
40692,72063,72564,1911-01-01,1936-06-01,deceased
40693,66287,72566,1911-01-01,1940-06-01,deceased
40694,64856,72567,1907-01-01,1951-06-01,deceased
40695,64755,72569,1910-01-01,1930-06-01,deceased
40696,70498,72570,1910-01-01,1936-06-01,deceased
40697,70484,72571,1911-01-01,1942-06-01,deceased
40698,70019,72572,1907-01-01,1936-06-01,deceased
40699,71947,72574,1908-01-01,1940-06-01,deceased
40700,72058,72575,1912-01-01,1930-06-01,deceased
40701,72117,72576,1913-01-01,1967-06-01,deceased
40702,68711,72577,1911-01-01,1972-06-01,deceased
40703,65316,72578,1907-01-01,1957-06-01,deceased
40704,72215,67550,1909-01-01,1933-06-01,deceased
40705,65327,72579,1908-01-01,1943-06-01,deceased
40706,71283,72581,1908-01-01,1938-06-01,deceased
40707,71396,72582,1910-01-01,1936-06-01,deceased
40708,64883,72583,1909-01-01,1924-06-01,deceased
40709,66014,72584,1908-01-01,1927-06-01,deceased
40710,70967,72585,1912-01-01,1958-06-01,deceased
40711,71201,72586,1913-01-01,1934-06-01,deceased
40712,67527,72587,1907-01-01,1958-06-01,deceased
40713,65654,72588,1912-01-01,1932-06-01,deceased
40714,68566,72589,1907-01-01,1929-06-01,deceased
40715,66611,72590,1911-01-01,1951-06-01,deceased
40716,69213,72591,1908-01-01,1935-06-01,deceased
40717,71557,72592,1907-01-01,1926-06-01,deceased
40718,64868,72593,1908-01-01,1938-06-01,deceased
40719,65553,72594,1913-01-01,1967-06-01,deceased
40720,67921,72595,1913-01-01,1948-06-01,deceased
40721,67557,69735,1907-01-01,1941-06-01,deceased
40722,69052,72597,1908-01-01,1929-06-01,deceased
40723,67219,67487,1910-01-01,1933-06-01,deceased
40724,65409,72009,1911-01-01,1960-06-01,deceased
40725,67593,72598,1912-01-01,1931-06-01,deceased
40726,66375,68968,1907-01-01,1926-06-01,deceased
40727,68660,72599,1908-01-01,1934-06-01,deceased
40728,71326,72600,1910-01-01,1937-06-01,deceased
40729,71963,72601,1912-01-01,1957-06-01,deceased
40730,64732,72602,1908-01-01,1950-06-01,deceased
40731,70970,72603,1912-01-01,1949-06-01,deceased
40732,66794,72604,1910-01-01,1969-06-01,deceased
40733,68671,72605,1912-01-01,1944-06-01,deceased
40734,71634,72607,1910-01-01,1943-06-01,deceased
40735,65787,72608,1910-01-01,1951-06-01,deceased
40736,70220,69518,1909-01-01,1927-06-01,deceased
40737,65948,72609,1909-01-01,1948-06-01,deceased
40738,69042,65588,1908-01-01,1934-06-01,deceased
40739,71211,72342,1912-01-01,1934-06-01,deceased
40740,67677,72610,1910-01-01,1939-06-01,deceased
40741,66946,72612,1909-01-01,1956-06-01,deceased
40742,70132,65036,1908-01-01,1944-06-01,deceased
40743,72059,72614,1911-01-01,1929-06-01,deceased
40744,71386,72615,1913-01-01,1959-06-01,deceased
40745,68699,72616,1909-01-01,1961-06-01,deceased
40746,70502,72619,1912-01-01,1947-06-01,deceased
40747,72066,72620,1909-01-01,1933-06-01,deceased
40748,68871,72621,1912-01-01,1956-06-01,deceased
40749,69827,72622,1912-01-01,1937-06-01,deceased
40750,67631,72623,1910-01-01,1928-06-01,deceased
40751,67891,72625,1907-01-01,1929-06-01,deceased
40752,70301,72627,1911-01-01,1947-06-01,deceased
40753,70710,66059,1907-01-01,1931-06-01,deceased
40754,67159,72628,1907-01-01,1939-06-01,deceased
40755,65325,72629,1907-01-01,1942-06-01,deceased
40756,70045,72630,1913-01-01,1975-06-01,deceased
40757,69400,72632,1907-01-01,1945-06-01,deceased
40758,66907,72633,1912-01-01,1940-06-01,deceased
40759,67539,72634,1909-01-01,1930-06-01,deceased
40760,67688,72635,1910-01-01,1948-06-01,deceased
40761,68764,72636,1910-01-01,1971-06-01,deceased
40762,72435,72637,1907-01-01,1925-06-01,deceased
40763,66410,72638,1912-01-01,1928-06-01,deceased
40764,70644,72639,1912-01-01,1955-06-01,deceased
40765,67089,72641,1913-01-01,1940-06-01,deceased
40766,67859,72642,1910-01-01,1931-06-01,deceased
40767,68272,72643,1911-01-01,1938-06-01,deceased
40768,72175,72644,1912-01-01,1944-06-01,deceased
40769,72231,72645,1911-01-01,1954-06-01,deceased
40770,68664,72646,1911-01-01,1937-06-01,deceased
40771,72116,72648,1909-01-01,1946-06-01,deceased
40772,66906,69238,1911-01-01,1961-06-01,deceased
40773,71893,72650,1913-01-01,1977-06-01,deceased
40774,66025,72652,1912-01-01,1936-06-01,deceased
40775,71924,72653,1913-01-01,1951-06-01,deceased
40776,71843,72654,1912-01-01,1931-06-01,deceased
40777,69143,66758,1913-01-01,1957-06-01,deceased
40778,69019,72655,1909-01-01,1968-06-01,deceased
40779,67070,65972,1912-01-01,1972-06-01,deceased
40780,71503,72657,1913-01-01,1964-06-01,deceased
40781,68911,72659,1910-01-01,1966-06-01,deceased
40782,72108,72660,1908-01-01,1935-06-01,deceased
40783,66466,72661,1909-01-01,1973-06-01,deceased
40784,67103,72662,1910-01-01,1945-06-01,deceased
40785,72071,72663,1907-01-01,1975-06-01,deceased
40786,68712,72664,1908-01-01,1959-06-01,deceased
40787,69209,72665,1911-01-01,1932-06-01,deceased
40788,64834,72666,1912-01-01,1935-06-01,deceased
40789,66190,72667,1912-01-01,1932-06-01,deceased
40790,71717,66430,1911-01-01,1929-06-01,deceased
40791,69140,72668,1912-01-01,1950-06-01,deceased
40792,71033,72669,1907-01-01,1935-06-01,deceased
40793,68718,72670,1913-01-01,1930-06-01,deceased
40794,67172,72671,1908-01-01,1931-06-01,deceased
40795,66931,72672,1910-01-01,1942-06-01,deceased
40796,68483,72673,1909-01-01,1941-06-01,deceased
40797,71620,72674,1911-01-01,1946-06-01,deceased
40798,72430,69157,1908-01-01,1930-06-01,deceased
40799,70847,72314,1913-01-01,1968-06-01,deceased
40800,67791,72677,1908-01-01,1960-06-01,deceased
40801,67517,72678,1909-01-01,1959-06-01,deceased
40802,69553,72680,1913-01-01,1941-06-01,deceased
40803,68112,72681,1913-01-01,1966-06-01,deceased
40804,69890,72682,1908-01-01,1939-06-01,deceased
40805,69295,70176,1913-01-01,1949-06-01,deceased
40806,71176,72683,1913-01-01,1948-06-01,deceased
40807,64828,72684,1912-01-01,1944-06-01,deceased
40808,65457,72685,1907-01-01,1961-06-01,deceased
40809,65131,70024,1912-01-01,1943-06-01,deceased
40810,67131,72686,1911-01-01,1945-06-01,deceased
40811,67262,72687,1909-01-01,1934-06-01,deceased
40812,66207,72688,1911-01-01,1933-06-01,deceased
40813,68193,72689,1911-01-01,1952-06-01,deceased
40814,66279,72690,1909-01-01,1941-06-01,deceased
40815,70419,72692,1911-01-01,1954-06-01,deceased
40816,65276,72693,1912-01-01,1935-06-01,deceased
40817,71183,72694,1910-01-01,1954-06-01,deceased
40818,67979,72695,1912-01-01,1952-06-01,deceased
40819,66965,66362,1912-01-01,1936-06-01,deceased
40820,67700,72696,1913-01-01,1971-06-01,deceased
40821,70270,72698,1908-01-01,1928-06-01,deceased
40822,70878,72699,1908-01-01,1935-06-01,deceased
40823,72110,72700,1908-01-01,1939-06-01,deceased
40824,68214,72701,1913-01-01,1967-06-01,deceased
40825,72125,71931,1912-01-01,1964-06-01,deceased
40826,65253,72703,1909-01-01,1963-06-01,deceased
40827,70660,72704,1913-01-01,1937-06-01,deceased
40828,68538,72706,1908-01-01,1960-06-01,deceased
40829,70390,72707,1911-01-01,1945-06-01,deceased
40830,71073,72708,1908-01-01,1956-06-01,deceased
40831,71500,72710,1910-01-01,1933-06-01,deceased
40832,71939,72711,1909-01-01,1935-06-01,deceased
40833,70836,72712,1908-01-01,1947-06-01,deceased
40834,66431,72713,1907-01-01,1945-06-01,deceased
40835,68746,72714,1911-01-01,1938-06-01,deceased
40836,64855,72716,1913-01-01,1932-06-01,deceased
40837,69856,72717,1911-01-01,1948-06-01,deceased
40838,71627,67932,1909-01-01,1936-06-01,deceased
40839,66353,72718,1909-01-01,1939-06-01,deceased
40840,69453,72719,1911-01-01,1942-06-01,deceased
40841,64736,72375,1907-01-01,1938-06-01,deceased
40842,71056,72721,1912-01-01,1965-06-01,deceased
40843,69473,72723,1907-01-01,1959-06-01,deceased
40844,68377,72724,1913-01-01,1947-06-01,deceased
40845,71943,72726,1910-01-01,1930-06-01,deceased
40846,71982,72727,1907-01-01,1937-06-01,deceased
40847,65526,72728,1910-01-01,1924-06-01,deceased
40848,68351,70563,1911-01-01,1938-06-01,deceased
40849,71075,71153,1907-01-01,1925-06-01,deceased
40850,71194,72731,1910-01-01,1933-06-01,deceased
40851,65595,72732,1908-01-01,1962-06-01,deceased
40852,66085,72734,1908-01-01,1944-06-01,deceased
40853,65453,72735,1911-01-01,1953-06-01,deceased
40854,65664,72736,1909-01-01,1936-06-01,deceased
40855,71046,72737,1911-01-01,1966-06-01,deceased
40856,66486,72738,1910-01-01,1960-06-01,deceased
40857,68603,72739,1910-01-01,1938-06-01,deceased
40858,67467,72740,1913-01-01,1947-06-01,deceased
40859,69164,72741,1907-01-01,1951-06-01,deceased
40860,71060,72742,1907-01-01,1937-06-01,deceased
40861,70934,72743,1912-01-01,1934-06-01,deceased
40862,67414,72744,1910-01-01,1934-06-01,deceased
40863,67098,72746,1911-01-01,1949-06-01,deceased
40864,67317,72747,1910-01-01,1953-06-01,deceased
40865,70747,72748,1913-01-01,1938-06-01,deceased
40866,65194,72749,1910-01-01,1942-06-01,deceased
40867,67511,72750,1908-01-01,1932-06-01,deceased
40868,71794,72751,1911-01-01,1965-06-01,deceased
40869,65909,72166,1909-01-01,1951-06-01,deceased
40870,65479,72752,1910-01-01,1927-06-01,deceased
40871,64573,72753,1912-01-01,1956-06-01,deceased
40872,72040,72754,1908-01-01,1948-06-01,deceased
40873,72388,72755,1909-01-01,1940-06-01,deceased
40874,65635,72756,1912-01-01,1949-06-01,deceased
40875,71252,72757,1913-01-01,1938-06-01,deceased
40876,68908,72758,1909-01-01,1932-06-01,deceased
40877,67268,72759,1908-01-01,1962-06-01,deceased
40878,71339,72760,1911-01-01,1961-06-01,deceased
40879,67122,72761,1912-01-01,1947-06-01,deceased
40880,67529,72762,1913-01-01,1931-06-01,deceased
40881,70162,72763,1911-01-01,1941-06-01,deceased
40882,69809,72765,1913-01-01,1945-06-01,deceased
40883,70876,72767,1910-01-01,1942-06-01,deceased
40884,67756,72768,1910-01-01,1970-06-01,deceased
40885,67740,72769,1908-01-01,1942-06-01,deceased
40886,67946,72770,1907-01-01,1942-06-01,deceased
40887,66064,72771,1913-01-01,1931-06-01,deceased
40888,65417,72772,1910-01-01,1934-06-01,deceased
40889,71506,72773,1911-01-01,1930-06-01,deceased
40890,71232,72775,1913-01-01,1965-06-01,deceased
40891,65649,65019,1909-01-01,1929-06-01,deceased
40892,69087,72776,1911-01-01,1935-06-01,deceased
40893,66453,72777,1911-01-01,1942-06-01,deceased
40894,67554,72778,1913-01-01,1963-06-01,deceased
40895,68728,72779,1907-01-01,1943-06-01,deceased
40896,71331,67222,1908-01-01,1967-06-01,deceased
40897,72222,72780,1909-01-01,1924-06-01,deceased
40898,67302,72781,1908-01-01,1941-06-01,deceased
40899,64958,72782,1909-01-01,1934-06-01,deceased
40900,69686,72783,1909-01-01,1964-06-01,deceased
40901,65375,72784,1910-01-01,1972-06-01,deceased
40902,67148,72785,1913-01-01,1933-06-01,deceased
40903,65047,72786,1909-01-01,1927-06-01,deceased
40904,68966,72787,1907-01-01,1961-06-01,deceased
40905,67442,72789,1910-01-01,1957-06-01,deceased
40906,64866,64730,1907-01-01,1934-06-01,deceased
40907,71242,72792,1912-01-01,1957-06-01,deceased
40908,64697,72793,1913-01-01,1976-06-01,deceased
40909,72113,72794,1911-01-01,1952-06-01,deceased
40910,65759,72077,1912-01-01,1947-06-01,deceased
40911,66126,72796,1909-01-01,1941-06-01,deceased
40912,65711,72797,1908-01-01,1939-06-01,deceased
40913,66921,72798,1912-01-01,1934-06-01,deceased
40914,71230,72799,1910-01-01,1936-06-01,deceased
40915,68141,72800,1910-01-01,1936-06-01,deceased
40916,66587,72801,1913-01-01,1935-06-01,deceased
40917,68843,69420,1913-01-01,1969-06-01,deceased
40918,69955,68617,1912-01-01,1937-06-01,deceased
40919,71524,72802,1913-01-01,1948-06-01,deceased
40920,71650,72803,1911-01-01,1932-06-01,deceased
40921,67968,72804,1913-01-01,1962-06-01,deceased
40922,72078,72805,1911-01-01,1930-06-01,deceased
40923,69244,72806,1913-01-01,1969-06-01,deceased
40924,70541,72807,1913-01-01,1946-06-01,deceased
40925,65913,72808,1913-01-01,1937-06-01,deceased
40926,69881,72809,1912-01-01,1956-06-01,deceased
40927,66302,72810,1913-01-01,1933-06-01,deceased
40928,66673,66596,1907-01-01,1947-06-01,deceased
40929,70173,72811,1909-01-01,1955-06-01,deceased
40930,72170,72812,1909-01-01,1933-06-01,deceased
40931,71124,72813,1907-01-01,1962-06-01,deceased
40932,67729,72815,1910-01-01,1954-06-01,deceased
40933,66475,72816,1912-01-01,1948-06-01,deceased
40934,65802,70997,1913-01-01,1937-06-01,deceased
40935,67152,72817,1912-01-01,1942-06-01,deceased
40936,71237,72818,1908-01-01,1953-06-01,deceased
40937,68139,72819,1907-01-01,1930-06-01,deceased
40938,69249,72820,1913-01-01,1945-06-01,deceased
40939,70269,72821,1913-01-01,1933-06-01,deceased
40940,69965,72822,1913-01-01,1934-06-01,deceased
40941,64615,72823,1912-01-01,1948-06-01,deceased
40942,68402,72824,1912-01-01,1944-06-01,deceased
40943,70905,72825,1907-01-01,1936-06-01,deceased
40944,66499,72826,1909-01-01,1951-06-01,deceased
40945,67176,65054,1913-01-01,1940-06-01,deceased
40946,70453,67657,1912-01-01,1953-06-01,deceased
40947,66333,72827,1911-01-01,1967-06-01,deceased
40948,64861,72828,1913-01-01,1941-06-01,deceased
40949,68146,72829,1912-01-01,1961-06-01,deceased
40950,66206,72830,1909-01-01,1943-06-01,deceased
40951,69352,72831,1912-01-01,1968-06-01,deceased
40952,65966,72832,1911-01-01,,active
40953,66910,72833,1913-01-01,1934-06-01,deceased
40954,66402,72834,1913-01-01,1938-06-01,deceased
40955,68762,72835,1910-01-01,1930-06-01,deceased
40956,65235,72836,1909-01-01,1955-06-01,deceased
40957,66257,65067,1907-01-01,1933-06-01,deceased
40958,68580,72838,1907-01-01,1930-06-01,deceased
40959,70966,67366,1907-01-01,1926-06-01,deceased
40960,68785,72839,1911-01-01,1954-06-01,deceased
40961,66527,72840,1907-01-01,1947-06-01,deceased
40962,64837,72841,1908-01-01,1934-06-01,deceased
40963,70736,72842,1907-01-01,1924-06-01,deceased
40964,68898,72843,1908-01-01,1938-06-01,deceased
40965,71605,67621,1907-01-01,1929-06-01,deceased
40966,72081,72844,1911-01-01,1939-06-01,deceased
40967,71061,72848,1912-01-01,1952-06-01,deceased
40968,68683,72849,1908-01-01,1941-06-01,deceased
40969,70838,72852,1908-01-01,1941-06-01,deceased
40970,70398,69630,1909-01-01,1933-06-01,deceased
40971,72286,67244,1910-01-01,1934-06-01,deceased
40972,68429,72854,1910-01-01,1977-06-01,deceased
40973,67897,72855,1910-01-01,1964-06-01,deceased
40974,67848,72856,1908-01-01,1975-06-01,deceased
40975,71417,72857,1913-01-01,1937-06-01,deceased
40976,68456,72858,1912-01-01,1951-06-01,deceased
40977,70918,72860,1909-01-01,1964-06-01,deceased
40978,69416,72861,1910-01-01,1938-06-01,deceased
40979,71564,72862,1909-01-01,1931-06-01,deceased
40980,70677,67633,1909-01-01,1933-06-01,deceased
40981,70416,72863,1913-01-01,1939-06-01,deceased
40982,68216,72864,1908-01-01,1930-06-01,deceased
40983,70319,72865,1912-01-01,1957-06-01,deceased
40984,66555,72866,1908-01-01,1950-06-01,deceased
40985,64578,72867,1911-01-01,1938-06-01,deceased
40986,71235,72868,1909-01-01,1932-06-01,deceased
40987,70073,72870,1908-01-01,1932-06-01,deceased
40988,66273,72871,1909-01-01,1962-06-01,deceased
40989,70285,72872,1913-01-01,1951-06-01,deceased
40990,71728,72873,1908-01-01,1936-06-01,deceased
40991,67485,66803,1908-01-01,1969-06-01,deceased
40992,68475,72874,1911-01-01,1974-06-01,deceased
40993,67683,66088,1912-01-01,1968-06-01,deceased
40994,69900,72877,1907-01-01,1945-06-01,deceased
40995,71166,72878,1913-01-01,1934-06-01,deceased
40996,69867,72879,1907-01-01,1930-06-01,deceased
40997,71110,72880,1913-01-01,1941-06-01,deceased
40998,66077,72881,1913-01-01,1939-06-01,deceased
40999,68976,72882,1911-01-01,1941-06-01,deceased
41000,69993,72883,1913-01-01,1956-06-01,deceased
41001,66597,72884,1909-01-01,1966-06-01,deceased
41002,71058,72885,1912-01-01,1944-06-01,deceased
41003,68650,72887,1910-01-01,1936-06-01,deceased
41004,65040,71952,1913-01-01,1953-06-01,deceased
41005,65965,72888,1909-01-01,1959-06-01,deceased
41006,68175,72889,1909-01-01,1969-06-01,deceased
41007,71275,71054,1910-01-01,1939-06-01,deceased
41008,64928,72891,1912-01-01,1944-06-01,deceased
41009,65023,72892,1909-01-01,1939-06-01,deceased
41010,71483,67231,1909-01-01,1948-06-01,deceased
41011,66974,72893,1913-01-01,1964-06-01,deceased
41012,71415,72894,1912-01-01,1941-06-01,deceased
41013,67308,72895,1910-01-01,1959-06-01,deceased
41014,71167,72896,1907-01-01,1965-06-01,deceased
41015,65004,72898,1913-01-01,1939-06-01,deceased
41016,66893,69457,1913-01-01,1952-06-01,deceased
41017,70623,72899,1910-01-01,1948-06-01,deceased
41018,69697,72900,1908-01-01,1944-06-01,deceased
41019,70253,72902,1912-01-01,1976-06-01,deceased
41020,66870,69170,1912-01-01,1932-06-01,deceased
41021,65456,72903,1907-01-01,1930-06-01,deceased
41022,70048,66605,1910-01-01,1941-06-01,deceased
41023,64831,72905,1911-01-01,1960-06-01,deceased
41024,69481,72906,1911-01-01,1950-06-01,deceased
41025,65520,72907,1912-01-01,1932-06-01,deceased
41026,65609,72908,1912-01-01,1968-06-01,deceased
41027,68501,72909,1912-01-01,1947-06-01,deceased
41028,68169,72910,1911-01-01,1936-06-01,deceased
41029,64897,72911,1911-01-01,1933-06-01,deceased
41030,70414,72912,1910-01-01,1935-06-01,deceased
41031,67874,72913,1911-01-01,1935-06-01,deceased
41032,65621,72914,1907-01-01,1951-06-01,deceased
41033,68962,72916,1907-01-01,1931-06-01,deceased
41034,68424,72917,1912-01-01,1935-06-01,deceased
41035,67179,72918,1913-01-01,1951-06-01,deceased
41036,71683,72919,1912-01-01,1943-06-01,deceased
41037,69496,68019,1909-01-01,1939-06-01,deceased
41038,67470,67413,1909-01-01,1938-06-01,deceased
41039,65331,72920,1910-01-01,1948-06-01,deceased
41040,70751,67440,1908-01-01,1942-06-01,deceased
41041,71678,72921,1911-01-01,1969-06-01,deceased
41042,72357,72922,1909-01-01,1975-06-01,deceased
41043,65660,72923,1913-01-01,1951-06-01,deceased
41044,65198,72924,1910-01-01,1928-06-01,deceased
41045,67111,72925,1913-01-01,1940-06-01,deceased
41046,64774,72926,1907-01-01,1948-06-01,deceased
41047,65487,72927,1908-01-01,1947-06-01,deceased
41048,67260,69487,1907-01-01,1944-06-01,deceased
41049,67533,72928,1908-01-01,1945-06-01,deceased
41050,66873,72932,1908-01-01,1954-06-01,deceased
41051,70070,72933,1908-01-01,1954-06-01,deceased
41052,64601,65155,1909-01-01,1929-06-01,deceased
41053,65794,72934,1908-01-01,1932-06-01,deceased
41054,65821,72936,1911-01-01,1943-06-01,deceased
41055,70036,72938,1910-01-01,1955-06-01,deceased
41056,66029,72939,1912-01-01,1942-06-01,deceased
41057,65293,72940,1912-01-01,1935-06-01,deceased
41058,66855,72941,1913-01-01,1938-06-01,deceased
41059,71333,72942,1910-01-01,1940-06-01,deceased
41060,66513,72944,1909-01-01,1937-06-01,deceased
41061,67796,72945,1913-01-01,1958-06-01,deceased
41062,72241,65098,1909-01-01,1937-06-01,deceased
41063,70709,72946,1912-01-01,1933-06-01,deceased
41064,67068,72947,1912-01-01,1949-06-01,deceased
41065,68028,72948,1910-01-01,1951-06-01,deceased
41066,72004,72949,1908-01-01,1938-06-01,deceased
41067,69454,72950,1912-01-01,1974-06-01,deceased
41068,70549,72951,1913-01-01,1938-06-01,deceased
41069,66361,72952,1908-01-01,1927-06-01,deceased
41070,69016,72953,1912-01-01,1933-06-01,deceased
41071,70618,72954,1908-01-01,1932-06-01,deceased
41072,65250,67930,1913-01-01,1931-06-01,deceased
41073,69873,72955,1907-01-01,1938-06-01,deceased
41074,68943,72956,1909-01-01,1967-06-01,deceased
41075,70305,72958,1912-01-01,1941-06-01,deceased
41076,66901,72959,1907-01-01,1959-06-01,deceased
41077,68876,72960,1909-01-01,1941-06-01,deceased
41078,71394,72961,1908-01-01,1945-06-01,deceased
41079,70757,72963,1909-01-01,1942-06-01,deceased
41080,65075,72964,1910-01-01,1929-06-01,deceased
41081,68942,72965,1908-01-01,1941-06-01,deceased
41082,67595,72966,1907-01-01,1969-06-01,deceased
41083,65600,72967,1912-01-01,1944-06-01,deceased
41084,69605,72968,1908-01-01,1935-06-01,deceased
41085,65538,72969,1910-01-01,1935-06-01,deceased
41086,67059,72970,1910-01-01,1933-06-01,deceased
41087,65362,72971,1909-01-01,1934-06-01,deceased
41088,67895,72972,1913-01-01,1939-06-01,deceased
41089,66746,72973,1909-01-01,1954-06-01,deceased
41090,70971,72974,1907-01-01,1952-06-01,deceased
41091,70442,72975,1912-01-01,1955-06-01,deceased
41092,68805,72976,1909-01-01,1959-06-01,deceased
41093,69981,72977,1911-01-01,1960-06-01,deceased
41094,69621,72979,1907-01-01,1936-06-01,deceased
41095,70829,72980,1912-01-01,1958-06-01,deceased
41096,66867,72981,1913-01-01,1935-06-01,deceased
41097,67430,72982,1913-01-01,1931-06-01,deceased
41098,69725,72984,1907-01-01,1943-06-01,deceased
41099,65521,72985,1912-01-01,1954-06-01,deceased
41100,68591,72986,1912-01-01,1949-06-01,deceased
41101,68368,72987,1911-01-01,1946-06-01,deceased
41102,70133,72988,1910-01-01,1941-06-01,deceased
41103,72367,72989,1910-01-01,1970-06-01,deceased
41104,69781,72990,1912-01-01,1954-06-01,deceased
41105,69462,72991,1912-01-01,1952-06-01,deceased
41106,68488,72992,1907-01-01,1937-06-01,deceased
41107,66643,72993,1908-01-01,1944-06-01,deceased
41108,67196,72994,1908-01-01,1932-06-01,deceased
41109,67395,72995,1912-01-01,1940-06-01,deceased
41110,67651,69954,1911-01-01,1929-06-01,deceased
41111,68551,72998,1909-01-01,1931-06-01,deceased
41112,71307,72999,1912-01-01,1937-06-01,deceased
41113,69346,73000,1907-01-01,1954-06-01,deceased
41114,66821,73001,1908-01-01,1956-06-01,deceased
41115,69838,70914,1910-01-01,1929-06-01,deceased
41116,65263,69105,1907-01-01,1958-06-01,deceased
41117,68829,65943,1909-01-01,1941-06-01,deceased
41118,70084,73002,1911-01-01,1932-06-01,deceased
41119,67698,73003,1912-01-01,1955-06-01,deceased
41120,66060,73004,1909-01-01,1950-06-01,deceased
41121,72261,73006,1910-01-01,1965-06-01,deceased
41122,71023,73007,1910-01-01,1964-06-01,deceased
41123,67263,65066,1909-01-01,1932-06-01,deceased
41124,68105,71502,1913-01-01,1945-06-01,deceased
41125,67004,73008,1909-01-01,1926-06-01,deceased
41126,66554,73009,1910-01-01,1929-06-01,deceased
41127,65260,73010,1910-01-01,1934-06-01,deceased
41128,71830,73011,1908-01-01,1928-06-01,deceased
41129,65843,73012,1910-01-01,1970-06-01,deceased
41130,67830,73013,1910-01-01,1929-06-01,deceased
41131,68524,73014,1909-01-01,1945-06-01,deceased
41132,69312,73015,1913-01-01,1946-06-01,deceased
41133,68825,73016,1907-01-01,1931-06-01,deceased
41134,69967,73018,1910-01-01,1951-06-01,deceased
41135,65428,73019,1912-01-01,1963-06-01,deceased
41136,64758,73020,1913-01-01,1932-06-01,deceased
41137,65632,73021,1913-01-01,1937-06-01,deceased
41138,67699,73022,1909-01-01,1943-06-01,deceased
41139,68963,73023,1909-01-01,1965-06-01,deceased
41140,71451,73024,1908-01-01,1946-06-01,deceased
41141,66106,73025,1909-01-01,1927-06-01,deceased
41142,67038,70228,1911-01-01,1940-06-01,deceased
41143,71833,73026,1911-01-01,1956-06-01,deceased
41144,72165,73027,1908-01-01,1931-06-01,deceased
41145,64685,73029,1913-01-01,1961-06-01,deceased
41146,70026,73030,1907-01-01,1927-06-01,deceased
41147,65159,73031,1913-01-01,1960-06-01,deceased
41148,68668,70174,1908-01-01,1939-06-01,deceased
41149,70025,73033,1912-01-01,1943-06-01,deceased
41150,69871,73034,1913-01-01,1943-06-01,deceased
41151,70552,73035,1909-01-01,1929-06-01,deceased
41152,67036,73036,1912-01-01,1944-06-01,deceased
41153,72319,73037,1908-01-01,1942-06-01,deceased
41154,66971,73038,1910-01-01,1969-06-01,deceased
41155,68170,73039,1913-01-01,1931-06-01,deceased
41156,69733,73042,1912-01-01,1933-06-01,deceased
41157,65397,73043,1910-01-01,1930-06-01,deceased
41158,72169,73044,1907-01-01,1949-06-01,deceased
41159,68722,73045,1912-01-01,1951-06-01,deceased
41160,65422,73046,1913-01-01,1960-06-01,deceased
41161,67662,73047,1908-01-01,1934-06-01,deceased
41162,68233,70895,1909-01-01,1931-06-01,deceased
41163,68504,73048,1909-01-01,1952-06-01,deceased
41164,72395,73049,1911-01-01,1974-06-01,deceased
41165,71840,73050,1909-01-01,1931-06-01,deceased
41166,71499,68547,1912-01-01,1935-06-01,deceased
41167,67632,73051,1912-01-01,1956-06-01,deceased
41168,66991,73052,1910-01-01,1930-06-01,deceased
41169,66664,73053,1910-01-01,1947-06-01,deceased
41170,68239,73054,1910-01-01,1942-06-01,deceased
41171,68062,73055,1907-01-01,1940-06-01,deceased
41172,65037,70126,1913-01-01,1940-06-01,deceased
41173,66598,73056,1907-01-01,1936-06-01,deceased
41174,67737,73057,1911-01-01,1949-06-01,deceased
41175,65421,73058,1913-01-01,1943-06-01,deceased
41176,66696,73059,1910-01-01,1961-06-01,deceased
41177,68768,67376,1913-01-01,1931-06-01,deceased
41178,68652,73060,1910-01-01,1937-06-01,deceased
41179,70739,73061,1910-01-01,1948-06-01,deceased
41180,66360,73062,1910-01-01,1945-06-01,deceased
41181,66818,73063,1908-01-01,1926-06-01,deceased
41182,66960,73064,1911-01-01,1937-06-01,deceased
41183,71505,73065,1907-01-01,1943-06-01,deceased
41184,71209,73066,1910-01-01,1967-06-01,deceased
41185,70701,73067,1913-01-01,1945-06-01,deceased
41186,70210,73068,1907-01-01,1926-06-01,deceased
41187,67167,73069,1908-01-01,1928-06-01,deceased
41188,65291,73071,1912-01-01,1936-06-01,deceased
41189,71401,73072,1910-01-01,1930-06-01,deceased
41190,66825,73073,1912-01-01,1935-06-01,deceased
41191,69947,66295,1911-01-01,1951-06-01,deceased
41192,71764,73075,1912-01-01,1945-06-01,deceased
41193,72143,73076,1909-01-01,1939-06-01,deceased
41194,67865,73077,1913-01-01,1937-06-01,deceased
41195,64596,73078,1907-01-01,1925-06-01,deceased
41196,72301,73080,1908-01-01,1941-06-01,deceased
41197,68841,73082,1909-01-01,1946-06-01,deceased
41198,72118,73084,1910-01-01,1953-06-01,deceased
41199,71929,73085,1913-01-01,1937-06-01,deceased
41200,72228,73086,1911-01-01,1960-06-01,deceased
41201,66687,73087,1908-01-01,1951-06-01,deceased
41202,71751,69950,1908-01-01,1944-06-01,deceased
41203,65995,73088,1908-01-01,1929-06-01,deceased
41204,70956,73090,1912-01-01,1944-06-01,deceased
41205,65835,73091,1910-01-01,1962-06-01,deceased
41206,68754,73092,1909-01-01,1945-06-01,deceased
41207,65110,73093,1912-01-01,1962-06-01,deceased
41208,72384,73094,1909-01-01,1936-06-01,deceased
41209,70137,68162,1910-01-01,1946-06-01,deceased
41210,72139,73095,1913-01-01,1959-06-01,deceased
41211,71704,73097,1909-01-01,1957-06-01,deceased
41212,69118,73098,1909-01-01,1945-06-01,deceased
41213,66024,73099,1912-01-01,1953-06-01,deceased
41214,64998,73100,1907-01-01,1938-06-01,deceased
41215,64785,73101,1913-01-01,1949-06-01,deceased
41216,65142,73102,1909-01-01,1942-06-01,deceased
41217,64763,73103,1908-01-01,1927-06-01,deceased
41218,68057,73104,1912-01-01,1971-06-01,deceased
41219,68477,73105,1911-01-01,1958-06-01,deceased
41220,72408,73106,1913-01-01,1950-06-01,deceased
41221,70263,73107,1907-01-01,1928-06-01,deceased
41222,64571,73108,1912-01-01,1932-06-01,deceased
41223,68203,73109,1911-01-01,1928-06-01,deceased
41224,70509,64970,1911-01-01,1931-06-01,deceased
41225,67339,73111,1912-01-01,1948-06-01,deceased
41226,68953,73112,1908-01-01,1952-06-01,deceased
41227,69833,73113,1913-01-01,1954-06-01,deceased
41228,67902,73114,1913-01-01,1941-06-01,deceased
41229,69382,73115,1913-01-01,1946-06-01,deceased
41230,67564,73116,1908-01-01,1941-06-01,deceased
41231,65856,73117,1912-01-01,1949-06-01,deceased
41232,70089,73119,1908-01-01,1926-06-01,deceased
41233,66832,73120,1908-01-01,1928-06-01,deceased
41234,69224,73121,1910-01-01,1937-06-01,deceased
41235,67334,72065,1910-01-01,1933-06-01,deceased
41236,71724,73122,1907-01-01,1950-06-01,deceased
41237,68583,73123,1912-01-01,1932-06-01,deceased
41238,66752,73124,1913-01-01,1946-06-01,deceased
41239,68530,73125,1910-01-01,1928-06-01,deceased
41240,66081,71529,1910-01-01,1939-06-01,deceased
41241,68149,73126,1912-01-01,1938-06-01,deceased
41242,70033,71993,1907-01-01,1939-06-01,deceased
41243,68143,73127,1913-01-01,1936-06-01,deceased
41244,66581,73128,1913-01-01,1932-06-01,deceased
41245,64985,73129,1907-01-01,1940-06-01,deceased
41246,66334,73130,1907-01-01,1942-06-01,deceased
41247,65359,73131,1911-01-01,1945-06-01,deceased
41248,71427,73132,1909-01-01,1961-06-01,deceased
41249,70341,73133,1907-01-01,1961-06-01,deceased
41250,68685,65396,1908-01-01,1971-06-01,deceased
41251,66269,73134,1909-01-01,1945-06-01,deceased
41252,64552,73135,1910-01-01,1933-06-01,deceased
41253,72206,73136,1907-01-01,1973-06-01,deceased
41254,69813,73137,1907-01-01,1940-06-01,deceased
41255,70900,73138,1910-01-01,1935-06-01,deceased
41256,71455,73140,1912-01-01,1970-06-01,deceased
41257,69011,73141,1908-01-01,1948-06-01,deceased
41258,71264,73142,1907-01-01,1950-06-01,deceased
41259,69798,73143,1910-01-01,1949-06-01,deceased
41260,70893,68118,1907-01-01,1941-06-01,deceased
41261,64739,73144,1907-01-01,1948-06-01,deceased
41262,70803,73145,1912-01-01,1955-06-01,deceased
41263,68885,73146,1909-01-01,1936-06-01,deceased
41264,68836,73147,1913-01-01,1946-06-01,deceased
41265,66655,73148,1908-01-01,1927-06-01,deceased
41266,72399,71358,1910-01-01,1943-06-01,deceased
41267,70565,68133,1912-01-01,1930-06-01,deceased
41268,67497,73149,1908-01-01,1929-06-01,deceased
41269,70728,73150,1909-01-01,1955-06-01,deceased
41270,65991,73151,1909-01-01,1935-06-01,deceased
41271,71346,73152,1907-01-01,1940-06-01,deceased
41272,66489,73154,1909-01-01,1944-06-01,deceased
41273,70477,71465,1907-01-01,1947-06-01,deceased
41274,66395,73155,1912-01-01,1945-06-01,deceased
41275,64634,73156,1912-01-01,1931-06-01,deceased
41276,68497,73157,1910-01-01,1937-06-01,deceased
41277,65419,73158,1909-01-01,1967-06-01,deceased
41278,67216,73159,1911-01-01,1951-06-01,deceased
41279,72350,73160,1909-01-01,1927-06-01,deceased
41280,68332,73161,1910-01-01,1929-06-01,deceased
41281,64558,73162,1907-01-01,1926-06-01,deceased
41282,68500,73163,1912-01-01,1953-06-01,deceased
41283,64643,73164,1912-01-01,1965-06-01,deceased
41284,67242,73165,1907-01-01,1937-06-01,deceased
41285,69237,73167,1912-01-01,1934-06-01,deceased
41286,65353,73168,1913-01-01,1958-06-01,deceased
41287,65494,73169,1910-01-01,1934-06-01,deceased
41288,64699,73170,1911-01-01,1963-06-01,deceased
41289,71379,73171,1911-01-01,1967-06-01,deceased
41290,65084,73172,1911-01-01,1929-06-01,deceased
41291,65868,73173,1909-01-01,1945-06-01,deceased
41292,69294,67965,1909-01-01,1942-06-01,deceased
41293,70802,73176,1911-01-01,1950-06-01,deceased
41294,69005,73177,1907-01-01,1956-06-01,deceased
41295,65872,66234,1908-01-01,1930-06-01,deceased
41296,65185,73178,1907-01-01,1926-06-01,deceased
41297,69024,73179,1913-01-01,1953-06-01,deceased
41298,71951,73180,1907-01-01,1958-06-01,deceased
41299,69510,73181,1910-01-01,1948-06-01,deceased
41300,67637,73182,1909-01-01,1936-06-01,deceased
41301,72245,73183,1913-01-01,1933-06-01,deceased
41302,70043,73184,1911-01-01,1930-06-01,deceased
41303,67741,72284,1907-01-01,1958-06-01,deceased
41304,69935,64668,1907-01-01,1935-06-01,deceased
41305,70338,73185,1907-01-01,1928-06-01,deceased
41306,66652,73186,1911-01-01,1941-06-01,deceased
41307,65437,73187,1911-01-01,1929-06-01,deceased
41308,65735,73188,1911-01-01,1946-06-01,deceased
41309,71970,73189,1908-01-01,1943-06-01,deceased
41310,71106,73190,1910-01-01,1938-06-01,deceased
41311,71404,73191,1912-01-01,1941-06-01,deceased
41312,65090,73192,1910-01-01,1939-06-01,deceased
41313,69278,68702,1910-01-01,1933-06-01,deceased
41314,66768,73193,1912-01-01,1955-06-01,deceased
41315,67666,73194,1908-01-01,1939-06-01,deceased
41316,69018,73195,1911-01-01,1957-06-01,deceased
41317,70784,73196,1912-01-01,1961-06-01,deceased
41318,71868,73197,1913-01-01,1950-06-01,deceased
41319,70856,73199,1913-01-01,1971-06-01,deceased
41320,66694,73200,1910-01-01,1935-06-01,deceased
41321,71294,73201,1908-01-01,1944-06-01,deceased
41322,66057,73202,1909-01-01,1931-06-01,deceased
41323,72000,67489,1908-01-01,1934-06-01,deceased
41324,68040,73203,1910-01-01,1952-06-01,deceased
41325,69414,73204,1908-01-01,1964-06-01,deceased
41326,64964,73205,1909-01-01,1930-06-01,deceased
41327,71569,73206,1910-01-01,1961-06-01,deceased
41328,69716,73207,1913-01-01,1961-06-01,deceased
41329,67418,73208,1912-01-01,1935-06-01,deceased
41330,70987,73210,1909-01-01,1932-06-01,deceased
41331,66065,73211,1910-01-01,1950-06-01,deceased
41332,65984,73212,1907-01-01,1928-06-01,deceased
41333,69536,66602,1907-01-01,1941-06-01,deceased
41334,71257,73213,1908-01-01,1946-06-01,deceased
41335,66898,73214,1911-01-01,1952-06-01,deceased
41336,71341,73215,1913-01-01,1935-06-01,deceased
41337,68776,73217,1912-01-01,1946-06-01,deceased
41338,68446,71862,1911-01-01,1944-06-01,deceased
41339,66973,73219,1910-01-01,1942-06-01,deceased
41340,68469,73220,1908-01-01,1960-06-01,deceased
41341,65121,67201,1908-01-01,1931-06-01,deceased
41342,65563,73221,1910-01-01,1946-06-01,deceased
41343,70763,73222,1911-01-01,1932-06-01,deceased
41344,68863,73223,1912-01-01,1941-06-01,deceased
41345,67435,73224,1911-01-01,1952-06-01,deceased
41346,68306,73225,1907-01-01,1947-06-01,deceased
41347,70520,73226,1913-01-01,1975-06-01,deceased
41348,69729,73228,1909-01-01,1944-06-01,deceased
41349,68675,73229,1908-01-01,1929-06-01,deceased
41350,66368,67182,1911-01-01,1930-06-01,deceased
41351,71821,73230,1913-01-01,1963-06-01,deceased
41352,64926,73231,1907-01-01,1948-06-01,deceased
41353,66788,71809,1913-01-01,1945-06-01,deceased
41354,68131,73232,1913-01-01,1971-06-01,deceased
41355,68196,73234,1908-01-01,1937-06-01,deceased
41356,70554,73236,1909-01-01,1957-06-01,deceased
41357,67397,73237,1908-01-01,1930-06-01,deceased
41358,68601,73238,1913-01-01,1948-06-01,deceased
41359,67998,67808,1907-01-01,1970-06-01,deceased
41360,66474,73239,1907-01-01,1924-06-01,deceased
41361,69855,73241,1907-01-01,1929-06-01,deceased
41362,68421,65593,1913-01-01,1933-06-01,deceased
41363,66484,73242,1912-01-01,1948-06-01,deceased
41364,72025,73243,1908-01-01,1939-06-01,deceased
41365,68688,73244,1911-01-01,1951-06-01,deceased
41366,69374,73245,1909-01-01,1932-06-01,deceased
41367,64640,73246,1910-01-01,1956-06-01,deceased
41368,70389,73247,1910-01-01,1939-06-01,deceased
41369,69825,73248,1912-01-01,1949-06-01,deceased
41370,72119,73249,1909-01-01,1957-06-01,deceased
41371,66004,65114,1908-01-01,1961-06-01,deceased
41372,71614,69502,1907-01-01,1926-06-01,deceased
41373,69356,73250,1909-01-01,1951-06-01,deceased
41374,65754,73251,1907-01-01,1955-06-01,deceased
41375,66222,73252,1908-01-01,1959-06-01,deceased
41376,70782,73253,1911-01-01,1931-06-01,deceased
41377,70320,73254,1911-01-01,1934-06-01,deceased
41378,67591,73255,1911-01-01,1946-06-01,deceased
41379,66591,73256,1912-01-01,1941-06-01,deceased
41380,69933,67575,1913-01-01,1970-06-01,deceased
41381,71832,65830,1913-01-01,1959-06-01,deceased
41382,70799,73257,1910-01-01,1969-06-01,deceased
41383,64580,73258,1909-01-01,1969-06-01,deceased
41384,64715,73259,1913-01-01,1944-06-01,deceased
41385,66868,73260,1911-01-01,1940-06-01,deceased
41386,72189,65191,1912-01-01,1936-06-01,deceased
41387,68072,73261,1909-01-01,1968-06-01,deceased
41388,71581,73262,1908-01-01,1953-06-01,deceased
41389,70212,73263,1908-01-01,1929-06-01,deceased
41390,70620,73264,1907-01-01,1932-06-01,deceased
41391,69120,70163,1913-01-01,1957-06-01,deceased
41392,71170,73267,1912-01-01,1933-06-01,deceased
41393,65622,73268,1911-01-01,1957-06-01,deceased
41394,71290,73269,1911-01-01,1951-06-01,deceased
41395,64954,73270,1913-01-01,1938-06-01,deceased
41396,70880,73271,1910-01-01,1930-06-01,deceased
41397,66152,73272,1909-01-01,1930-06-01,deceased
41398,67909,73273,1907-01-01,1922-06-01,deceased
41399,65414,73274,1911-01-01,1931-06-01,deceased
41400,72406,73275,1907-01-01,1944-06-01,deceased
41401,69103,73276,1911-01-01,1949-06-01,deceased
41402,65471,73277,1909-01-01,1956-06-01,deceased
41403,70086,73278,1911-01-01,1944-06-01,deceased
41404,68545,73279,1908-01-01,1970-06-01,deceased
41405,68760,73280,1913-01-01,1937-06-01,deceased
41406,65845,73281,1908-01-01,1927-06-01,deceased
41407,67768,73282,1908-01-01,1944-06-01,deceased
41408,64707,73283,1907-01-01,1945-06-01,deceased
41409,67235,73285,1907-01-01,1954-06-01,deceased
41410,65889,65186,1908-01-01,1932-06-01,deceased
41411,68319,73286,1907-01-01,1935-06-01,deceased
41412,70642,73287,1909-01-01,1950-06-01,deceased
41413,68204,73288,1907-01-01,1941-06-01,deceased
41414,70255,73289,1912-01-01,1943-06-01,deceased
41415,72272,67276,1911-01-01,1962-06-01,deceased
41416,65149,73290,1913-01-01,1934-06-01,deceased
41417,71905,73291,1912-01-01,1968-06-01,deceased
41418,68957,66551,1911-01-01,1958-06-01,deceased
41419,71916,73292,1913-01-01,1936-06-01,deceased
41420,66246,73293,1913-01-01,1955-06-01,deceased
41421,71643,73294,1911-01-01,1958-06-01,deceased
41422,64980,73295,1913-01-01,1931-06-01,deceased
41423,69389,73296,1910-01-01,1953-06-01,deceased
41424,65370,73297,1912-01-01,1966-06-01,deceased
41425,65724,73299,1908-01-01,1933-06-01,deceased
41426,66213,73300,1913-01-01,1934-06-01,deceased
41427,71907,73301,1907-01-01,1926-06-01,deceased
41428,68016,73302,1907-01-01,1944-06-01,deceased
41429,71814,71888,1913-01-01,1930-06-01,deceased
41430,68865,73303,1909-01-01,1935-06-01,deceased
41431,69194,73304,1907-01-01,1948-06-01,deceased
41432,71632,73305,1908-01-01,1932-06-01,deceased
41433,65812,73308,1907-01-01,1935-06-01,deceased
41434,65057,73309,1907-01-01,1951-06-01,deceased
41435,72389,73310,1911-01-01,1930-06-01,deceased
41436,69562,73311,1912-01-01,1945-06-01,deceased
41437,71773,73312,1913-01-01,1958-06-01,deceased
41438,69281,69648,1908-01-01,1934-06-01,deceased
41439,66460,70968,1907-01-01,1944-06-01,deceased
41440,67233,73314,1908-01-01,1942-06-01,deceased
41441,71324,73315,1912-01-01,1943-06-01,deceased
41442,64566,65251,1913-01-01,1957-06-01,deceased
41443,67534,73316,1912-01-01,1949-06-01,deceased
41444,65903,73317,1910-01-01,1932-06-01,deceased
41445,66750,73318,1908-01-01,1942-06-01,deceased
41446,66715,73321,1909-01-01,1941-06-01,deceased
41447,72328,72132,1913-01-01,1937-06-01,deceased
41448,69106,73323,1910-01-01,1951-06-01,deceased
41449,69133,73324,1910-01-01,1928-06-01,deceased
41450,72001,73325,1907-01-01,1944-06-01,deceased
41451,71636,73326,1909-01-01,1937-06-01,deceased
41452,71511,73327,1912-01-01,1957-06-01,deceased
41453,64910,73328,1907-01-01,1935-06-01,deceased
41454,64746,73329,1908-01-01,1944-06-01,deceased
41455,66103,73330,1912-01-01,1958-06-01,deceased
41456,65278,73331,1907-01-01,1924-06-01,deceased
41457,68679,73332,1908-01-01,1958-06-01,deceased
41458,68594,73333,1909-01-01,1962-06-01,deceased
41459,64590,73335,1913-01-01,1942-06-01,deceased
41460,67634,73336,1907-01-01,1936-06-01,deceased
41461,67935,73337,1911-01-01,1941-06-01,deceased
41462,65844,73339,1911-01-01,1974-06-01,deceased
41463,67349,73340,1910-01-01,1945-06-01,deceased
41464,65140,65917,1907-01-01,1937-06-01,deceased
41465,72315,73341,1908-01-01,1969-06-01,deceased
41466,65805,73342,1909-01-01,1941-06-01,deceased
41467,66635,73343,1913-01-01,1933-06-01,deceased
41468,66796,71171,1910-01-01,1960-06-01,deceased
41469,72129,73344,1907-01-01,1962-06-01,deceased
41470,66259,73345,1907-01-01,1959-06-01,deceased
41471,67183,73346,1913-01-01,1936-06-01,deceased
41472,65779,73347,1911-01-01,1948-06-01,deceased
41473,70607,73348,1912-01-01,1947-06-01,deceased
41474,67823,67713,1907-01-01,1966-06-01,deceased
41475,69970,73349,1911-01-01,1937-06-01,deceased
41476,67639,73350,1912-01-01,1956-06-01,deceased
41477,66512,73351,1909-01-01,1950-06-01,deceased
41478,70356,73352,1913-01-01,1934-06-01,deceased
41479,68051,73353,1913-01-01,1968-06-01,deceased
41480,69343,73354,1913-01-01,1951-06-01,deceased
41481,69644,73355,1913-01-01,1940-06-01,deceased
41482,68733,69711,1907-01-01,1941-06-01,deceased
41483,68378,73356,1912-01-01,1952-06-01,deceased
41484,66330,73357,1908-01-01,1928-06-01,deceased
41485,66609,73358,1912-01-01,1950-06-01,deceased
41486,66321,73359,1908-01-01,1956-06-01,deceased
41487,65395,73360,1908-01-01,1936-06-01,deceased
41488,66969,72015,1911-01-01,1936-06-01,deceased
41489,70790,73361,1907-01-01,1929-06-01,deceased
41490,66748,73362,1912-01-01,1940-06-01,deceased
41491,67234,73363,1907-01-01,1940-06-01,deceased
41492,68533,73364,1910-01-01,1929-06-01,deceased
41493,69112,73367,1908-01-01,1924-06-01,deceased
41494,70165,73368,1910-01-01,1939-06-01,deceased
41495,68794,65211,1908-01-01,1938-06-01,deceased
41496,65919,73369,1911-01-01,1933-06-01,deceased
41497,66521,73370,1911-01-01,1953-06-01,deceased
41498,68250,73371,1907-01-01,1928-06-01,deceased
41499,69719,73372,1908-01-01,1940-06-01,deceased
41500,69754,73374,1913-01-01,1946-06-01,deceased
41501,70983,73375,1908-01-01,1934-06-01,deceased
41502,69023,73376,1907-01-01,1940-06-01,deceased
41503,69047,73377,1909-01-01,1938-06-01,deceased
41504,71067,73378,1907-01-01,1942-06-01,deceased
41505,70290,73379,1908-01-01,1928-06-01,deceased
41506,71127,73380,1910-01-01,1947-06-01,deceased
41507,70323,73381,1912-01-01,1942-06-01,deceased
41508,67955,73382,1910-01-01,1938-06-01,deceased
41509,69035,73383,1911-01-01,1957-06-01,deceased
41510,69720,73384,1913-01-01,1946-06-01,deceased
41511,68282,73385,1911-01-01,1951-06-01,deceased
41512,65443,68405,1913-01-01,1951-06-01,deceased
41513,68543,73386,1908-01-01,1950-06-01,deceased
41514,71861,73387,1910-01-01,1943-06-01,deceased
41515,69409,73388,1909-01-01,1977-06-01,deceased
41516,71306,72339,1912-01-01,1976-06-01,deceased
41517,68397,73389,1913-01-01,1942-06-01,deceased
41518,65687,73390,1907-01-01,1936-06-01,deceased
41519,66970,73391,1910-01-01,1927-06-01,deceased
41520,71589,73392,1911-01-01,1945-06-01,deceased
41521,65760,68460,1912-01-01,1963-06-01,deceased
41522,70329,73393,1911-01-01,1932-06-01,deceased
41523,66953,73394,1907-01-01,1943-06-01,deceased
41524,70046,73395,1912-01-01,1944-06-01,deceased
41525,69622,73396,1910-01-01,1945-06-01,deceased
41526,68945,73397,1907-01-01,1940-06-01,deceased
41527,68809,73398,1913-01-01,1963-06-01,deceased
41528,66479,73399,1913-01-01,1952-06-01,deceased
41529,65534,73400,1908-01-01,1958-06-01,deceased
41530,69596,73401,1908-01-01,1964-06-01,deceased
41531,65404,68484,1909-01-01,1942-06-01,deceased
41532,67123,73402,1911-01-01,1937-06-01,deceased
41533,65680,73404,1909-01-01,1944-06-01,deceased
41534,71420,73406,1910-01-01,1930-06-01,deceased
41535,66883,73407,1909-01-01,1968-06-01,deceased
41536,71380,73408,1911-01-01,1955-06-01,deceased
41537,65901,73409,1910-01-01,1945-06-01,deceased
41538,70653,73410,1908-01-01,1951-06-01,deceased
41539,66017,73412,1908-01-01,1943-06-01,deceased
41540,68708,73414,1907-01-01,1955-06-01,deceased
41541,69324,73415,1909-01-01,1955-06-01,deceased
41542,65571,65166,1913-01-01,1969-06-01,deceased
41543,67450,73416,1911-01-01,1956-06-01,deceased
41544,69117,65814,1907-01-01,1946-06-01,deceased
41545,70591,73417,1913-01-01,1947-06-01,deceased
41546,71444,73418,1912-01-01,1944-06-01,deceased
41547,69647,73419,1908-01-01,1930-06-01,deceased
41548,69666,73420,1912-01-01,1929-06-01,deceased
41549,66202,73421,1913-01-01,1939-06-01,deceased
41550,71291,73422,1911-01-01,1933-06-01,deceased
41551,66420,73423,1910-01-01,1958-06-01,deceased
41552,70334,73424,1910-01-01,1934-06-01,deceased
41553,71365,73425,1911-01-01,1945-06-01,deceased
41554,65848,73426,1911-01-01,1936-06-01,deceased
41555,64616,73427,1913-01-01,1946-06-01,deceased
41556,71280,64888,1909-01-01,1944-06-01,deceased
41557,70404,73428,1909-01-01,1953-06-01,deceased
41558,69628,73429,1911-01-01,1948-06-01,deceased
41559,72210,73430,1909-01-01,1953-06-01,deceased
41560,64759,73431,1911-01-01,1938-06-01,deceased
41561,67708,68964,1911-01-01,1932-06-01,deceased
41562,69595,73432,1909-01-01,1925-06-01,deceased
41563,67508,73433,1913-01-01,1935-06-01,deceased
41564,66203,73434,1909-01-01,1927-06-01,deceased
41565,70571,73435,1910-01-01,1943-06-01,deceased
41566,65726,73436,1911-01-01,1967-06-01,deceased
41567,70170,67658,1910-01-01,1941-06-01,deceased
41568,65035,73438,1910-01-01,1932-06-01,deceased
41569,68447,73439,1910-01-01,1940-06-01,deceased
41570,68716,73440,1912-01-01,1962-06-01,deceased
41571,66201,66427,1913-01-01,1968-06-01,deceased
41572,68598,73441,1907-01-01,1944-06-01,deceased
41573,69766,73442,1907-01-01,1969-06-01,deceased
41574,68023,73443,1908-01-01,1944-06-01,deceased
41575,68253,73444,1909-01-01,1934-06-01,deceased
41576,65348,73445,1907-01-01,1931-06-01,deceased
41577,69313,73446,1911-01-01,1933-06-01,deceased
41578,66936,73447,1907-01-01,1927-06-01,deceased
41579,70224,73448,1911-01-01,1929-06-01,deceased
41580,67525,73449,1908-01-01,1952-06-01,deceased
41581,69830,73450,1907-01-01,1933-06-01,deceased
41582,67137,73451,1910-01-01,1966-06-01,deceased
41583,67055,67428,1909-01-01,1957-06-01,deceased
41584,67569,73453,1908-01-01,1941-06-01,deceased
41585,70277,73454,1911-01-01,1929-06-01,deceased
41586,67793,68079,1911-01-01,1940-06-01,deceased
41587,70559,64656,1911-01-01,1928-06-01,deceased
41588,70538,73455,1913-01-01,1944-06-01,deceased
41589,69098,73456,1908-01-01,1951-06-01,deceased
41590,67100,73457,1911-01-01,1936-06-01,deceased
41591,71160,73458,1911-01-01,1940-06-01,deceased
41592,72386,73462,1908-01-01,1944-06-01,deceased
41593,69045,69759,1910-01-01,1943-06-01,deceased
41594,65128,73464,1910-01-01,1950-06-01,deceased
41595,69128,73465,1912-01-01,1936-06-01,deceased
41596,67939,73466,1911-01-01,1935-06-01,deceased
41597,71978,73467,1908-01-01,1922-06-01,deceased
41598,67042,73468,1908-01-01,1939-06-01,deceased
41599,66026,73469,1907-01-01,1932-06-01,deceased
41600,64648,73470,1908-01-01,1930-06-01,deceased
41601,67273,73471,1912-01-01,1952-06-01,deceased
41602,64978,73472,1909-01-01,1933-06-01,deceased
41603,67783,73473,1908-01-01,1951-06-01,deceased
41604,65937,73474,1910-01-01,1970-06-01,deceased
41605,69470,73475,1908-01-01,1961-06-01,deceased
41606,70844,73476,1907-01-01,1929-06-01,deceased
41607,70816,73477,1908-01-01,1950-06-01,deceased
41608,70138,73478,1913-01-01,1946-06-01,deceased
41609,70688,73479,1907-01-01,1932-06-01,deceased
41610,66398,73480,1913-01-01,1943-06-01,deceased
41611,69125,73481,1909-01-01,1928-06-01,deceased
41612,70916,73482,1913-01-01,1943-06-01,deceased
41613,71618,73483,1912-01-01,1940-06-01,deceased
41614,69778,72060,1908-01-01,1944-06-01,deceased
41615,64637,66726,1909-01-01,1927-06-01,deceased
41616,65214,73484,1911-01-01,1940-06-01,deceased
41617,68627,73485,1911-01-01,1947-06-01,deceased
41618,70698,73486,1911-01-01,1946-06-01,deceased
41619,64916,73488,1907-01-01,1938-06-01,deceased
41620,70798,73489,1910-01-01,1943-06-01,deceased
41621,67352,73491,1907-01-01,1928-06-01,deceased
41622,71248,73493,1913-01-01,1949-06-01,deceased
41623,69672,71182,1913-01-01,1929-06-01,deceased
41624,66559,73495,1909-01-01,1952-06-01,deceased
41625,65282,73496,1907-01-01,1930-06-01,deceased
41626,65717,73497,1908-01-01,1949-06-01,deceased
41627,65018,73498,1908-01-01,1972-06-01,deceased
41628,71155,73500,1911-01-01,1943-06-01,deceased
41629,67652,73501,1913-01-01,1954-06-01,deceased
41630,66392,73504,1913-01-01,1946-06-01,deceased
41631,65783,73505,1913-01-01,1932-06-01,deceased
41632,66929,71727,1910-01-01,1974-06-01,deceased
41633,70577,73506,1910-01-01,1955-06-01,deceased
41634,65985,73507,1907-01-01,1966-06-01,deceased
41635,68782,70196,1913-01-01,1939-06-01,deceased
41636,67495,73509,1911-01-01,1930-06-01,deceased
41637,68527,73510,1911-01-01,1956-06-01,deceased
41638,69109,73511,1910-01-01,1932-06-01,deceased
41639,67567,69863,1911-01-01,1947-06-01,deceased
41640,67825,73512,1907-01-01,1958-06-01,deceased
41641,69090,73513,1907-01-01,1933-06-01,deceased
41642,64567,73514,1908-01-01,1943-06-01,deceased
41643,64688,73515,1912-01-01,1975-06-01,deceased
41644,65218,73516,1910-01-01,1938-06-01,deceased
41645,70287,73517,1908-01-01,1932-06-01,deceased
41646,66181,73518,1910-01-01,1936-06-01,deceased
41647,67656,73519,1907-01-01,1939-06-01,deceased
41648,66949,73520,1910-01-01,1939-06-01,deceased
41649,69736,73521,1913-01-01,1931-06-01,deceased
41650,70990,73522,1907-01-01,1952-06-01,deceased
41651,67863,73523,1910-01-01,1951-06-01,deceased
41652,67166,70225,1913-01-01,1961-06-01,deceased
41653,69161,73524,1910-01-01,1943-06-01,deceased
41654,67629,73525,1911-01-01,1965-06-01,deceased
41655,71958,73526,1910-01-01,1962-06-01,deceased
41656,69228,73527,1911-01-01,1940-06-01,deceased
41657,70412,73528,1912-01-01,1935-06-01,deceased
41658,67850,73529,1910-01-01,1950-06-01,deceased
41659,70119,73532,1912-01-01,1974-06-01,deceased
41660,72337,73533,1907-01-01,1931-06-01,deceased
41661,64617,73534,1907-01-01,1948-06-01,deceased
41662,71351,73535,1910-01-01,1953-06-01,deceased
41663,65974,73536,1909-01-01,1961-06-01,deceased
41664,65796,73537,1910-01-01,1966-06-01,deceased
41665,69079,65392,1907-01-01,1928-06-01,deceased
41666,70191,73538,1909-01-01,1935-06-01,deceased
41667,71391,73539,1908-01-01,1935-06-01,deceased
41668,69783,73540,1908-01-01,1959-06-01,deceased
41669,64691,73541,1911-01-01,1958-06-01,deceased
41670,70702,73542,1910-01-01,1929-06-01,deceased
41671,72416,73543,1912-01-01,1943-06-01,deceased
41672,64764,73544,1912-01-01,1934-06-01,deceased
41673,72439,73545,1907-01-01,1934-06-01,deceased
41674,71036,73546,1912-01-01,1967-06-01,deceased
41675,69210,73548,1910-01-01,1963-06-01,deceased
41676,68333,73549,1912-01-01,1941-06-01,deceased
41677,65644,73550,1912-01-01,1932-06-01,deceased
41678,64999,66890,1909-01-01,1931-06-01,deceased
41679,69636,73552,1910-01-01,1942-06-01,deceased
41680,71434,73553,1911-01-01,1970-06-01,deceased
41681,70800,73554,1909-01-01,1947-06-01,deceased
41682,67498,73555,1911-01-01,1960-06-01,deceased
41683,65103,69664,1912-01-01,1937-06-01,deceased
41684,68107,73556,1910-01-01,1937-06-01,deceased
41685,66739,65891,1909-01-01,1959-06-01,deceased
41686,71842,73557,1911-01-01,1935-06-01,deceased
41687,71615,73558,1913-01-01,1942-06-01,deceased
41688,66649,73560,1912-01-01,1962-06-01,deceased
41689,66896,73561,1910-01-01,1938-06-01,deceased
41690,70364,73563,1912-01-01,1954-06-01,deceased
41691,71446,73564,1909-01-01,1925-06-01,deceased
41692,69557,73566,1911-01-01,1938-06-01,deceased
41693,71338,73568,1908-01-01,1931-06-01,deceased
41694,66705,73571,1908-01-01,1928-06-01,deceased
41695,71217,73572,1913-01-01,1960-06-01,deceased
41696,69875,73573,1913-01-01,1952-06-01,deceased
41697,71702,73575,1911-01-01,1957-06-01,deceased
41698,71932,73576,1909-01-01,1923-06-01,deceased
41699,70806,73577,1911-01-01,1933-06-01,deceased
41700,69862,73579,1912-01-01,1970-06-01,deceased
41701,72158,73580,1913-01-01,1960-06-01,deceased
41702,69325,73581,1909-01-01,1949-06-01,deceased
41703,69768,65050,1913-01-01,1935-06-01,deceased
41704,66270,67578,1911-01-01,1959-06-01,deceased
41705,65969,73583,1911-01-01,1967-06-01,deceased
41706,66528,73584,1912-01-01,1941-06-01,deceased
41707,67367,73585,1909-01-01,1931-06-01,deceased
41708,65506,65701,1909-01-01,1937-06-01,deceased
41709,71934,73586,1909-01-01,1929-06-01,deceased
41710,65116,73587,1907-01-01,1953-06-01,deceased
41711,65344,73588,1910-01-01,1932-06-01,deceased
41712,69413,73589,1912-01-01,1947-06-01,deceased
41713,70354,73590,1910-01-01,1951-06-01,deceased
41714,66616,73591,1911-01-01,1946-06-01,deceased
41715,66436,73592,1907-01-01,1929-06-01,deceased
41716,65240,73593,1907-01-01,1932-06-01,deceased
41717,67655,73594,1908-01-01,1931-06-01,deceased
41718,68800,73595,1912-01-01,1939-06-01,deceased
41719,68227,73596,1909-01-01,1931-06-01,deceased
41720,69796,73597,1907-01-01,1924-06-01,deceased
41721,66824,73598,1909-01-01,1931-06-01,deceased
41722,70097,73599,1912-01-01,1943-06-01,deceased
41723,71567,73600,1913-01-01,1943-06-01,deceased
41724,70262,73601,1907-01-01,1958-06-01,deceased
41725,64993,73602,1907-01-01,1943-06-01,deceased
41726,70697,73603,1912-01-01,1955-06-01,deceased
41727,69386,73604,1911-01-01,1948-06-01,deceased
41728,68435,73605,1912-01-01,1935-06-01,deceased
41729,72205,73606,1909-01-01,1952-06-01,deceased
41730,69242,73607,1913-01-01,1946-06-01,deceased
41731,72220,73609,1913-01-01,1935-06-01,deceased
41732,66188,73610,1912-01-01,1940-06-01,deceased
41733,70051,73611,1911-01-01,1937-06-01,deceased
41734,69091,73612,1912-01-01,1958-06-01,deceased
41735,67217,73613,1907-01-01,1938-06-01,deceased
41736,70266,73614,1911-01-01,1949-06-01,deceased
41737,65590,73615,1910-01-01,1929-06-01,deceased
41738,68695,73616,1907-01-01,1963-06-01,deceased
41739,69569,65734,1910-01-01,1944-06-01,deceased
41740,68912,73617,1913-01-01,1965-06-01,deceased
41741,69988,73618,1913-01-01,1942-06-01,deceased
41742,69649,73619,1908-01-01,1962-06-01,deceased
41743,65755,65961,1908-01-01,1943-06-01,deceased
41744,70368,73620,1912-01-01,1926-06-01,deceased
41745,65227,71414,1910-01-01,1963-06-01,deceased
41746,69188,73622,1912-01-01,1933-06-01,deceased
41747,64966,73623,1912-01-01,1935-06-01,deceased
41748,67138,73624,1907-01-01,1948-06-01,deceased
41749,66422,73625,1907-01-01,1925-06-01,deceased
41750,66585,73626,1911-01-01,1971-06-01,deceased
41751,65923,73627,1909-01-01,1932-06-01,deceased
41752,70898,72443,1911-01-01,1935-06-01,deceased
41753,65088,73629,1909-01-01,1932-06-01,deceased
41754,68616,73630,1908-01-01,1937-06-01,deceased
41755,70432,67322,1908-01-01,1946-06-01,deceased
41756,70459,73633,1913-01-01,1971-06-01,deceased
41757,70059,73634,1911-01-01,1929-06-01,deceased
41758,72448,73635,1910-01-01,1931-06-01,deceased
41759,65587,73636,1907-01-01,1936-06-01,deceased
41760,67174,73637,1913-01-01,1959-06-01,deceased
41761,64913,73638,1910-01-01,1942-06-01,deceased
41762,69767,73639,1907-01-01,1955-06-01,deceased
41763,68606,73640,1907-01-01,1952-06-01,deceased
41764,69108,73641,1913-01-01,1959-06-01,deceased
41765,66550,73642,1913-01-01,1938-06-01,deceased
41766,70410,73643,1913-01-01,1936-06-01,deceased
41767,67032,73646,1911-01-01,1927-06-01,deceased
41768,68769,73647,1911-01-01,1946-06-01,deceased
41769,65406,73648,1913-01-01,1960-06-01,deceased
41770,67702,73649,1908-01-01,1935-06-01,deceased
41771,67050,73650,1910-01-01,1941-06-01,deceased
41772,71779,73651,1913-01-01,1929-06-01,deceased
41773,64983,73652,1909-01-01,1928-06-01,deceased
41774,67047,73653,1910-01-01,1934-06-01,deceased
41775,68786,73654,1909-01-01,1938-06-01,deceased
41776,65879,73655,1912-01-01,1943-06-01,deceased
41777,65248,73656,1910-01-01,1933-06-01,deceased
41778,67178,73657,1910-01-01,1929-06-01,deceased
41779,67971,73659,1912-01-01,1953-06-01,deceased
41780,68674,73660,1910-01-01,1948-06-01,deceased
41781,71336,73661,1910-01-01,1932-06-01,deceased
41782,66428,73662,1910-01-01,1930-06-01,deceased
41783,65029,73663,1909-01-01,1928-06-01,deceased
41784,66450,73664,1912-01-01,1934-06-01,deceased
41785,66633,73665,1910-01-01,1956-06-01,deceased
41786,68529,64776,1909-01-01,1945-06-01,deceased
41787,68234,65681,1909-01-01,1944-06-01,deceased
41788,67513,73666,1911-01-01,1938-06-01,deceased
41789,68622,73668,1907-01-01,1951-06-01,deceased
41790,68011,73669,1908-01-01,1961-06-01,deceased
41791,65936,73671,1907-01-01,1947-06-01,deceased
41792,71349,73672,1909-01-01,1953-06-01,deceased
41793,68873,73673,1913-01-01,1944-06-01,deceased
41794,66660,65763,1912-01-01,1945-06-01,deceased
41795,68815,73674,1912-01-01,1937-06-01,deceased
41796,67118,73675,1909-01-01,1937-06-01,deceased
41797,69524,73676,1912-01-01,1962-06-01,deceased
41798,67146,72219,1908-01-01,1942-06-01,deceased
41799,71835,73677,1912-01-01,1954-06-01,deceased
41800,71630,73679,1907-01-01,1957-06-01,deceased
41801,71128,73680,1913-01-01,1930-06-01,deceased
41802,70348,73681,1911-01-01,1968-06-01,deceased
41803,65284,73682,1911-01-01,1937-06-01,deceased
41804,70962,66076,1909-01-01,1937-06-01,deceased
41805,65300,73683,1911-01-01,1936-06-01,deceased
41806,65226,73684,1912-01-01,1969-06-01,deceased
41807,71180,71950,1907-01-01,1937-06-01,deceased
41808,70326,73685,1911-01-01,1968-06-01,deceased
41809,66037,73686,1909-01-01,1935-06-01,deceased
41810,67678,73687,1911-01-01,1940-06-01,deceased
41811,64773,73688,1912-01-01,1937-06-01,deceased
41812,68902,73689,1908-01-01,1951-06-01,deceased
41813,69500,73690,1910-01-01,1966-06-01,deceased
41814,69924,73691,1913-01-01,1953-06-01,deceased
41815,65661,73692,1912-01-01,1950-06-01,deceased
41816,69770,67143,1912-01-01,1930-06-01,deceased
41817,69376,73693,1907-01-01,1967-06-01,deceased
41818,71979,73694,1907-01-01,1938-06-01,deceased
41819,64893,73695,1911-01-01,1969-06-01,deceased
41820,69422,73696,1909-01-01,1932-06-01,deceased
41821,65105,73698,1913-01-01,1932-06-01,deceased
41822,69842,73699,1912-01-01,1947-06-01,deceased
41823,66707,73700,1910-01-01,1955-06-01,deceased
41824,68125,73701,1908-01-01,1944-06-01,deceased
41825,66364,69331,1907-01-01,1960-06-01,deceased
41826,65369,73702,1912-01-01,1941-06-01,deceased
41827,68952,73703,1909-01-01,1936-06-01,deceased
41828,66397,73704,1913-01-01,1932-06-01,deceased
41829,66465,73705,1910-01-01,1948-06-01,deceased
41830,70889,73706,1909-01-01,1945-06-01,deceased
41831,67789,73707,1909-01-01,1960-06-01,deceased
41832,68639,67283,1911-01-01,1929-06-01,deceased
41833,69566,73708,1913-01-01,1942-06-01,deceased
41834,69353,73709,1910-01-01,1927-06-01,deceased
41835,65757,73710,1910-01-01,1933-06-01,deceased
41836,72456,73711,1909-01-01,1946-06-01,deceased
41837,70391,68802,1909-01-01,1952-06-01,deceased
41838,66775,73712,1912-01-01,1955-06-01,deceased
41839,71661,73713,1910-01-01,1959-06-01,deceased
41840,68987,73714,1913-01-01,1952-06-01,deceased
41841,72252,73715,1913-01-01,1944-06-01,deceased
41842,72299,73716,1911-01-01,1929-06-01,deceased
41843,69205,73717,1911-01-01,1933-06-01,deceased
41844,64882,66891,1908-01-01,1950-06-01,deceased
41845,69824,67852,1907-01-01,1944-06-01,deceased
41846,65947,73719,1911-01-01,1953-06-01,deceased
41847,66663,73720,1910-01-01,1936-06-01,deceased
41848,72325,73722,1908-01-01,1930-06-01,deceased
41849,72046,73723,1912-01-01,1949-06-01,deceased
41850,65087,73724,1912-01-01,1932-06-01,deceased
41851,67253,73725,1913-01-01,1934-06-01,deceased
41852,66373,73726,1908-01-01,1967-06-01,deceased
41853,67705,73727,1909-01-01,1929-06-01,deceased
41854,67408,73728,1911-01-01,1944-06-01,deceased
41855,72088,73729,1910-01-01,1938-06-01,deceased
41856,71696,73730,1911-01-01,1963-06-01,deceased
41857,64803,73731,1910-01-01,1926-06-01,deceased
41858,72074,73732,1912-01-01,1936-06-01,deceased
41859,66769,66108,1913-01-01,1960-06-01,deceased
41860,66755,68097,1912-01-01,1943-06-01,deceased
41861,72266,73733,1912-01-01,1930-06-01,deceased
41862,70937,73734,1908-01-01,1934-06-01,deceased
41863,69633,73735,1910-01-01,1961-06-01,deceased
41864,71799,73736,1911-01-01,1931-06-01,deceased
41865,67119,69985,1907-01-01,1947-06-01,deceased
41866,67518,73737,1908-01-01,1943-06-01,deceased
41867,64575,73739,1908-01-01,1939-06-01,deceased
41868,71944,73740,1913-01-01,1958-06-01,deceased
41869,71024,73741,1909-01-01,1932-06-01,deceased
41870,66735,73742,1910-01-01,1936-06-01,deceased
41871,71826,67455,1913-01-01,1930-06-01,deceased
41872,70754,73745,1912-01-01,1968-06-01,deceased
41873,67438,70862,1909-01-01,1944-06-01,deceased
41874,66284,73747,1913-01-01,1934-06-01,deceased
41875,71865,73748,1911-01-01,1937-06-01,deceased
41876,68988,73749,1909-01-01,1937-06-01,deceased
41877,69763,73750,1909-01-01,1930-06-01,deceased
41878,68190,73751,1912-01-01,1949-06-01,deceased
41879,70425,73753,1913-01-01,1933-06-01,deceased
41880,64887,73755,1909-01-01,1962-06-01,deceased
41881,67966,73756,1909-01-01,1960-06-01,deceased
41882,64714,73757,1913-01-01,1949-06-01,deceased
41883,70004,73758,1908-01-01,1935-06-01,deceased
41884,70150,73759,1908-01-01,1934-06-01,deceased
41885,65279,73760,1908-01-01,1959-06-01,deceased
41886,66478,73761,1910-01-01,1937-06-01,deceased
41887,68000,73762,1909-01-01,1932-06-01,deceased
41888,66173,73764,1913-01-01,1973-06-01,deceased
41889,66028,65831,1910-01-01,1942-06-01,deceased
41890,64830,73765,1910-01-01,1930-06-01,deceased
41891,69154,73766,1909-01-01,1949-06-01,deceased
41892,71109,73767,1910-01-01,1940-06-01,deceased
41893,69868,73768,1908-01-01,1928-06-01,deceased
41894,68631,73769,1912-01-01,1962-06-01,deceased
41895,72011,73770,1908-01-01,1932-06-01,deceased
41896,67665,66204,1911-01-01,1955-06-01,deceased
41897,64933,73771,1910-01-01,1957-06-01,deceased
41898,71810,73772,1912-01-01,1957-06-01,deceased
41899,68334,73773,1910-01-01,1941-06-01,deceased
41900,70114,73774,1907-01-01,1926-06-01,deceased
41901,69904,73775,1913-01-01,1963-06-01,deceased
41902,70708,73776,1910-01-01,1930-06-01,deceased
41903,66434,73777,1913-01-01,1938-06-01,deceased
41904,70056,73778,1907-01-01,1942-06-01,deceased
41905,70827,66167,1910-01-01,1938-06-01,deceased
41906,72133,73779,1909-01-01,1924-06-01,deceased
41907,70028,70957,1909-01-01,1938-06-01,deceased
41908,67887,73780,1907-01-01,1938-06-01,deceased
41909,66795,73781,1909-01-01,1943-06-01,deceased
41910,64990,73782,1912-01-01,1955-06-01,deceased
41911,68078,73783,1913-01-01,1944-06-01,deceased
41912,65482,73784,1912-01-01,1972-06-01,deceased
41913,69064,73785,1909-01-01,1931-06-01,deceased
41914,66928,69509,1913-01-01,1944-06-01,deceased
41915,69673,73787,1909-01-01,1962-06-01,deceased
41916,68248,73788,1910-01-01,1953-06-01,deceased
41917,69373,67910,1909-01-01,1944-06-01,deceased
41918,70775,73789,1910-01-01,1957-06-01,deceased
41919,67481,73790,1912-01-01,1930-06-01,deceased
41920,65323,73791,1912-01-01,1932-06-01,deceased
41921,67620,68237,1909-01-01,1935-06-01,deceased
41922,65956,73792,1911-01-01,1950-06-01,deceased
41923,65768,73793,1911-01-01,1931-06-01,deceased
41924,67507,73794,1912-01-01,1945-06-01,deceased
41925,70002,73795,1912-01-01,1945-06-01,deceased
41926,67025,73796,1908-01-01,1929-06-01,deceased
41927,71961,73797,1913-01-01,1936-06-01,deceased
41928,65633,73798,1913-01-01,1946-06-01,deceased
41929,67155,73799,1912-01-01,1932-06-01,deceased
41930,70018,66665,1913-01-01,1943-06-01,deceased
41931,70345,73800,1908-01-01,1937-06-01,deceased
41932,70350,73803,1913-01-01,1950-06-01,deceased
41933,65164,73804,1911-01-01,1941-06-01,deceased
41934,67985,73805,1912-01-01,1951-06-01,deceased
41935,69166,73808,1907-01-01,1963-06-01,deceased
41936,66708,73809,1909-01-01,1934-06-01,deceased
41937,68577,73810,1909-01-01,1941-06-01,deceased
41938,67282,73811,1908-01-01,1964-06-01,deceased
41939,66376,73812,1911-01-01,1940-06-01,deceased
41940,70807,73813,1910-01-01,1934-06-01,deceased
41941,68857,73814,1909-01-01,1956-06-01,deceased
41942,71872,73815,1913-01-01,1938-06-01,deceased
41943,65918,73817,1911-01-01,1944-06-01,deceased
41944,70678,73818,1913-01-01,1939-06-01,deceased
41945,72428,73819,1912-01-01,1954-06-01,deceased
41946,67813,73820,1907-01-01,1930-06-01,deceased
41947,67458,73821,1913-01-01,1958-06-01,deceased
41948,67623,73822,1913-01-01,1944-06-01,deceased
41949,65639,73823,1909-01-01,1937-06-01,deceased
41950,71659,73824,1913-01-01,1938-06-01,deceased
41951,66809,73825,1909-01-01,1940-06-01,deceased
41952,68177,71263,1912-01-01,1937-06-01,deceased
41953,69369,73826,1912-01-01,1946-06-01,deceased
41954,68498,73827,1907-01-01,1930-06-01,deceased
41955,69300,64787,1910-01-01,1944-06-01,deceased
41956,72238,71424,1910-01-01,1943-06-01,deceased
41957,66219,73828,1912-01-01,1931-06-01,deceased
41958,72280,73829,1911-01-01,1971-06-01,deceased
41959,66671,73830,1911-01-01,1951-06-01,deceased
41960,66530,73831,1907-01-01,1945-06-01,deceased
41961,64778,73832,1909-01-01,1945-06-01,deceased
41962,71516,73833,1911-01-01,1951-06-01,deceased
41963,72054,73834,1909-01-01,1951-06-01,deceased
41964,72412,73835,1908-01-01,1952-06-01,deceased
41965,67696,71695,1910-01-01,1939-06-01,deceased
41966,68258,73836,1910-01-01,1946-06-01,deceased
41967,69028,73837,1912-01-01,1938-06-01,deceased
41968,68042,73838,1913-01-01,1947-06-01,deceased
41969,70091,70930,1910-01-01,1963-06-01,deceased
41970,66804,73839,1907-01-01,1927-06-01,deceased
41971,72236,73840,1912-01-01,1950-06-01,deceased
41972,65875,73841,1913-01-01,1952-06-01,deceased
41973,68978,73842,1911-01-01,1964-06-01,deceased
41974,64719,73844,1913-01-01,1943-06-01,deceased
41975,68198,73845,1909-01-01,1936-06-01,deceased
41976,69408,70557,1913-01-01,1936-06-01,deceased
41977,64586,73846,1908-01-01,1934-06-01,deceased
41978,71919,73847,1912-01-01,1956-06-01,deceased
41979,69606,73849,1908-01-01,1953-06-01,deceased
41980,67765,73850,1909-01-01,1945-06-01,deceased
41981,68022,73851,1907-01-01,1952-06-01,deceased
41982,69885,65242,1908-01-01,1948-06-01,deceased
41983,69846,73852,1913-01-01,1944-06-01,deceased
41984,71732,65686,1912-01-01,1941-06-01,deceased
41985,65959,73853,1908-01-01,1967-06-01,deceased
41986,67884,70788,1912-01-01,1948-06-01,deceased
41987,68819,73854,1913-01-01,1952-06-01,deceased
41988,65514,73855,1910-01-01,1929-06-01,deceased
41989,66841,73856,1907-01-01,1930-06-01,deceased
41990,68155,73857,1909-01-01,1934-06-01,deceased
41991,72102,73858,1911-01-01,1945-06-01,deceased
41992,71457,73859,1910-01-01,1947-06-01,deceased
41993,64772,73860,1907-01-01,1950-06-01,deceased
41994,71299,73861,1909-01-01,1939-06-01,deceased
41995,71971,73862,1910-01-01,1936-06-01,deceased
41996,66160,73863,1907-01-01,1939-06-01,deceased
41997,66158,70314,1910-01-01,1930-06-01,deceased
41998,71713,69360,1909-01-01,1955-06-01,deceased
41999,66881,73864,1911-01-01,1943-06-01,deceased
42000,71782,73865,1913-01-01,1942-06-01,deceased
42001,68056,73866,1909-01-01,1931-06-01,deceased
42002,67810,73867,1912-01-01,1961-06-01,deceased
42003,67412,73868,1912-01-01,1938-06-01,deceased
42004,65412,73869,1912-01-01,1950-06-01,deceased
42005,66110,73870,1911-01-01,1940-06-01,deceased
42006,64679,72353,1910-01-01,1929-06-01,deceased
42007,70041,73871,1907-01-01,1958-06-01,deceased
42008,70476,73872,1911-01-01,1929-06-01,deceased
42009,72203,73873,1908-01-01,1945-06-01,deceased
42010,66339,73874,1909-01-01,1964-06-01,deceased
42011,69974,73875,1907-01-01,1938-06-01,deceased
42012,67052,73877,1909-01-01,1935-06-01,deceased
42013,64602,73878,1912-01-01,1929-06-01,deceased
42014,69839,73879,1913-01-01,1976-06-01,deceased
42015,66142,73880,1908-01-01,1926-06-01,deceased
42016,69940,73881,1908-01-01,1940-06-01,deceased
42017,70501,73882,1909-01-01,1964-06-01,deceased
42018,70588,73883,1910-01-01,1927-06-01,deceased
42019,68821,73884,1912-01-01,1976-06-01,deceased
42020,65898,73886,1908-01-01,1943-06-01,deceased
42021,65438,73888,1910-01-01,1930-06-01,deceased
42022,69784,73889,1909-01-01,1951-06-01,deceased
42023,71591,73890,1907-01-01,1924-06-01,deceased
42024,70380,73891,1910-01-01,1944-06-01,deceased
42025,68156,73892,1910-01-01,1937-06-01,deceased
42026,71204,73893,1909-01-01,1927-06-01,deceased
42027,68393,73894,1913-01-01,1964-06-01,deceased
42028,68814,66823,1909-01-01,1951-06-01,deceased
42029,67669,73895,1911-01-01,1943-06-01,deceased
42030,68336,64874,1910-01-01,1935-06-01,deceased
42031,69225,73896,1908-01-01,1957-06-01,deceased
42032,65237,73897,1911-01-01,1949-06-01,deceased
42033,68949,73900,1909-01-01,1927-06-01,deceased
42034,68992,73901,1911-01-01,1955-06-01,deceased
42035,72161,67826,1913-01-01,1966-06-01,deceased
42036,65631,73902,1913-01-01,1944-06-01,deceased
42037,65441,73903,1910-01-01,1933-06-01,deceased
42038,65944,73904,1911-01-01,1942-06-01,deceased
42039,71227,73905,1912-01-01,1954-06-01,deceased
42040,71968,73906,1908-01-01,1925-06-01,deceased
42041,69560,73907,1909-01-01,1941-06-01,deceased
42042,65550,73908,1910-01-01,1935-06-01,deceased
42043,71624,73909,1912-01-01,1937-06-01,deceased
42044,70658,73910,1909-01-01,1943-06-01,deceased
42045,68495,73911,1911-01-01,1942-06-01,deceased
42046,67114,73912,1911-01-01,1954-06-01,deceased
42047,71044,73913,1907-01-01,1927-06-01,deceased
42048,70275,73914,1909-01-01,1927-06-01,deceased
42049,65670,73915,1910-01-01,1948-06-01,deceased
42050,65091,73916,1910-01-01,1936-06-01,deceased
42051,72282,73917,1913-01-01,1932-06-01,deceased
42052,69181,73918,1911-01-01,1935-06-01,deceased
42053,65271,73919,1910-01-01,1928-06-01,deceased
42054,70195,72044,1909-01-01,1943-06-01,deceased
42055,67523,73920,1910-01-01,1964-06-01,deceased
42056,68811,73921,1908-01-01,1932-06-01,deceased
42057,72410,73922,1913-01-01,1960-06-01,deceased
42058,69437,73923,1909-01-01,1929-06-01,deceased
42059,65983,73924,1908-01-01,1963-06-01,deceased
42060,71342,73925,1912-01-01,1939-06-01,deceased
42061,70656,73926,1911-01-01,1929-06-01,deceased
42062,70756,73927,1908-01-01,1951-06-01,deceased
42063,65574,73928,1912-01-01,1950-06-01,deceased
42064,70686,73929,1912-01-01,1945-06-01,deceased
42065,71807,68680,1913-01-01,1940-06-01,deceased
42066,65606,69779,1907-01-01,1933-06-01,deceased
42067,68644,73931,1907-01-01,1947-06-01,deceased
42068,69941,73932,1907-01-01,1936-06-01,deceased
42069,64605,73933,1913-01-01,1960-06-01,deceased
42070,68296,73934,1912-01-01,1957-06-01,deceased
42071,66843,73935,1913-01-01,1937-06-01,deceased
42072,68817,73937,1912-01-01,1958-06-01,deceased
42073,68822,73938,1909-01-01,1929-06-01,deceased
42074,69123,73939,1912-01-01,1950-06-01,deceased
42075,64873,68597,1910-01-01,1936-06-01,deceased
42076,65351,73940,1911-01-01,1941-06-01,deceased
42077,72121,73941,1912-01-01,1936-06-01,deceased
42078,70142,73942,1912-01-01,1945-06-01,deceased
42079,69624,73944,1909-01-01,1936-06-01,deceased
42080,71539,73945,1910-01-01,1941-06-01,deceased
42081,67961,73946,1913-01-01,1931-06-01,deceased
42082,67142,73947,1909-01-01,1943-06-01,deceased
42083,71628,73948,1912-01-01,1938-06-01,deceased
42084,65134,73949,1911-01-01,1944-06-01,deceased
42085,70951,73950,1911-01-01,1961-06-01,deceased
42086,72107,73951,1907-01-01,1931-06-01,deceased
42087,67773,73952,1911-01-01,1936-06-01,deceased
42088,64804,73954,1913-01-01,1955-06-01,deceased
42089,68290,73955,1910-01-01,1935-06-01,deceased
42090,69651,73956,1909-01-01,1934-06-01,deceased
42091,72173,73957,1913-01-01,1963-06-01,deceased
42092,70375,73958,1912-01-01,1942-06-01,deceased
42093,67093,73959,1910-01-01,1953-06-01,deceased
42094,70869,73960,1913-01-01,1929-06-01,deceased
42095,72402,73961,1911-01-01,1940-06-01,deceased
42096,70593,73962,1907-01-01,1927-06-01,deceased
42097,65597,73963,1909-01-01,1972-06-01,deceased
42098,65703,73964,1912-01-01,1944-06-01,deceased
42099,70597,73965,1912-01-01,1962-06-01,deceased
42100,67944,73966,1910-01-01,1943-06-01,deceased
42101,71694,73967,1909-01-01,1937-06-01,deceased
42102,71449,73968,1910-01-01,1954-06-01,deceased
42103,70454,72291,1913-01-01,1934-06-01,deceased
42104,68552,73970,1910-01-01,1944-06-01,deceased
42105,64716,73971,1911-01-01,1939-06-01,deceased
42106,69347,73972,1911-01-01,1961-06-01,deceased
42107,67359,69200,1913-01-01,1935-06-01,deceased
42108,68758,73973,1909-01-01,1940-06-01,deceased
42109,71928,73974,1909-01-01,1939-06-01,deceased
42110,65201,73977,1908-01-01,1930-06-01,deceased
42111,67259,73980,1911-01-01,1962-06-01,deceased
42112,67648,73981,1913-01-01,1944-06-01,deceased
42113,68705,73982,1912-01-01,1931-06-01,deceased
42114,69055,73983,1913-01-01,1935-06-01,deceased
42115,71688,73984,1912-01-01,1934-06-01,deceased
42116,67674,73985,1913-01-01,1975-06-01,deceased
42117,64886,73988,1912-01-01,1951-06-01,deceased
42118,70854,73989,1913-01-01,1937-06-01,deceased
42119,67073,73990,1913-01-01,1960-06-01,deceased
42120,71693,73991,1911-01-01,1932-06-01,deceased
42121,68525,73993,1913-01-01,1946-06-01,deceased
42122,66606,73994,1907-01-01,1933-06-01,deceased
42123,71186,73995,1910-01-01,1929-06-01,deceased
42124,67755,73996,1908-01-01,1962-06-01,deceased
42125,71671,73997,1909-01-01,1938-06-01,deceased
42126,64562,73998,1910-01-01,1926-06-01,deceased
42127,64945,64556,1908-01-01,1942-06-01,deceased
42128,71707,70513,1908-01-01,1943-06-01,deceased
42129,68202,68471,1913-01-01,1931-06-01,deceased
42130,68626,74001,1909-01-01,1931-06-01,deceased
42131,64973,74002,1908-01-01,1938-06-01,deceased
42132,67085,74003,1912-01-01,1937-06-01,deceased
42133,66221,74004,1909-01-01,1928-06-01,deceased
42134,67192,67388,1907-01-01,1929-06-01,deceased
42135,66326,74005,1909-01-01,1969-06-01,deceased
42136,70508,74006,1913-01-01,1933-06-01,deceased
42137,64845,74007,1912-01-01,1935-06-01,deceased
42138,66011,74009,1909-01-01,1933-06-01,deceased
42139,70152,65372,1909-01-01,1942-06-01,deceased
42140,65314,74010,1912-01-01,1934-06-01,deceased
42141,65455,74012,1911-01-01,1931-06-01,deceased
42142,69082,74013,1911-01-01,1954-06-01,deceased
42143,64907,74014,1913-01-01,1948-06-01,deceased
42144,69747,74015,1907-01-01,1944-06-01,deceased
42145,69891,74016,1908-01-01,1950-06-01,deceased
42146,67635,74017,1909-01-01,1961-06-01,deceased
42147,68341,74018,1911-01-01,1936-06-01,deceased
42148,68358,74019,1909-01-01,1946-06-01,deceased
42149,68638,74022,1907-01-01,1958-06-01,deceased
42150,69147,74023,1909-01-01,1955-06-01,deceased
42151,66132,74024,1912-01-01,1958-06-01,deceased
42152,71765,74025,1907-01-01,1940-06-01,deceased
42153,69069,74026,1910-01-01,1929-06-01,deceased
42154,70060,74027,1912-01-01,1952-06-01,deceased
42155,70451,74028,1911-01-01,1947-06-01,deceased
42156,71573,74029,1913-01-01,1937-06-01,deceased
42157,67691,74030,1913-01-01,1932-06-01,deceased
42158,66948,74031,1911-01-01,1973-06-01,deceased
42159,65313,74032,1912-01-01,1945-06-01,deceased
42160,67213,74033,1910-01-01,1967-06-01,deceased
42161,67056,74034,1907-01-01,1951-06-01,deceased
42162,68955,74035,1909-01-01,1936-06-01,deceased
42163,68883,74036,1907-01-01,1935-06-01,deceased
42164,71131,74037,1912-01-01,1959-06-01,deceased
42165,71825,74038,1913-01-01,1968-06-01,deceased
42166,69665,74039,1911-01-01,1931-06-01,deceased
42167,66418,67449,1908-01-01,1937-06-01,deceased
42168,69002,74040,1909-01-01,1939-06-01,deceased
42169,71289,74041,1909-01-01,1944-06-01,deceased
42170,71875,74042,1910-01-01,1955-06-01,deceased
42171,70521,74043,1909-01-01,1952-06-01,deceased
42172,65625,74044,1907-01-01,1971-06-01,deceased
42173,71761,66887,1912-01-01,1946-06-01,deceased
42174,67980,74045,1913-01-01,1954-06-01,deceased
42175,69773,74046,1911-01-01,1940-06-01,deceased
42176,67305,74048,1912-01-01,1950-06-01,deceased
42177,64877,74049,1908-01-01,1942-06-01,deceased
42178,64817,74050,1908-01-01,1938-06-01,deceased
42179,69322,74051,1909-01-01,1964-06-01,deceased
42180,64791,74052,1911-01-01,1928-06-01,deceased
42181,69616,74053,1912-01-01,1942-06-01,deceased
42182,66384,74055,1909-01-01,1968-06-01,deceased
42183,69738,71438,1913-01-01,1961-06-01,deceased
42184,69522,74056,1911-01-01,1931-06-01,deceased
42185,64748,74057,1913-01-01,1959-06-01,deceased
42186,72462,74058,1912-01-01,1958-06-01,deceased
42187,66006,74059,1911-01-01,1945-06-01,deceased
42188,69840,74060,1912-01-01,1932-06-01,deceased
42189,72072,69378,1911-01-01,1975-06-01,deceased
42190,72177,74061,1911-01-01,1931-06-01,deceased
42191,69743,74062,1909-01-01,1963-06-01,deceased
42192,68284,74063,1910-01-01,1954-06-01,deceased
42193,71596,74064,1911-01-01,1946-06-01,deceased
42194,70941,74065,1913-01-01,1942-06-01,deceased
42195,71149,74066,1908-01-01,1931-06-01,deceased
42196,69961,74067,1910-01-01,1934-06-01,deceased
42197,67801,74068,1910-01-01,1929-06-01,deceased
42198,71049,69007,1908-01-01,1934-06-01,deceased
42199,68256,71197,1910-01-01,1937-06-01,deceased
42200,66104,70640,1910-01-01,1946-06-01,deceased
42201,70835,74071,1913-01-01,1974-06-01,deceased
42202,70490,74072,1907-01-01,1926-06-01,deceased
42203,65934,74073,1912-01-01,1934-06-01,deceased
42204,65751,74074,1909-01-01,1937-06-01,deceased
42205,65472,74075,1913-01-01,1937-06-01,deceased
42206,66828,74076,1907-01-01,1934-06-01,deceased
42207,72152,74077,1912-01-01,1930-06-01,deceased
42208,71030,65139,1913-01-01,1970-06-01,deceased
42209,64721,72144,1913-01-01,1961-06-01,deceased
42210,71064,74078,1907-01-01,1967-06-01,deceased
42211,68859,74079,1908-01-01,1969-06-01,deceased
42212,66061,64898,1909-01-01,1947-06-01,deceased
42213,66241,74080,1913-01-01,1957-06-01,deceased
42214,70536,71216,1909-01-01,1950-06-01,deceased
42215,70379,74082,1913-01-01,1958-06-01,deceased
42216,66722,69627,1909-01-01,1947-06-01,deceased
42217,70303,74083,1909-01-01,1936-06-01,deceased
42218,68649,74084,1908-01-01,1937-06-01,deceased
42219,69551,74085,1913-01-01,1934-06-01,deceased
42220,70631,74087,1911-01-01,1942-06-01,deceased
42221,66733,74088,1908-01-01,1933-06-01,deceased
42222,65161,74089,1910-01-01,1946-06-01,deceased
42223,66304,74090,1913-01-01,1960-06-01,deceased
42224,70202,66214,1910-01-01,1939-06-01,deceased
42225,67185,70700,1908-01-01,1929-06-01,deceased
42226,64729,74091,1911-01-01,1947-06-01,deceased
42227,71698,71651,1912-01-01,1937-06-01,deceased
42228,65080,74092,1913-01-01,1950-06-01,deceased
42229,65008,74093,1912-01-01,1929-06-01,deceased
42230,68996,74095,1912-01-01,1940-06-01,deceased
42231,67888,74096,1909-01-01,1948-06-01,deceased
42232,70289,74097,1908-01-01,1970-06-01,deceased
42233,68522,74098,1910-01-01,1940-06-01,deceased
42234,67858,74099,1908-01-01,1954-06-01,deceased
42235,69675,74100,1909-01-01,1930-06-01,deceased
42236,66290,74101,1911-01-01,1936-06-01,deceased
42237,66030,74102,1912-01-01,1954-06-01,deceased
42238,65893,74103,1907-01-01,1944-06-01,deceased
42239,65208,74104,1913-01-01,1971-06-01,deceased
42240,70727,74106,1907-01-01,1926-06-01,deceased
42241,67839,74107,1911-01-01,1952-06-01,deceased
42242,68612,74108,1913-01-01,1950-06-01,deceased
42243,69083,67251,1908-01-01,1963-06-01,deceased
42244,72070,74111,1909-01-01,1966-06-01,deceased
42245,65543,74112,1907-01-01,1958-06-01,deceased
42246,71897,67441,1909-01-01,1931-06-01,deceased
42247,69173,74113,1913-01-01,1943-06-01,deceased
42248,64669,74115,1912-01-01,1943-06-01,deceased
42249,65345,74116,1909-01-01,1953-06-01,deceased
42250,66831,74117,1910-01-01,1945-06-01,deceased
42251,65511,74118,1912-01-01,1932-06-01,deceased
42252,68870,71594,1907-01-01,1961-06-01,deceased
42253,70497,74119,1913-01-01,1964-06-01,deceased
42254,72298,68350,1909-01-01,1927-06-01,deceased
42255,68637,74120,1910-01-01,1967-06-01,deceased
42256,68314,74121,1909-01-01,1947-06-01,deceased
42257,71295,74122,1907-01-01,1932-06-01,deceased
42258,69101,74123,1909-01-01,1949-06-01,deceased
42259,65691,74124,1908-01-01,1926-06-01,deceased
42260,71474,74125,1908-01-01,1931-06-01,deceased
42261,71576,74126,1910-01-01,1926-06-01,deceased
42262,69983,74128,1913-01-01,1975-06-01,deceased
42263,67899,67002,1913-01-01,1949-06-01,deceased
42264,71645,74130,1908-01-01,1945-06-01,deceased
42265,70581,74131,1910-01-01,1938-06-01,deceased
42266,72068,74132,1911-01-01,1933-06-01,deceased
42267,65254,74133,1912-01-01,1939-06-01,deceased
42268,69266,74134,1911-01-01,1944-06-01,deceased
42269,66458,74136,1907-01-01,1936-06-01,deceased
42270,66700,74137,1909-01-01,1966-06-01,deceased
42271,67475,74138,1912-01-01,1933-06-01,deceased
42272,69477,74139,1909-01-01,1926-06-01,deceased
42273,66341,74140,1913-01-01,1955-06-01,deceased
42274,71165,74141,1911-01-01,1931-06-01,deceased
42275,66623,65179,1909-01-01,1950-06-01,deceased
42276,69329,69571,1907-01-01,1937-06-01,deceased
42277,69301,74142,1909-01-01,1946-06-01,deceased
42278,65785,69252,1910-01-01,1935-06-01,deceased
42279,67919,74144,1909-01-01,1950-06-01,deceased
42280,69655,74145,1907-01-01,1954-06-01,deceased
42281,66645,74146,1909-01-01,1963-06-01,deceased
42282,67071,71766,1911-01-01,1934-06-01,deceased
42283,69787,74147,1910-01-01,1937-06-01,deceased
42284,69849,74148,1913-01-01,1953-06-01,deceased
42285,64766,74149,1910-01-01,1943-06-01,deceased
42286,65113,74150,1912-01-01,1935-06-01,deceased
42287,68263,74151,1913-01-01,1941-06-01,deceased
42288,68927,67581,1909-01-01,1945-06-01,deceased
42289,71501,74152,1911-01-01,1930-06-01,deceased
42290,66578,74153,1909-01-01,1936-06-01,deceased
42291,68448,74154,1911-01-01,1968-06-01,deceased
42292,66196,66777,1909-01-01,1940-06-01,deceased
42293,68280,74155,1907-01-01,1939-06-01,deceased
42294,66492,74156,1909-01-01,1927-06-01,deceased
42295,71638,74157,1911-01-01,1933-06-01,deceased
42296,64612,74158,1910-01-01,1967-06-01,deceased
42297,71922,74160,1913-01-01,1943-06-01,deceased
42298,70929,74161,1909-01-01,1928-06-01,deceased
42299,71953,74162,1908-01-01,1938-06-01,deceased
42300,70791,74163,1912-01-01,1947-06-01,deceased
42301,65389,68830,1910-01-01,1946-06-01,deceased
42302,70680,68581,1912-01-01,1942-06-01,deceased
42303,70548,74164,1910-01-01,1939-06-01,deceased
42304,71356,74165,1912-01-01,1954-06-01,deceased
42305,69410,74166,1910-01-01,1932-06-01,deceased
42306,68567,74167,1912-01-01,1962-06-01,deceased
42307,69377,74168,1909-01-01,1932-06-01,deceased
42308,72086,74169,1907-01-01,1922-06-01,deceased
42309,69469,70535,1913-01-01,1945-06-01,deceased
42310,72433,74170,1911-01-01,1939-06-01,deceased
42311,67540,74171,1908-01-01,1941-06-01,deceased
42312,68387,74172,1912-01-01,1938-06-01,deceased
42313,69914,74174,1908-01-01,1938-06-01,deceased
42314,65154,74175,1909-01-01,1937-06-01,deceased
42315,70075,74176,1908-01-01,1936-06-01,deceased
42316,66811,74177,1909-01-01,1928-06-01,deceased
42317,67199,74178,1912-01-01,1951-06-01,deceased
42318,65727,74179,1912-01-01,1953-06-01,deceased
42319,69127,64603,1913-01-01,1962-06-01,deceased
42320,67270,74180,1907-01-01,1936-06-01,deceased
42321,67315,67566,1908-01-01,1934-06-01,deceased
42322,71956,74182,1908-01-01,1952-06-01,deceased
42323,67177,74184,1913-01-01,1950-06-01,deceased
42324,64905,74185,1913-01-01,1931-06-01,deceased
42325,67882,74186,1907-01-01,1943-06-01,deceased
42326,70897,74187,1913-01-01,1958-06-01,deceased
42327,71319,64592,1910-01-01,1938-06-01,deceased
42328,65172,74188,1911-01-01,1943-06-01,deceased
42329,69463,65957,1912-01-01,1926-06-01,deceased
42330,68274,74189,1910-01-01,1930-06-01,deceased
42331,70468,74190,1907-01-01,1954-06-01,deceased
42332,71116,74191,1911-01-01,1946-06-01,deceased
42333,68909,74192,1911-01-01,1950-06-01,deceased
42334,66347,74193,1913-01-01,1952-06-01,deceased
42335,67193,74195,1912-01-01,1942-06-01,deceased
42336,71014,74196,1912-01-01,1935-06-01,deceased
42337,68595,74197,1912-01-01,1940-06-01,deceased
42338,69704,74198,1910-01-01,1948-06-01,deceased
42339,69514,74199,1909-01-01,1931-06-01,deceased
42340,67609,70637,1908-01-01,1927-06-01,deceased
42341,66229,74200,1912-01-01,1941-06-01,deceased
42342,66547,74201,1908-01-01,1955-06-01,deceased
42343,67885,74202,1907-01-01,1935-06-01,deceased
42344,65941,74203,1907-01-01,1950-06-01,deceased
42345,71804,74204,1908-01-01,1966-06-01,deceased
42346,71031,74205,1907-01-01,1962-06-01,deceased
42347,71071,74206,1913-01-01,1940-06-01,deceased
42348,69817,67034,1908-01-01,1937-06-01,deceased
42349,68005,74207,1909-01-01,1937-06-01,deceased
42350,70187,68720,1910-01-01,1962-06-01,deceased
42351,65270,74209,1910-01-01,1929-06-01,deceased
42352,69554,74210,1911-01-01,1926-06-01,deceased
42353,65096,74211,1909-01-01,1948-06-01,deceased
42354,67239,74212,1910-01-01,1945-06-01,deceased
42355,65640,74213,1911-01-01,1930-06-01,deceased
42356,67015,74214,1911-01-01,1963-06-01,deceased
42357,71845,74215,1912-01-01,1971-06-01,deceased
42358,66926,74216,1910-01-01,1956-06-01,deceased
42359,65813,74217,1908-01-01,1937-06-01,deceased
42360,68715,74218,1911-01-01,1970-06-01,deceased
42361,68832,74219,1907-01-01,1930-06-01,deceased
42362,65662,74220,1910-01-01,1957-06-01,deceased
42363,64727,74221,1913-01-01,1952-06-01,deceased
42364,65602,68915,1909-01-01,1961-06-01,deceased
42365,66603,74222,1911-01-01,1945-06-01,deceased
42366,70242,74223,1911-01-01,1943-06-01,deceased
42367,65485,74224,1912-01-01,1932-06-01,deceased
42368,66647,74225,1909-01-01,1939-06-01,deceased
42369,71172,74226,1911-01-01,1959-06-01,deceased
42370,65728,74227,1911-01-01,1950-06-01,deceased
42371,65449,74228,1910-01-01,1944-06-01,deceased
42372,72096,74229,1911-01-01,1951-06-01,deceased
42373,69668,66282,1913-01-01,1971-06-01,deceased
42374,70384,74230,1913-01-01,1938-06-01,deceased
42375,65887,74231,1907-01-01,1943-06-01,deceased
42376,66210,74232,1908-01-01,1927-06-01,deceased
42377,68031,74234,1908-01-01,1947-06-01,deceased
42378,69678,74236,1911-01-01,1947-06-01,deceased
42379,70542,74237,1913-01-01,1964-06-01,deceased
42380,68047,74238,1911-01-01,1938-06-01,deceased
42381,66689,74239,1912-01-01,1958-06-01,deceased
42382,69661,74240,1907-01-01,1940-06-01,deceased
42383,67545,74241,1910-01-01,1932-06-01,deceased
42384,71168,74244,1910-01-01,1948-06-01,deceased
42385,69434,74245,1908-01-01,1931-06-01,deceased
42386,71484,74247,1909-01-01,1925-06-01,deceased
42387,70853,70335,1909-01-01,1959-06-01,deceased
42388,65931,74248,1908-01-01,1948-06-01,deceased
42389,70985,74249,1911-01-01,1953-06-01,deceased
42390,71553,74250,1912-01-01,1946-06-01,deceased
42391,68559,74251,1910-01-01,1940-06-01,deceased
42392,68592,74252,1907-01-01,1944-06-01,deceased
42393,71876,74253,1907-01-01,1941-06-01,deceased
42394,65658,74254,1912-01-01,1931-06-01,deceased
42395,68186,74255,1907-01-01,1938-06-01,deceased
42396,66508,74256,1909-01-01,1948-06-01,deceased
42397,69009,74257,1911-01-01,1940-06-01,deceased
42398,68464,74258,1907-01-01,1935-06-01,deceased
42399,64952,74259,1913-01-01,1955-06-01,deceased
42400,70297,74262,1907-01-01,1927-06-01,deceased
42401,70843,74263,1907-01-01,1945-06-01,deceased
42402,70240,74264,1908-01-01,1929-06-01,deceased
42403,65044,68770,1910-01-01,1934-06-01,deceased
42404,66659,74265,1908-01-01,1936-06-01,deceased
42405,71652,74266,1913-01-01,1950-06-01,deceased
42406,65135,65074,1908-01-01,1934-06-01,deceased
42407,68178,74267,1912-01-01,1933-06-01,deceased
42408,67906,74269,1909-01-01,1960-06-01,deceased
42409,71917,74271,1910-01-01,1926-06-01,deceased
42410,71497,74272,1913-01-01,1953-06-01,deceased
42411,72403,74275,1910-01-01,1928-06-01,deceased
42412,70583,74277,1908-01-01,1951-06-01,deceased
42413,68906,67522,1911-01-01,1959-06-01,deceased
42414,72056,74278,1910-01-01,1942-06-01,deceased
42415,67738,74279,1910-01-01,1932-06-01,deceased
42416,70049,74280,1908-01-01,1947-06-01,deceased
42417,70734,74281,1909-01-01,1960-06-01,deceased
42418,72423,74282,1908-01-01,1956-06-01,deceased
42419,70621,74283,1907-01-01,1935-06-01,deceased
42420,68476,65522,1909-01-01,1945-06-01,deceased
42421,69531,74284,1908-01-01,1933-06-01,deceased
42422,69807,74285,1908-01-01,1948-06-01,deceased
42423,69130,74286,1913-01-01,1931-06-01,deceased
42424,71361,74287,1908-01-01,1931-06-01,deceased
42425,67229,74291,1908-01-01,1938-06-01,deceased
42426,71370,74292,1910-01-01,1929-06-01,deceased
42427,69760,71701,1913-01-01,1939-06-01,deceased
42428,65302,64728,1912-01-01,1933-06-01,deceased
42429,71476,74293,1913-01-01,1949-06-01,deceased
42430,66068,74294,1910-01-01,1945-06-01,deceased
42431,71801,74295,1910-01-01,1945-06-01,deceased
42432,67877,74296,1913-01-01,1938-06-01,deceased
42433,65561,74297,1908-01-01,1927-06-01,deceased
42434,68305,74298,1911-01-01,1962-06-01,deceased
42435,68890,74299,1910-01-01,1965-06-01,deceased
42436,68736,74300,1913-01-01,1931-06-01,deceased
42437,68068,68281,1907-01-01,1936-06-01,deceased
42438,71726,74301,1909-01-01,1937-06-01,deceased
42439,69000,74302,1911-01-01,1951-06-01,deceased
42440,70942,67060,1908-01-01,1950-06-01,deceased
42441,67285,74303,1909-01-01,1932-06-01,deceased
42442,66438,74304,1909-01-01,1953-06-01,deceased
42443,67048,74305,1908-01-01,1931-06-01,deceased
42444,64825,74306,1910-01-01,1942-06-01,deceased
42445,65141,74307,1909-01-01,1941-06-01,deceased
42446,65383,74308,1907-01-01,1936-06-01,deceased
42447,70324,68173,1909-01-01,1927-06-01,deceased
42448,68981,74309,1909-01-01,1929-06-01,deceased
42449,64969,67280,1908-01-01,1954-06-01,deceased
42450,68354,69841,1911-01-01,1963-06-01,deceased
42451,67951,74310,1912-01-01,1955-06-01,deceased
42452,66668,74311,1910-01-01,1975-06-01,deceased
42453,65330,67983,1907-01-01,1936-06-01,deceased
42454,65104,74314,1907-01-01,1956-06-01,deceased
42455,66561,67868,1911-01-01,1974-06-01,deceased
42456,69851,65173,1911-01-01,1959-06-01,deceased
42457,71118,74315,1908-01-01,1956-06-01,deceased
42458,68517,74316,1913-01-01,1960-06-01,deceased
42459,64959,74317,1910-01-01,1936-06-01,deceased
42460,66816,66424,1912-01-01,1938-06-01,deceased
42461,65093,74318,1911-01-01,1959-06-01,deceased
42462,69588,74319,1910-01-01,1941-06-01,deceased
42463,67619,71108,1910-01-01,1943-06-01,deceased
42464,67491,74320,1907-01-01,1937-06-01,deceased
42465,71050,74321,1909-01-01,1937-06-01,deceased
42466,66313,74322,1913-01-01,1930-06-01,deceased
42467,64724,74326,1913-01-01,1957-06-01,deceased
42468,65171,74327,1908-01-01,1940-06-01,deceased
42469,70605,74328,1911-01-01,1953-06-01,deceased
42470,72275,74329,1908-01-01,1927-06-01,deceased
42471,72340,74330,1913-01-01,1933-06-01,deceased
42472,70065,74331,1909-01-01,1974-06-01,deceased
42473,72064,74332,1909-01-01,1934-06-01,deceased
42474,69801,74333,1908-01-01,1935-06-01,deceased
42475,66909,68647,1912-01-01,1940-06-01,deceased
42476,67506,74334,1912-01-01,1962-06-01,deceased
42477,71301,74335,1908-01-01,1965-06-01,deceased
42478,65916,74336,1913-01-01,1945-06-01,deceased
42479,72057,74337,1912-01-01,1964-06-01,deceased
42480,69364,68209,1911-01-01,1954-06-01,deceased
42481,70587,74338,1909-01-01,1941-06-01,deceased
42482,69358,74339,1912-01-01,1936-06-01,deceased
42483,65559,68084,1910-01-01,1934-06-01,deceased
42484,68585,74340,1910-01-01,1971-06-01,deceased
42485,69534,74341,1908-01-01,1940-06-01,deceased
42486,68936,74342,1909-01-01,1939-06-01,deceased
42487,66945,74343,1912-01-01,1935-06-01,deceased
42488,72379,74344,1908-01-01,1926-06-01,deceased
42489,67516,74346,1909-01-01,1943-06-01,deceased
42490,69489,74347,1911-01-01,1938-06-01,deceased
42491,71966,67297,1913-01-01,1932-06-01,deceased
42492,69338,74348,1907-01-01,1951-06-01,deceased
42493,66604,74349,1913-01-01,1952-06-01,deceased
42494,64631,74350,1913-01-01,1953-06-01,deceased
42495,69315,72069,1913-01-01,1966-06-01,deceased
42496,67650,74351,1911-01-01,1954-06-01,deceased
42497,67647,74352,1913-01-01,1933-06-01,deceased
42498,68653,74353,1909-01-01,1934-06-01,deceased
42499,66405,74354,1913-01-01,1941-06-01,deceased
42500,66468,74355,1912-01-01,1946-06-01,deceased
42501,71528,71976,1911-01-01,1935-06-01,deceased
42502,70333,74356,1913-01-01,1944-06-01,deceased
42503,68364,74357,1912-01-01,1937-06-01,deceased
42504,68007,74358,1907-01-01,1942-06-01,deceased
42505,70256,74359,1913-01-01,1928-06-01,deceased
42506,69189,74360,1907-01-01,1928-06-01,deceased
42507,70973,74361,1913-01-01,1935-06-01,deceased
42508,66622,74362,1913-01-01,1957-06-01,deceased
42509,67277,74364,1907-01-01,1954-06-01,deceased
42510,66955,74365,1909-01-01,1942-06-01,deceased
42511,69379,74366,1908-01-01,1963-06-01,deceased
42512,68635,74367,1907-01-01,1950-06-01,deceased
42513,71889,74368,1910-01-01,1950-06-01,deceased
42514,64847,74369,1907-01-01,1961-06-01,deceased
42515,69896,74370,1908-01-01,1945-06-01,deceased
42516,69065,66228,1907-01-01,1954-06-01,deceased
42517,69543,74372,1909-01-01,1933-06-01,deceased
42518,72317,74373,1913-01-01,1956-06-01,deceased
42519,69928,74374,1907-01-01,1940-06-01,deceased
42520,69609,74375,1907-01-01,1934-06-01,deceased
42521,66799,74376,1908-01-01,1951-06-01,deceased
42522,65373,74378,1907-01-01,1932-06-01,deceased
42523,72332,68694,1913-01-01,1936-06-01,deceased
42524,65862,74379,1909-01-01,1945-06-01,deceased
42525,70731,74380,1910-01-01,1937-06-01,deceased
42526,70851,74381,1907-01-01,1944-06-01,deceased
42527,69660,74382,1907-01-01,1948-06-01,deceased
42528,65000,74383,1909-01-01,1935-06-01,deceased
42529,70052,74384,1907-01-01,1965-06-01,deceased
42530,66297,67021,1908-01-01,1944-06-01,deceased
42531,67446,74385,1909-01-01,1949-06-01,deceased
42532,72246,67281,1907-01-01,1937-06-01,deceased
42533,71123,74387,1909-01-01,1925-06-01,deceased
42534,71471,65731,1910-01-01,1968-06-01,deceased
42535,71590,74388,1913-01-01,1945-06-01,deceased
42536,65082,74389,1913-01-01,1944-06-01,deceased
42537,68474,74390,1911-01-01,1966-06-01,deceased
42538,64674,74391,1912-01-01,1943-06-01,deceased
42539,66894,74392,1913-01-01,1967-06-01,deceased
42540,70011,74393,1910-01-01,1934-06-01,deceased
42541,67204,70995,1912-01-01,1941-06-01,deceased
42542,68486,68511,1908-01-01,1964-06-01,deceased
42543,65474,65168,1912-01-01,1932-06-01,deceased
42544,65736,74396,1908-01-01,1941-06-01,deceased
42545,67941,74398,1908-01-01,1928-06-01,deceased
42546,68135,74399,1913-01-01,1952-06-01,deceased
42547,66470,74400,1907-01-01,1925-06-01,deceased
42548,66872,74401,1907-01-01,1951-06-01,deceased
42549,70175,74402,1909-01-01,1947-06-01,deceased
42550,69696,74403,1913-01-01,1957-06-01,deceased
42551,71610,74404,1910-01-01,1934-06-01,deceased
42552,65586,74405,1910-01-01,1958-06-01,deceased
42553,70407,74406,1909-01-01,1927-06-01,deceased
42554,67016,64597,1911-01-01,1931-06-01,deceased
42555,72142,74407,1908-01-01,1928-06-01,deceased
42556,68707,66033,1907-01-01,1947-06-01,deceased
42557,65034,74408,1909-01-01,1940-06-01,deceased
42558,70122,74409,1907-01-01,1945-06-01,deceased
42559,70946,74411,1912-01-01,1949-06-01,deceased
42560,64672,74412,1908-01-01,1945-06-01,deceased
42561,68009,69297,1911-01-01,1945-06-01,deceased
42562,65572,74414,1913-01-01,1949-06-01,deceased
42563,72396,74415,1908-01-01,1951-06-01,deceased
42564,67572,74416,1907-01-01,1927-06-01,deceased
42565,69445,74418,1910-01-01,1953-06-01,deceased
42566,71096,74419,1912-01-01,1935-06-01,deceased
42567,66727,72212,1913-01-01,1960-06-01,deceased
42568,65427,74421,1910-01-01,1941-06-01,deceased
42569,69427,74422,1910-01-01,1939-06-01,deceased
42570,69583,74423,1910-01-01,1940-06-01,deceased
42571,66079,74424,1913-01-01,1930-06-01,deceased
42572,65825,74425,1910-01-01,1951-06-01,deceased
42573,68108,74426,1909-01-01,1959-06-01,deceased
42574,68137,74427,1913-01-01,1933-06-01,deceased
42575,69835,74428,1912-01-01,1945-06-01,deceased
42576,71412,74429,1908-01-01,1950-06-01,deceased
42577,66677,74430,1912-01-01,1938-06-01,deceased
42578,70671,74431,1911-01-01,1959-06-01,deceased
42579,70039,74432,1912-01-01,1936-06-01,deceased
42580,65577,74433,1913-01-01,1970-06-01,deceased
42581,68362,74434,1907-01-01,1942-06-01,deceased
42582,71143,69776,1908-01-01,1958-06-01,deceased
42583,70664,74435,1907-01-01,1965-06-01,deceased
42584,72147,74437,1910-01-01,1946-06-01,deceased
42585,67346,74439,1910-01-01,1942-06-01,deceased
42586,65499,74441,1913-01-01,1947-06-01,deceased
42587,71656,74442,1907-01-01,1931-06-01,deceased
42588,65688,74443,1912-01-01,1950-06-01,deceased
42589,70638,74444,1913-01-01,1944-06-01,deceased
42590,67040,74445,1913-01-01,1946-06-01,deceased
42591,67843,74446,1910-01-01,1956-06-01,deceased
42592,69207,74448,1912-01-01,1928-06-01,deceased
42593,69573,74449,1907-01-01,1969-06-01,deceased
42594,68200,74450,1913-01-01,1945-06-01,deceased
42595,69507,65033,1907-01-01,1931-06-01,deceased
42596,68083,74451,1912-01-01,1948-06-01,deceased
42597,66272,74453,1913-01-01,1930-06-01,deceased
42598,65700,74454,1911-01-01,1948-06-01,deceased
42599,71472,74455,1912-01-01,1945-06-01,deceased
42600,66619,74456,1907-01-01,1925-06-01,deceased
42601,67338,74457,1907-01-01,1925-06-01,deceased
42602,65381,74458,1908-01-01,1944-06-01,deceased
42603,68414,70130,1913-01-01,1950-06-01,deceased
42604,72030,70870,1912-01-01,1947-06-01,deceased
42605,65773,74459,1910-01-01,1928-06-01,deceased
42606,69906,74460,1910-01-01,1936-06-01,deceased
42607,67556,66572,1913-01-01,1948-06-01,deceased
42608,64786,74461,1907-01-01,1964-06-01,deceased
42609,70306,74462,1909-01-01,1970-06-01,deceased
42610,65523,74463,1910-01-01,1929-06-01,deceased
42611,71229,74464,1908-01-01,1941-06-01,deceased
42612,68410,74465,1912-01-01,1935-06-01,deceased
42613,68851,74466,1907-01-01,1925-06-01,deceased
42614,65738,74468,1910-01-01,1935-06-01,deceased
42615,67370,74469,1913-01-01,1961-06-01,deceased
42616,66301,71607,1911-01-01,1934-06-01,deceased
42617,69845,74472,1907-01-01,1943-06-01,deceased
42618,66500,74473,1912-01-01,1952-06-01,deceased
42619,67160,74475,1910-01-01,1952-06-01,deceased
42620,70367,74476,1911-01-01,1936-06-01,deceased
42621,65202,74477,1910-01-01,1946-06-01,deceased
42622,64965,74478,1908-01-01,1938-06-01,deceased
42623,71860,74479,1909-01-01,1944-06-01,deceased
42624,71495,74480,1913-01-01,1962-06-01,deceased
42625,65618,74482,1911-01-01,1969-06-01,deceased
42626,72249,74483,1907-01-01,1937-06-01,deceased
42627,71368,74484,1907-01-01,1943-06-01,deceased
42628,72114,74488,1912-01-01,1948-06-01,deceased
42629,64972,74489,1911-01-01,1949-06-01,deceased
42630,64832,74491,1910-01-01,1941-06-01,deceased
42631,67421,74492,1911-01-01,1927-06-01,deceased
42632,72010,74493,1910-01-01,1939-06-01,deceased
42633,70013,74494,1912-01-01,1927-06-01,deceased
42634,68440,74496,1908-01-01,1931-06-01,deceased
42635,72378,74497,1912-01-01,1932-06-01,deceased
42636,68799,71837,1910-01-01,1928-06-01,deceased
42637,66116,74498,1912-01-01,1953-06-01,deceased
42638,68620,74499,1912-01-01,1934-06-01,deceased
42639,68327,74500,1907-01-01,1966-06-01,deceased
42640,66447,67703,1907-01-01,1957-06-01,deceased
42641,68244,74501,1908-01-01,1932-06-01,deceased
42642,64858,66854,1909-01-01,1957-06-01,deceased
42643,68929,74502,1909-01-01,1958-06-01,deceased
42644,69048,74503,1910-01-01,1944-06-01,deceased
42645,69466,74505,1908-01-01,1940-06-01,deceased
42646,68384,74506,1913-01-01,1947-06-01,deceased
42647,69273,74507,1912-01-01,1949-06-01,deceased
42648,68231,74508,1911-01-01,1939-06-01,deceased
42649,69893,71658,1908-01-01,1937-06-01,deceased
42650,66012,74509,1912-01-01,1943-06-01,deceased
42651,70050,74511,1908-01-01,1954-06-01,deceased
42652,68780,74512,1907-01-01,1928-06-01,deceased
42653,68465,67709,1912-01-01,1946-06-01,deceased
42654,70613,74513,1911-01-01,1942-06-01,deceased
42655,67601,74515,1910-01-01,1961-06-01,deceased
42656,67149,69913,1913-01-01,1953-06-01,deceased
42657,69952,74516,1910-01-01,1944-06-01,deceased
42658,66038,74517,1907-01-01,1925-06-01,deceased
42659,71647,74518,1913-01-01,1936-06-01,deceased
42660,64583,74519,1909-01-01,1949-06-01,deceased
42661,69385,74521,1911-01-01,1947-06-01,deceased
42662,66812,66212,1910-01-01,1933-06-01,deceased
42663,71479,71303,1909-01-01,1952-06-01,deceased
42664,68846,74522,1909-01-01,1932-06-01,deceased
42665,71330,74523,1913-01-01,1949-06-01,deceased
42666,65770,74524,1909-01-01,1929-06-01,deceased
42667,67266,74525,1911-01-01,1946-06-01,deceased
42668,68558,74526,1913-01-01,1935-06-01,deceased
42669,71609,74527,1911-01-01,1941-06-01,deceased
42670,69093,74528,1907-01-01,1935-06-01,deceased
42671,70199,74529,1911-01-01,1967-06-01,deceased
42672,69806,74531,1908-01-01,1944-06-01,deceased
42673,65232,66332,1912-01-01,1953-06-01,deceased
42674,70109,74532,1909-01-01,1958-06-01,deceased
42675,66787,74533,1909-01-01,1931-06-01,deceased
42676,65605,74534,1913-01-01,1959-06-01,deceased
42677,69629,74535,1909-01-01,1929-06-01,deceased
42678,68039,74536,1909-01-01,1935-06-01,deceased
42679,71848,74537,1912-01-01,1944-06-01,deceased
42680,68824,74539,1907-01-01,1955-06-01,deceased
42681,70184,70188,1909-01-01,1936-06-01,deceased
42682,66034,74541,1907-01-01,1935-06-01,deceased
42683,64795,74542,1913-01-01,1941-06-01,deceased
42684,65158,74544,1909-01-01,1956-06-01,deceased
42685,70718,74545,1912-01-01,1935-06-01,deceased
42686,67552,74546,1910-01-01,1961-06-01,deceased
42687,64931,74548,1911-01-01,1937-06-01,deceased
42688,71200,70787,1907-01-01,1942-06-01,deceased
42689,64627,74550,1912-01-01,1932-06-01,deceased
42690,68246,67496,1913-01-01,1956-06-01,deceased
42691,68413,74552,1908-01-01,1933-06-01,deceased
42692,66839,70118,1912-01-01,1934-06-01,deceased
42693,70117,74554,1913-01-01,1963-06-01,deceased
42694,70794,74555,1911-01-01,1961-06-01,deceased
42695,65612,74556,1909-01-01,1928-06-01,deceased
42696,69617,74557,1910-01-01,1968-06-01,deceased
42697,69528,69685,1912-01-01,1943-06-01,deceased
42698,71526,74558,1911-01-01,1947-06-01,deceased
42699,64610,74559,1909-01-01,1928-06-01,deceased
42700,66556,74560,1908-01-01,1931-06-01,deceased
42701,68658,71903,1913-01-01,1953-06-01,deceased
42702,72420,74561,1913-01-01,1943-06-01,deceased
42703,71936,74562,1913-01-01,1945-06-01,deceased
42704,65010,74563,1911-01-01,1930-06-01,deceased
42705,69905,74564,1907-01-01,1944-06-01,deceased
42706,65022,74566,1907-01-01,1946-06-01,deceased
42707,70857,74567,1907-01-01,1935-06-01,deceased
42708,69689,74569,1913-01-01,1952-06-01,deceased
42709,72100,74570,1910-01-01,1952-06-01,deceased
42710,68900,74571,1910-01-01,1941-06-01,deceased
42711,67881,74572,1913-01-01,1955-06-01,deceased
42712,66358,74573,1912-01-01,1946-06-01,deceased
42713,71001,74575,1911-01-01,1931-06-01,deceased
42714,64835,74576,1913-01-01,1939-06-01,deceased
42715,71135,74577,1913-01-01,1954-06-01,deceased
42716,72134,74578,1907-01-01,1939-06-01,deceased
42717,70645,74579,1908-01-01,1944-06-01,deceased
42718,69276,74580,1910-01-01,1961-06-01,deceased
42719,64848,74581,1907-01-01,1941-06-01,deceased
42720,66650,74583,1909-01-01,1962-06-01,deceased
42721,68916,74584,1909-01-01,1941-06-01,deceased
42722,70768,74587,1908-01-01,1933-06-01,deceased
42723,68344,74588,1911-01-01,1948-06-01,deceased
42724,65148,74589,1908-01-01,1934-06-01,deceased
42725,69860,74590,1909-01-01,1947-06-01,deceased
42726,71667,74591,1910-01-01,1932-06-01,deceased
42727,71419,74592,1908-01-01,1926-06-01,deceased
42728,70949,74593,1908-01-01,1931-06-01,deceased
42729,69202,74594,1911-01-01,1941-06-01,deceased
42730,71986,65118,1911-01-01,1937-06-01,deceased
42731,69241,74595,1907-01-01,1933-06-01,deceased
42732,64689,74596,1911-01-01,1945-06-01,deceased
42733,68158,74597,1912-01-01,1962-06-01,deceased
42734,70982,74598,1912-01-01,1941-06-01,deceased
42735,65647,74599,1907-01-01,1964-06-01,deceased
42736,70902,74600,1908-01-01,1960-06-01,deceased
42737,72008,74601,1912-01-01,1962-06-01,deceased
42738,67715,74602,1913-01-01,1953-06-01,deceased
42739,67340,71997,1907-01-01,1925-06-01,deceased
42740,72355,74603,1912-01-01,1929-06-01,deceased
42741,65063,74604,1908-01-01,1960-06-01,deceased
42742,66172,74605,1912-01-01,1955-06-01,deceased
42743,69646,74606,1913-01-01,1956-06-01,deceased
42744,70236,74607,1907-01-01,1941-06-01,deceased
42745,68160,65420,1907-01-01,1940-06-01,deceased
42746,69515,70456,1911-01-01,1959-06-01,deceased
42747,67082,74608,1913-01-01,1956-06-01,deceased
42748,66023,74609,1908-01-01,1961-06-01,deceased
42749,66235,74610,1911-01-01,1941-06-01,deceased
42750,64914,74611,1912-01-01,1948-06-01,deceased
42751,66515,74612,1911-01-01,1928-06-01,deceased
42752,65452,74613,1913-01-01,1944-06-01,deceased
42753,68893,74614,1912-01-01,1944-06-01,deceased
42754,67473,74615,1909-01-01,1936-06-01,deceased
42755,68783,74616,1913-01-01,1935-06-01,deceased
42756,64777,74617,1910-01-01,1960-06-01,deceased
42757,68459,74618,1910-01-01,1969-06-01,deceased
42758,65357,74619,1911-01-01,1972-06-01,deceased
42759,69490,74620,1909-01-01,1966-06-01,deceased
42760,65288,74621,1908-01-01,1951-06-01,deceased
42761,71509,74623,1911-01-01,1929-06-01,deceased
42762,64975,74624,1908-01-01,1946-06-01,deceased
42763,65209,74625,1908-01-01,1944-06-01,deceased
42764,68438,74626,1912-01-01,1931-06-01,deceased
42765,67943,74627,1908-01-01,1948-06-01,deceased
42766,65679,74628,1908-01-01,1928-06-01,deceased
42767,66139,74629,1910-01-01,1956-06-01,deceased
42768,70796,74630,1909-01-01,1952-06-01,deceased
42769,70724,74631,1909-01-01,1936-06-01,deceased
42770,69994,74632,1908-01-01,1945-06-01,deceased
42771,71239,74633,1911-01-01,1974-06-01,deceased
42772,65052,74634,1913-01-01,1952-06-01,deceased
42773,71195,74635,1910-01-01,1967-06-01,deceased
42774,71314,74636,1911-01-01,1952-06-01,deceased
42775,66915,74637,1909-01-01,1937-06-01,deceased
42776,66281,74638,1910-01-01,1939-06-01,deceased
42777,67035,74639,1911-01-01,1930-06-01,deceased
42778,65059,74640,1908-01-01,1963-06-01,deceased
42779,70211,74641,1913-01-01,1967-06-01,deceased
42780,71849,65436,1912-01-01,1937-06-01,deceased
42781,65551,68655,1909-01-01,1932-06-01,deceased
42782,68950,65289,1911-01-01,1954-06-01,deceased
42783,68918,74642,1910-01-01,1952-06-01,deceased
42784,65157,74643,1907-01-01,1943-06-01,deceased
42785,68080,66601,1911-01-01,1953-06-01,deceased
42786,65976,74644,1909-01-01,1949-06-01,deceased
42787,69707,74645,1908-01-01,1945-06-01,deceased
42788,68070,74646,1912-01-01,1943-06-01,deceased
42789,71221,74647,1910-01-01,1932-06-01,deceased
42790,66277,74648,1908-01-01,1933-06-01,deceased
42791,65027,74649,1908-01-01,1957-06-01,deceased
42792,71085,74650,1913-01-01,1970-06-01,deceased
42793,65928,74651,1908-01-01,1937-06-01,deceased
42794,66670,72330,1908-01-01,1929-06-01,deceased
42795,66191,74652,1911-01-01,1932-06-01,deceased
42796,69865,74653,1911-01-01,1967-06-01,deceased
42797,69802,74655,1907-01-01,1941-06-01,deceased
42798,66352,74656,1908-01-01,1937-06-01,deceased
42799,70243,65320,1912-01-01,1955-06-01,deceased
42800,65545,74657,1909-01-01,1965-06-01,deceased
42801,69033,74658,1912-01-01,1933-06-01,deceased
42802,67733,74660,1910-01-01,1936-06-01,deceased
42803,67597,74661,1912-01-01,1962-06-01,deceased
42804,67483,74662,1911-01-01,1936-06-01,deceased
42805,70395,74663,1908-01-01,1946-06-01,deceased
42806,67347,74664,1910-01-01,1935-06-01,deceased
42807,69777,74665,1910-01-01,1945-06-01,deceased
42808,70411,74666,1913-01-01,1941-06-01,deceased
42809,66151,74667,1907-01-01,1948-06-01,deceased
42810,69929,70369,1911-01-01,1961-06-01,deceased
42811,65493,74668,1913-01-01,1950-06-01,deceased
42812,67752,74669,1912-01-01,1932-06-01,deceased
42813,66720,74670,1912-01-01,1934-06-01,deceased
42814,67241,66400,1911-01-01,1929-06-01,deceased
42815,67866,74671,1911-01-01,1930-06-01,deceased
42816,65860,74672,1910-01-01,1958-06-01,deceased
42817,65486,74673,1913-01-01,1933-06-01,deceased
42818,70457,74675,1907-01-01,1926-06-01,deceased
42819,70438,74676,1909-01-01,1935-06-01,deceased
42820,67606,74678,1909-01-01,1954-06-01,deceased
42821,72247,72346,1909-01-01,1951-06-01,deceased
42822,68710,74680,1912-01-01,1946-06-01,deceased
42823,72391,72405,1908-01-01,1938-06-01,deceased
42824,68286,74681,1912-01-01,1946-06-01,deceased
42825,66853,70915,1910-01-01,1937-06-01,deceased
42826,66612,74682,1910-01-01,1970-06-01,deceased
42827,64741,70223,1909-01-01,1945-06-01,deceased
42828,65190,65840,1911-01-01,1958-06-01,deceased
42829,67389,74683,1910-01-01,1959-06-01,deceased
42830,66888,74684,1912-01-01,1967-06-01,deceased
42831,72191,74686,1909-01-01,1961-06-01,deceased
42832,70881,74688,1908-01-01,1936-06-01,deceased
42833,66231,70020,1912-01-01,1959-06-01,deceased
42834,68933,74690,1909-01-01,1956-06-01,deceased
42835,67472,74692,1913-01-01,1970-06-01,deceased
42836,71675,74693,1912-01-01,1946-06-01,deceased
42837,65187,74694,1912-01-01,1932-06-01,deceased
42838,66699,74697,1913-01-01,1942-06-01,deceased
42839,66300,74698,1908-01-01,1930-06-01,deceased
42840,70506,74699,1911-01-01,1970-06-01,deceased
42841,66565,74700,1910-01-01,1959-06-01,deceased
42842,68103,74701,1907-01-01,1936-06-01,deceased
42843,64807,74702,1910-01-01,1928-06-01,deceased
42844,68588,74704,1913-01-01,1953-06-01,deceased
42845,69149,74705,1909-01-01,1938-06-01,deceased
42846,66078,74706,1913-01-01,1939-06-01,deceased
42847,67670,74707,1909-01-01,1953-06-01,deceased
42848,71822,68775,1912-01-01,1941-06-01,deceased
42849,65126,74708,1908-01-01,1933-06-01,deceased
42850,72183,74709,1908-01-01,1966-06-01,deceased
42851,66667,74710,1909-01-01,1933-06-01,deceased
42852,68395,74711,1912-01-01,1938-06-01,deceased
42853,71709,74712,1913-01-01,1943-06-01,deceased
42854,70840,74713,1910-01-01,1968-06-01,deceased
42855,69792,68104,1908-01-01,1930-06-01,deceased
42856,66119,74714,1910-01-01,1948-06-01,deceased
42857,66535,74715,1909-01-01,1973-06-01,deceased
42858,67835,74716,1913-01-01,1928-06-01,deceased
42859,69639,74717,1907-01-01,1929-06-01,deceased
42860,70125,74718,1908-01-01,1956-06-01,deceased
42861,69923,74719,1910-01-01,1943-06-01,deceased
42862,69997,74720,1909-01-01,1930-06-01,deceased
42863,69808,74721,1910-01-01,1939-06-01,deceased
42864,72362,74722,1911-01-01,1951-06-01,deceased
42865,68399,74723,1908-01-01,1947-06-01,deceased
42866,71665,74724,1913-01-01,1960-06-01,deceased
42867,70233,74725,1911-01-01,1943-06-01,deceased
42868,69691,74727,1908-01-01,1958-06-01,deceased
42869,68774,68224,1911-01-01,1954-06-01,deceased
42870,66632,74728,1913-01-01,1960-06-01,deceased
42871,65638,74729,1908-01-01,1931-06-01,deceased
42872,64789,74730,1913-01-01,1953-06-01,deceased
42873,71565,74731,1907-01-01,1945-06-01,deceased
42874,65244,74732,1907-01-01,1956-06-01,deceased
42875,65569,74733,1912-01-01,1958-06-01,deceased
42876,72235,74734,1912-01-01,1973-06-01,deceased
42877,70991,74735,1908-01-01,1961-06-01,deceased
42878,64876,74736,1909-01-01,1927-06-01,deceased
42879,68571,74737,1910-01-01,1968-06-01,deceased
42880,66757,74739,1909-01-01,1950-06-01,deceased
42881,71921,74740,1911-01-01,1964-06-01,deceased
42882,70524,74741,1908-01-01,1927-06-01,deceased
42883,70639,74742,1912-01-01,1935-06-01,deceased
42884,68371,74743,1911-01-01,1946-06-01,deceased
42885,69853,74744,1912-01-01,1964-06-01,deceased
42886,68093,66303,1911-01-01,1968-06-01,deceased
42887,68012,74745,1913-01-01,1956-06-01,deceased
42888,70907,67312,1907-01-01,1946-06-01,deceased
42889,67448,74746,1908-01-01,1958-06-01,deceased
42890,67777,74747,1908-01-01,1941-06-01,deceased
42891,69115,74748,1907-01-01,1936-06-01,deceased
42892,65764,74749,1912-01-01,1934-06-01,deceased
42893,67423,74750,1908-01-01,1956-06-01,deceased
42894,65852,74751,1910-01-01,1950-06-01,deceased
42895,72434,74752,1911-01-01,1972-06-01,deceased
42896,65677,74753,1909-01-01,1969-06-01,deceased
42897,65100,74754,1913-01-01,1969-06-01,deceased
42898,69614,74755,1907-01-01,1957-06-01,deceased
42899,70469,74756,1909-01-01,1939-06-01,deceased
42900,67289,74758,1910-01-01,1956-06-01,deceased
42901,72263,74759,1909-01-01,1943-06-01,deceased
42902,69263,74760,1911-01-01,1929-06-01,deceased
42903,70830,74761,1912-01-01,1964-06-01,deceased
42904,69829,65646,1911-01-01,1943-06-01,deceased
42905,72459,68452,1913-01-01,1933-06-01,deceased
42906,70514,74762,1913-01-01,1933-06-01,deceased
42907,68985,64872,1911-01-01,1949-06-01,deceased
42908,66558,74763,1912-01-01,1936-06-01,deceased
42909,64920,74764,1911-01-01,1950-06-01,deceased
42910,70578,74765,1908-01-01,1953-06-01,deceased
42911,70458,74766,1913-01-01,1974-06-01,deceased
42912,71027,68385,1911-01-01,1959-06-01,deceased
42913,66112,74767,1909-01-01,1943-06-01,deceased
42914,67704,74768,1912-01-01,1940-06-01,deceased
42915,67345,74769,1910-01-01,1957-06-01,deceased
42916,67076,74770,1913-01-01,1965-06-01,deceased
42917,72186,74771,1907-01-01,1955-06-01,deceased
42918,70302,74772,1908-01-01,1927-06-01,deceased
42919,71901,74773,1909-01-01,1946-06-01,deceased
42920,67154,74775,1911-01-01,1929-06-01,deceased
42921,71838,74776,1913-01-01,1936-06-01,deceased
42922,68468,74777,1911-01-01,1939-06-01,deceased
42923,65683,74778,1907-01-01,1952-06-01,deceased
42924,71672,74780,1913-01-01,1956-06-01,deceased
42925,68018,74781,1907-01-01,1933-06-01,deceased
42926,71490,74782,1907-01-01,1924-06-01,deceased
42927,71992,74783,1913-01-01,1931-06-01,deceased
42928,70400,74784,1909-01-01,1957-06-01,deceased
42929,70447,74785,1910-01-01,1939-06-01,deceased
42930,68050,74786,1911-01-01,1961-06-01,deceased
42931,70984,74787,1913-01-01,1954-06-01,deceased
42932,68331,74788,1910-01-01,1966-06-01,deceased
42933,71219,74789,1909-01-01,1954-06-01,deceased
42934,66045,74790,1907-01-01,1927-06-01,deceased
42935,71041,74791,1908-01-01,1929-06-01,deceased
42936,71853,74793,1909-01-01,1951-06-01,deceased
42937,71619,74794,1908-01-01,1924-06-01,deceased
42938,66020,74795,1912-01-01,1954-06-01,deceased
42939,69909,74796,1908-01-01,1950-06-01,deceased
42940,71017,69870,1912-01-01,1938-06-01,deceased
42941,68422,74798,1909-01-01,1946-06-01,deceased
42942,68453,74799,1912-01-01,1935-06-01,deceased
42943,68271,74800,1913-01-01,1944-06-01,deceased
42944,66144,65911,1908-01-01,1956-06-01,deceased
42945,71259,74801,1912-01-01,1940-06-01,deceased
42946,65312,74802,1912-01-01,1930-06-01,deceased
42947,70198,74803,1910-01-01,1953-06-01,deceased
42948,70635,74804,1909-01-01,1939-06-01,deceased
42949,71493,74806,1909-01-01,1954-06-01,deceased
42950,70167,74808,1911-01-01,1960-06-01,deceased
42951,70250,70558,1911-01-01,1978-06-01,deceased
42952,67399,74809,1908-01-01,1948-06-01,deceased
42953,66773,74810,1907-01-01,1964-06-01,deceased
42954,70872,74811,1909-01-01,1965-06-01,deceased
42955,65064,70777,1911-01-01,1960-06-01,deceased
42956,72311,74812,1910-01-01,1947-06-01,deceased
42957,66976,74813,1910-01-01,1953-06-01,deceased
42958,71788,74814,1909-01-01,1969-06-01,deceased
42959,71785,71178,1908-01-01,1955-06-01,deceased
42960,69359,74815,1913-01-01,1936-06-01,deceased
42961,67061,74816,1913-01-01,1930-06-01,deceased
42962,69015,74817,1913-01-01,1960-06-01,deceased
42963,67381,74818,1909-01-01,1933-06-01,deceased
42964,66912,74819,1912-01-01,1930-06-01,deceased
42965,65446,74820,1912-01-01,1938-06-01,deceased
42966,72051,71488,1907-01-01,1932-06-01,deceased
42967,64906,74821,1907-01-01,1948-06-01,deceased
42968,71669,74822,1908-01-01,1953-06-01,deceased
42969,70371,74823,1912-01-01,1939-06-01,deceased
42970,67717,74825,1908-01-01,1935-06-01,deceased
42971,64644,74826,1910-01-01,1933-06-01,deceased
42972,68743,74827,1912-01-01,1942-06-01,deceased
42973,66563,71507,1909-01-01,1975-06-01,deceased
42974,65192,74828,1913-01-01,1931-06-01,deceased
42975,68086,74829,1913-01-01,1954-06-01,deceased
42976,71552,74830,1907-01-01,1961-06-01,deceased
42977,64695,74831,1910-01-01,1930-06-01,deceased
42978,71914,74832,1908-01-01,1928-06-01,deceased
42979,68418,74833,1913-01-01,1944-06-01,deceased
42980,72363,74834,1909-01-01,1945-06-01,deceased
42981,66613,74836,1912-01-01,1930-06-01,deceased
42982,65212,74837,1910-01-01,1939-06-01,deceased
42983,65402,74838,1907-01-01,1926-06-01,deceased
42984,64783,74839,1907-01-01,1966-06-01,deceased
42985,66753,74840,1907-01-01,1937-06-01,deceased
42986,65460,74841,1911-01-01,1932-06-01,deceased
42987,67031,74842,1908-01-01,1945-06-01,deceased
42988,65518,74843,1911-01-01,1948-06-01,deceased
42989,66452,74845,1910-01-01,1938-06-01,deceased
42990,71478,74846,1909-01-01,1960-06-01,deceased
42991,66248,74848,1912-01-01,1952-06-01,deceased
42992,69104,74849,1908-01-01,1947-06-01,deceased
42993,70296,74850,1909-01-01,1970-06-01,deceased
42994,69598,74851,1912-01-01,1944-06-01,deceased
42995,70427,74852,1912-01-01,1951-06-01,deceased
42996,71081,74854,1910-01-01,1950-06-01,deceased
42997,69391,74855,1912-01-01,1930-06-01,deceased
42998,68703,74857,1909-01-01,1963-06-01,deceased
42999,71753,74858,1912-01-01,1975-06-01,deceased
43000,69611,71554,1912-01-01,1954-06-01,deceased
43001,69156,74859,1910-01-01,1958-06-01,deceased
43002,68457,74860,1913-01-01,1972-06-01,deceased
43003,66704,74861,1909-01-01,1945-06-01,deceased
43004,67997,66917,1913-01-01,1959-06-01,deceased
43005,70771,74862,1913-01-01,1961-06-01,deceased
43006,70273,74863,1907-01-01,1926-06-01,deceased
43007,66779,74864,1912-01-01,1934-06-01,deceased
43008,65015,74865,1913-01-01,1935-06-01,deceased
43009,70820,74867,1909-01-01,1962-06-01,deceased
43010,71544,68960,1911-01-01,1953-06-01,deceased
43011,67017,74868,1913-01-01,1947-06-01,deceased
43012,66250,74869,1909-01-01,1957-06-01,deceased
43013,65026,74870,1913-01-01,1936-06-01,deceased
43014,65301,69099,1910-01-01,1958-06-01,deceased
43015,67165,74872,1907-01-01,1943-06-01,deceased
43016,66459,74873,1910-01-01,1949-06-01,deceased
43017,71987,74874,1909-01-01,1944-06-01,deceased
43018,66826,68820,1908-01-01,1961-06-01,deceased
43019,65979,74875,1912-01-01,1962-06-01,deceased
43020,70601,74876,1913-01-01,1938-06-01,deceased
43021,70977,74877,1908-01-01,1927-06-01,deceased
43022,65610,74878,1911-01-01,1958-06-01,deceased
43023,71312,68264,1911-01-01,1950-06-01,deceased
43024,65385,74880,1907-01-01,1964-06-01,deceased
43025,72045,67437,1912-01-01,1935-06-01,deceased
43026,67113,74881,1907-01-01,1931-06-01,deceased
43027,71879,74883,1909-01-01,1943-06-01,deceased
43028,67549,74884,1912-01-01,1936-06-01,deceased
43029,65286,74885,1910-01-01,1952-06-01,deceased
43030,70921,74886,1908-01-01,1947-06-01,deceased
43031,69504,74887,1913-01-01,1962-06-01,deceased
43032,67959,74888,1910-01-01,1952-06-01,deceased
43033,68126,74889,1912-01-01,1950-06-01,deceased
43034,69882,74891,1908-01-01,1957-06-01,deceased
43035,69761,74892,1908-01-01,1945-06-01,deceased
43036,66833,74893,1913-01-01,1951-06-01,deceased
43037,68043,74894,1907-01-01,1930-06-01,deceased
43038,69485,74896,1910-01-01,1941-06-01,deceased
43039,67046,74897,1913-01-01,1950-06-01,deceased
43040,71129,71213,1911-01-01,1932-06-01,deceased
43041,65710,74898,1913-01-01,1947-06-01,deceased
43042,66118,66679,1913-01-01,1935-06-01,deceased
43043,66980,74899,1907-01-01,1925-06-01,deceased
43044,70996,74900,1909-01-01,1944-06-01,deceased
43045,66050,74901,1912-01-01,1954-06-01,deceased
43046,69958,74902,1907-01-01,1926-06-01,deceased
43047,67169,74903,1910-01-01,1944-06-01,deceased
43048,71631,74904,1907-01-01,1935-06-01,deceased
43049,66007,74905,1908-01-01,1931-06-01,deceased
43050,69780,74907,1907-01-01,1944-06-01,deceased
43051,71452,74908,1913-01-01,1934-06-01,deceased
43052,65195,74910,1907-01-01,1946-06-01,deceased
43053,66861,74911,1907-01-01,1951-06-01,deceased
43054,68520,74912,1909-01-01,1976-06-01,deceased
43055,72441,74913,1907-01-01,1942-06-01,deceased
43056,71078,74914,1910-01-01,1954-06-01,deceased
43057,64767,74916,1913-01-01,1957-06-01,deceased
43058,67066,74918,1909-01-01,1973-06-01,deceased
43059,71687,74919,1910-01-01,1961-06-01,deceased
43060,67973,74920,1908-01-01,1928-06-01,deceased
43061,68772,74921,1909-01-01,1932-06-01,deceased
43062,66471,74922,1911-01-01,1935-06-01,deceased
43063,68969,74923,1913-01-01,1956-06-01,deceased
43064,69366,74924,1913-01-01,1956-06-01,deceased
43065,65626,74925,1911-01-01,1943-06-01,deceased
43066,70815,67447,1908-01-01,1948-06-01,deceased
43067,65816,74927,1911-01-01,1941-06-01,deceased
43068,68731,74929,1909-01-01,1935-06-01,deceased
43069,65497,74930,1908-01-01,1932-06-01,deceased
43070,68749,74932,1907-01-01,1955-06-01,deceased
43071,71519,74933,1911-01-01,1952-06-01,deceased
43072,68328,74934,1909-01-01,1946-06-01,deceased
43073,68229,74935,1911-01-01,1955-06-01,deceased
43074,68348,74936,1908-01-01,1932-06-01,deceased
43075,70647,67614,1907-01-01,1932-06-01,deceased
43076,72268,74937,1910-01-01,1946-06-01,deceased
43077,66182,74938,1912-01-01,1940-06-01,deceased
43078,69053,74939,1907-01-01,1940-06-01,deceased
43079,68431,74941,1911-01-01,1962-06-01,deceased
43080,70772,74942,1913-01-01,1973-06-01,deceased
43081,71137,74943,1911-01-01,1935-06-01,deceased
43082,64611,74945,1907-01-01,1965-06-01,deceased
43083,68302,74946,1910-01-01,1934-06-01,deceased
43084,66718,74947,1913-01-01,1947-06-01,deceased
43085,64944,74948,1908-01-01,1949-06-01,deceased
43086,70388,74949,1910-01-01,1947-06-01,deceased
43087,67026,74951,1913-01-01,1947-06-01,deceased
43088,70127,74952,1908-01-01,1944-06-01,deceased
43089,66997,74953,1909-01-01,1941-06-01,deceased
43090,69172,74954,1912-01-01,1954-06-01,deceased
43091,70649,74955,1908-01-01,1941-06-01,deceased
43092,64660,74956,1910-01-01,1944-06-01,deceased
43093,70055,68837,1907-01-01,1925-06-01,deceased
43094,69788,74957,1908-01-01,1938-06-01,deceased
43095,70063,74959,1909-01-01,1959-06-01,deceased
43096,70676,74960,1907-01-01,1956-06-01,deceased
43097,65912,74961,1908-01-01,1956-06-01,deceased
43098,66678,74962,1912-01-01,1930-06-01,deceased
43099,70890,74963,1907-01-01,1934-06-01,deceased
43100,65817,74964,1913-01-01,1955-06-01,deceased
43101,65364,74966,1912-01-01,1946-06-01,deceased
43102,66000,74967,1908-01-01,1938-06-01,deceased
43103,71537,74968,1910-01-01,1937-06-01,deceased
43104,67434,74969,1910-01-01,1934-06-01,deceased
43105,65832,74970,1908-01-01,1936-06-01,deceased
43106,66968,74971,1909-01-01,1941-06-01,deceased
43107,69698,74973,1908-01-01,1956-06-01,deceased
43108,64801,74975,1913-01-01,1949-06-01,deceased
43109,69417,74976,1908-01-01,1942-06-01,deceased
43110,65888,74977,1910-01-01,1941-06-01,deceased
43111,67720,74978,1908-01-01,1953-06-01,deceased
43112,67579,74979,1913-01-01,1950-06-01,deceased
43113,67926,74980,1909-01-01,1965-06-01,deceased
43114,67786,71737,1909-01-01,1971-06-01,deceased
43115,68855,74982,1910-01-01,1957-06-01,deceased
43116,66406,74983,1911-01-01,1938-06-01,deceased
43117,72179,74984,1909-01-01,1954-06-01,deceased
43118,69742,74985,1909-01-01,1950-06-01,deceased
43119,71374,74986,1909-01-01,1945-06-01,deceased
43120,72003,74987,1910-01-01,1938-06-01,deceased
43121,66844,74989,1909-01-01,1949-06-01,deceased
43122,64684,67171,1913-01-01,1957-06-01,deceased
43123,71467,74991,1911-01-01,1946-06-01,deceased
43124,67776,74992,1910-01-01,1936-06-01,deceased
43125,65614,74993,1907-01-01,1955-06-01,deceased
43126,65117,74994,1909-01-01,1956-06-01,deceased
43127,68467,74995,1911-01-01,1965-06-01,deceased
43128,71616,74997,1913-01-01,1961-06-01,deceased
43129,70687,74998,1913-01-01,1935-06-01,deceased
43130,65517,74999,1908-01-01,1932-06-01,deceased
43131,67451,75000,1913-01-01,1962-06-01,deceased
43132,69939,75001,1909-01-01,1933-06-01,deceased
43133,69493,75002,1912-01-01,1967-06-01,deceased
43134,68858,75003,1908-01-01,1930-06-01,deceased
43135,66317,75004,1913-01-01,1931-06-01,deceased
43136,65068,75005,1908-01-01,1953-06-01,deceased
43137,70546,75007,1908-01-01,1928-06-01,deceased
43138,70550,75008,1913-01-01,1972-06-01,deceased
43139,72193,75010,1910-01-01,1930-06-01,deceased
43140,72240,75012,1909-01-01,1932-06-01,deceased
43141,64919,75013,1909-01-01,1929-06-01,deceased
43142,71975,75015,1909-01-01,1949-06-01,deceased
43143,71099,75016,1912-01-01,1944-06-01,deceased
43144,67106,75018,1910-01-01,1960-06-01,deceased
43145,66327,75019,1907-01-01,1936-06-01,deceased
43146,70917,75020,1907-01-01,1966-06-01,deceased
43147,72277,75021,1911-01-01,1931-06-01,deceased
43148,72306,68589,1907-01-01,1938-06-01,deceased
43149,71445,75022,1913-01-01,1948-06-01,deceased
43150,70691,75023,1907-01-01,1938-06-01,deceased
43151,64792,64576,1911-01-01,1946-06-01,deceased
43152,67682,75024,1913-01-01,1954-06-01,deceased
43153,70062,75025,1911-01-01,1948-06-01,deceased
43154,71741,75026,1910-01-01,1970-06-01,deceased
43155,71946,75027,1910-01-01,1941-06-01,deceased
43156,66789,75029,1910-01-01,1947-06-01,deceased
43157,70504,75030,1912-01-01,1952-06-01,deceased
43158,65290,75031,1911-01-01,1967-06-01,deceased
43159,71570,67602,1910-01-01,1974-06-01,deceased
43160,72018,75032,1908-01-01,1965-06-01,deceased
43161,70294,66793,1907-01-01,1957-06-01,deceased
43162,67712,75033,1908-01-01,1932-06-01,deceased
43163,70000,75034,1910-01-01,1958-06-01,deceased
43164,71010,75035,1909-01-01,1933-06-01,deceased
43165,67400,75037,1910-01-01,1932-06-01,deceased
43166,67536,75039,1910-01-01,1940-06-01,deceased
43167,66548,65782,1911-01-01,1952-06-01,deceased
43168,70641,75040,1910-01-01,1930-06-01,deceased
43169,66856,75041,1907-01-01,1936-06-01,deceased
43170,67563,75042,1908-01-01,1938-06-01,deceased
43171,64796,75043,1909-01-01,1933-06-01,deceased
43172,71462,75045,1910-01-01,1945-06-01,deceased
43173,67207,75047,1911-01-01,1948-06-01,deceased
43174,69397,75048,1910-01-01,1956-06-01,deceased
43175,65616,70515,1909-01-01,1925-06-01,deceased
43176,67728,75050,1910-01-01,1958-06-01,deceased
43177,68432,75051,1907-01-01,1966-06-01,deceased
43178,70402,75052,1908-01-01,1954-06-01,deceased
43179,71158,75053,1911-01-01,1938-06-01,deceased
43180,66031,75054,1911-01-01,1969-06-01,deceased
43181,67151,75056,1907-01-01,1940-06-01,deceased
43182,67384,75057,1909-01-01,1938-06-01,deceased
43183,70596,75058,1907-01-01,1931-06-01,deceased
43184,70888,70940,1912-01-01,1940-06-01,deceased
43185,69001,75059,1909-01-01,1949-06-01,deceased
43186,72159,71685,1912-01-01,1935-06-01,deceased
43187,68677,75060,1908-01-01,1944-06-01,deceased
43188,65581,75061,1910-01-01,1958-06-01,deceased
43189,65824,75062,1911-01-01,1958-06-01,deceased
43190,67311,75063,1912-01-01,1932-06-01,deceased
43191,69395,75064,1911-01-01,1939-06-01,deceased
43192,66073,75065,1908-01-01,1960-06-01,deceased
43193,72348,70909,1910-01-01,1948-06-01,deceased
43194,66849,75066,1910-01-01,1944-06-01,deceased
43195,71884,75067,1911-01-01,1959-06-01,deceased
43196,65011,75068,1909-01-01,1960-06-01,deceased
43197,66952,69561,1911-01-01,1960-06-01,deceased
43198,69063,75069,1912-01-01,1950-06-01,deceased
43199,68673,75070,1908-01-01,1926-06-01,deceased
43200,70585,70494,1912-01-01,1968-06-01,deceased
43201,65994,75071,1910-01-01,1931-06-01,deceased
43202,69428,75072,1912-01-01,1944-06-01,deceased
43203,67029,75073,1908-01-01,1952-06-01,deceased
43204,68444,75074,1912-01-01,1953-06-01,deceased
43205,68311,75075,1908-01-01,1934-06-01,deceased
43206,68185,75076,1908-01-01,1943-06-01,deceased
43207,71790,75077,1911-01-01,1953-06-01,deceased
43208,65206,75078,1908-01-01,1942-06-01,deceased
43209,72351,75079,1907-01-01,1948-06-01,deceased
43210,66808,75080,1911-01-01,1934-06-01,deceased
43211,66569,75081,1910-01-01,1952-06-01,deceased
43212,68101,75082,1910-01-01,1944-06-01,deceased
43213,65778,75083,1907-01-01,1938-06-01,deceased
43214,65810,75084,1912-01-01,1953-06-01,deceased
43215,70185,75085,1908-01-01,1942-06-01,deceased
43216,69570,75086,1913-01-01,1940-06-01,deceased
43217,66320,75087,1912-01-01,1931-06-01,deceased
43218,64664,75088,1908-01-01,1926-06-01,deceased
43219,68089,75090,1912-01-01,1931-06-01,deceased
43220,69270,75091,1909-01-01,1947-06-01,deceased
43221,67079,75092,1910-01-01,1943-06-01,deceased
43222,69030,75093,1910-01-01,1933-06-01,deceased
43223,67723,75094,1907-01-01,1942-06-01,deceased
43224,67005,75095,1908-01-01,1959-06-01,deceased
43225,69211,75096,1912-01-01,1935-06-01,deceased
43226,68115,75097,1909-01-01,1941-06-01,deceased
43227,68292,75098,1911-01-01,1936-06-01,deceased
43228,69345,75099,1912-01-01,1937-06-01,deceased
43229,65748,75100,1913-01-01,1951-06-01,deceased
43230,70107,75101,1911-01-01,1936-06-01,deceased
43231,71803,71057,1911-01-01,1944-06-01,deceased
43232,66226,75102,1911-01-01,1941-06-01,deceased
43233,71994,75105,1908-01-01,1925-06-01,deceased
43234,69050,75106,1911-01-01,1958-06-01,deceased
43235,66863,66185,1907-01-01,1950-06-01,deceased
43236,68102,70582,1907-01-01,1931-06-01,deceased
43237,65041,75107,1909-01-01,1952-06-01,deceased
43238,71895,75108,1913-01-01,1935-06-01,deceased
43239,64781,75109,1909-01-01,1944-06-01,deceased
43240,71496,75110,1912-01-01,1958-06-01,deceased
43241,66570,75111,1912-01-01,1937-06-01,deceased
43242,68122,75112,1907-01-01,1927-06-01,deceased
43243,70461,75114,1910-01-01,1956-06-01,deceased
43244,69820,75115,1909-01-01,1972-06-01,deceased
43245,67918,75116,1913-01-01,1952-06-01,deceased
43246,66351,75117,1907-01-01,1934-06-01,deceased
43247,72153,75118,1911-01-01,1932-06-01,deceased
43248,69399,75119,1908-01-01,1947-06-01,deceased
43249,66134,75121,1909-01-01,1939-06-01,deceased
43250,70994,75122,1913-01-01,1948-06-01,deceased
43251,70630,75123,1909-01-01,1946-06-01,deceased
43252,65723,75125,1908-01-01,1936-06-01,deceased
43253,71711,72083,1913-01-01,1931-06-01,deceased
43254,70810,75126,1909-01-01,1928-06-01,deceased
43255,71038,75127,1908-01-01,1929-06-01,deceased
43256,72126,75128,1913-01-01,1947-06-01,deceased
43257,66283,68506,1907-01-01,1926-06-01,deceased
43258,68554,75130,1909-01-01,1942-06-01,deceased
43259,68930,75131,1912-01-01,1927-06-01,deceased
43260,72343,75132,1913-01-01,1958-06-01,deceased
43261,67133,75133,1907-01-01,1927-06-01,deceased
43262,68276,72352,1908-01-01,1944-06-01,deceased
43263,71188,75134,1910-01-01,1940-06-01,deceased
43264,71372,75135,1907-01-01,1925-06-01,deceased
43265,67976,75136,1907-01-01,1952-06-01,deceased
43266,67546,75138,1908-01-01,1947-06-01,deceased
43267,66195,75140,1907-01-01,1935-06-01,deceased
43268,64769,75141,1912-01-01,1934-06-01,deceased
43269,71084,75142,1909-01-01,1944-06-01,deceased
43270,70420,68138,1907-01-01,1943-06-01,deceased
43271,65853,75144,1908-01-01,1934-06-01,deceased
43272,66681,75145,1911-01-01,1969-06-01,deceased
43273,65246,75146,1913-01-01,1974-06-01,deceased
43274,71682,75147,1910-01-01,1943-06-01,deceased
43275,72308,75148,1910-01-01,1952-06-01,deceased
43276,71663,72042,1909-01-01,1933-06-01,deceased
43277,71900,75149,1907-01-01,1929-06-01,deceased
43278,68549,75150,1907-01-01,1938-06-01,deceased
43279,64900,75151,1909-01-01,1946-06-01,deceased
43280,65705,75152,1910-01-01,1940-06-01,deceased
43281,70473,75153,1911-01-01,1935-06-01,deceased
43282,70643,75154,1913-01-01,1958-06-01,deceased
43283,71593,75155,1910-01-01,1953-06-01,deceased
43284,66879,75156,1909-01-01,1938-06-01,deceased
43285,70483,75157,1910-01-01,1929-06-01,deceased
43286,68599,75158,1913-01-01,1956-06-01,deceased
43287,66695,66819,1911-01-01,1965-06-01,deceased
43288,68430,75159,1911-01-01,1947-06-01,deceased
43289,69963,75160,1907-01-01,1947-06-01,deceased
43290,68075,75161,1908-01-01,1961-06-01,deceased
43291,67908,75162,1907-01-01,1947-06-01,deceased
43292,71269,75163,1913-01-01,1933-06-01,deceased
43293,65078,75165,1911-01-01,1937-06-01,deceased
43294,71639,65771,1907-01-01,1944-06-01,deceased
43295,70865,75166,1908-01-01,1927-06-01,deceased
43296,67876,75167,1911-01-01,1940-06-01,deceased
43297,68130,75168,1907-01-01,1952-06-01,deceased
43298,66095,75169,1910-01-01,1929-06-01,deceased
43299,71413,75170,1908-01-01,1925-06-01,deceased
43300,67062,71844,1912-01-01,1945-06-01,deceased
43301,67224,75171,1908-01-01,1926-06-01,deceased
43302,69592,75172,1908-01-01,1937-06-01,deceased
43303,69062,75173,1911-01-01,1959-06-01,deceased
43304,69220,75174,1912-01-01,1951-06-01,deceased
43305,68633,75175,1913-01-01,1950-06-01,deceased
43306,70540,75176,1908-01-01,1939-06-01,deceased
43307,66621,75178,1907-01-01,1957-06-01,deceased
43308,65182,75179,1912-01-01,1956-06-01,deceased
43309,64843,75180,1912-01-01,1928-06-01,deceased
43310,69488,75181,1910-01-01,1932-06-01,deceased
43311,71538,75182,1910-01-01,1943-06-01,deceased
43312,66568,75183,1909-01-01,1954-06-01,deceased
43313,65465,75185,1912-01-01,1939-06-01,deceased
43314,71267,75186,1909-01-01,1949-06-01,deceased
43315,66674,75187,1913-01-01,1956-06-01,deceased
43316,71220,75188,1910-01-01,1959-06-01,deceased
43317,71729,69880,1907-01-01,1962-06-01,deceased
43318,68934,75190,1907-01-01,1956-06-01,deceased
43319,71508,68150,1907-01-01,1945-06-01,deceased
43320,69261,75191,1907-01-01,1951-06-01,deceased
43321,66429,75192,1910-01-01,1943-06-01,deceased
43322,66154,75193,1907-01-01,1953-06-01,deceased
43323,66714,75194,1912-01-01,1946-06-01,deceased
43324,71908,75195,1907-01-01,1939-06-01,deceased
43325,72287,75196,1912-01-01,1937-06-01,deceased
43326,65352,71028,1912-01-01,1954-06-01,deceased
43327,72097,67112,1910-01-01,1933-06-01,deceased
43328,65296,75197,1910-01-01,1942-06-01,deceased
43329,70523,75198,1912-01-01,1938-06-01,deceased
43330,68401,75199,1912-01-01,1941-06-01,deceased
43331,68753,75201,1909-01-01,1930-06-01,deceased
43332,67849,75202,1912-01-01,1949-06-01,deceased
43333,69603,75203,1911-01-01,1950-06-01,deceased
43334,70525,75204,1913-01-01,1944-06-01,deceased
43335,65228,67431,1908-01-01,1954-06-01,deceased
43336,66098,75205,1912-01-01,1962-06-01,deceased
43337,67747,66323,1908-01-01,1936-06-01,deceased
43338,67831,67837,1911-01-01,1974-06-01,deceased
43339,70121,75206,1913-01-01,1937-06-01,deceased
43340,68266,75207,1908-01-01,1947-06-01,deceased
43341,70145,75208,1909-01-01,1937-06-01,deceased
43342,69320,75209,1910-01-01,1945-06-01,deceased
43343,65097,75210,1908-01-01,1971-06-01,deceased
43344,64708,75211,1912-01-01,1953-06-01,deceased
43345,64901,67816,1913-01-01,1971-06-01,deceased
43346,67917,75212,1908-01-01,1970-06-01,deceased
43347,69597,75213,1907-01-01,1926-06-01,deceased
43348,68366,75214,1908-01-01,1964-06-01,deceased
43349,69501,75215,1907-01-01,1959-06-01,deceased
43350,67608,75216,1912-01-01,1931-06-01,deceased
43351,66082,69020,1908-01-01,1948-06-01,deceased
43352,70149,75217,1910-01-01,1959-06-01,deceased
43353,66511,72394,1912-01-01,1931-06-01,deceased
43354,69637,75218,1909-01-01,1971-06-01,deceased
43355,68839,75219,1911-01-01,1958-06-01,deceased
43356,68698,75220,1908-01-01,1942-06-01,deceased
43357,68848,75221,1908-01-01,1932-06-01,deceased
43358,71261,75222,1910-01-01,1933-06-01,deceased
43359,69429,75223,1911-01-01,1942-06-01,deceased
43360,66091,75224,1910-01-01,1937-06-01,deceased
43361,70935,75225,1909-01-01,1930-06-01,deceased
43362,71353,75226,1909-01-01,1966-06-01,deceased
43363,70386,75227,1909-01-01,1932-06-01,deceased
43364,66517,64683,1913-01-01,1959-06-01,deceased
43365,68010,75228,1909-01-01,1935-06-01,deceased
43366,70249,75229,1913-01-01,1932-06-01,deceased
43367,68356,75230,1911-01-01,1932-06-01,deceased
43368,71740,75231,1909-01-01,1946-06-01,deceased
43369,71527,75232,1910-01-01,1935-06-01,deceased
43370,65560,75233,1912-01-01,1934-06-01,deceased
43371,69267,75234,1912-01-01,1960-06-01,deceased
43372,71119,75235,1912-01-01,1974-06-01,deceased
43373,68269,75236,1907-01-01,1953-06-01,deceased
43374,66035,75237,1908-01-01,1958-06-01,deceased
43375,72372,75238,1908-01-01,1938-06-01,deceased
43376,68742,67829,1908-01-01,1943-06-01,deceased
43377,69587,75242,1907-01-01,1945-06-01,deceased
43378,69618,75243,1908-01-01,1942-06-01,deceased
43379,71911,75244,1913-01-01,1943-06-01,deceased
43380,67841,75245,1909-01-01,1933-06-01,deceased
43381,68439,75246,1908-01-01,1937-06-01,deceased
43382,71435,75247,1913-01-01,1963-06-01,deceased
43383,70526,75248,1907-01-01,1940-06-01,deceased
43384,67225,75250,1908-01-01,1927-06-01,deceased
43385,69206,75251,1912-01-01,1934-06-01,deceased
43386,65641,75252,1911-01-01,1938-06-01,deceased
43387,68849,75253,1909-01-01,1939-06-01,deceased
43388,67140,75254,1907-01-01,1945-06-01,deceased
43389,70037,75256,1910-01-01,1931-06-01,deceased
43390,67588,75257,1913-01-01,1949-06-01,deceased
43391,67538,75258,1912-01-01,1956-06-01,deceased
43392,70423,75260,1909-01-01,1944-06-01,deceased
43393,70066,75261,1910-01-01,1930-06-01,deceased
43394,69039,75262,1913-01-01,1963-06-01,deceased
43395,68254,75263,1912-01-01,1934-06-01,deceased
43396,68682,75265,1911-01-01,1954-06-01,deceased
43397,68085,71205,1909-01-01,1973-06-01,deceased
43398,70146,75266,1912-01-01,1948-06-01,deceased
43399,65509,75268,1910-01-01,1930-06-01,deceased
43400,65432,75269,1911-01-01,1937-06-01,deceased
43401,71426,75270,1912-01-01,1948-06-01,deceased
43402,66493,75271,1909-01-01,1949-06-01,deceased
43403,72090,75272,1909-01-01,1941-06-01,deceased
43404,65980,75273,1911-01-01,1962-06-01,deceased
43405,68922,75274,1911-01-01,1930-06-01,deceased
43406,71406,75275,1912-01-01,1938-06-01,deceased
43407,68353,71173,1913-01-01,1931-06-01,deceased
43408,68913,75276,1912-01-01,1942-06-01,deceased
43409,67075,75277,1910-01-01,1932-06-01,deceased
43410,65073,75278,1908-01-01,1944-06-01,deceased
43411,71214,75279,1913-01-01,1932-06-01,deceased
43412,66309,69625,1909-01-01,1941-06-01,deceased
43413,68355,75280,1909-01-01,1941-06-01,deceased
43414,72426,75281,1912-01-01,1940-06-01,deceased
43415,67248,75282,1912-01-01,1942-06-01,deceased
43416,65987,75283,1913-01-01,1954-06-01,deceased
43417,70135,75285,1909-01-01,1930-06-01,deceased
43418,67861,69687,1912-01-01,1938-06-01,deceased
43419,66092,67007,1907-01-01,1951-06-01,deceased
43420,71818,75286,1913-01-01,1954-06-01,deceased
43421,72095,67175,1912-01-01,1932-06-01,deceased
43422,70774,75287,1907-01-01,1967-06-01,deceased
43423,67011,75288,1912-01-01,1931-06-01,deceased
43424,70035,75289,1908-01-01,1940-06-01,deceased
43425,66292,75290,1913-01-01,1952-06-01,deceased
43426,66488,75291,1910-01-01,1949-06-01,deceased
43427,70927,75292,1907-01-01,1925-06-01,deceased
43428,66589,67853,1913-01-01,1959-06-01,deceased
43429,71856,75293,1909-01-01,1964-06-01,deceased
43430,66542,75294,1910-01-01,1964-06-01,deceased
43431,70873,75295,1912-01-01,1968-06-01,deceased
43432,71151,75296,1910-01-01,1959-06-01,deceased
43433,71120,75297,1910-01-01,1952-06-01,deceased
43434,68071,75298,1909-01-01,1949-06-01,deceased
43435,70874,75299,1908-01-01,1939-06-01,deceased
43436,71089,68363,1911-01-01,1937-06-01,deceased
43437,67856,75302,1913-01-01,1948-06-01,deceased
43438,71691,68584,1911-01-01,1957-06-01,deceased
43439,68540,75304,1907-01-01,1959-06-01,deceased
43440,72181,75305,1907-01-01,1949-06-01,deceased
43441,66169,75306,1908-01-01,1968-06-01,deceased
43442,67141,75307,1911-01-01,1950-06-01,deceased
43443,69248,75308,1913-01-01,1945-06-01,deceased
43444,67380,69076,1907-01-01,1931-06-01,deceased
43445,66783,75309,1910-01-01,1936-06-01,deceased
43446,68755,75310,1909-01-01,1929-06-01,deceased
43447,68340,75311,1908-01-01,1930-06-01,deceased
43448,65124,75312,1913-01-01,1952-06-01,deceased
43449,70910,75313,1909-01-01,1934-06-01,deceased
43450,65570,71635,1908-01-01,1939-06-01,deceased
43451,66289,75314,1910-01-01,1938-06-01,deceased
43452,66096,75315,1911-01-01,1950-06-01,deceased
43453,67394,75316,1913-01-01,1960-06-01,deceased
43454,69233,75317,1912-01-01,1952-06-01,deceased
43455,70189,69158,1909-01-01,1937-06-01,deceased
43456,66566,75318,1911-01-01,1934-06-01,deceased
43457,70102,75319,1908-01-01,1926-06-01,deceased
43458,67427,75320,1909-01-01,1930-06-01,deceased
43459,72256,64761,1909-01-01,1970-06-01,deceased
43460,67402,75321,1910-01-01,1931-06-01,deceased
43461,66054,75322,1907-01-01,1930-06-01,deceased
43462,71715,75323,1908-01-01,1956-06-01,deceased
43463,66730,75325,1910-01-01,1946-06-01,deceased
43464,67499,75326,1908-01-01,1929-06-01,deceased
43465,65144,75327,1908-01-01,1966-06-01,deceased
43466,67003,75328,1912-01-01,1948-06-01,deceased
43467,71011,75331,1913-01-01,1939-06-01,deceased
43468,70562,70665,1912-01-01,1962-06-01,deceased
43469,65674,75332,1912-01-01,1972-06-01,deceased
43470,66071,75333,1909-01-01,1964-06-01,deceased
43471,64608,75334,1912-01-01,1930-06-01,deceased
43472,72404,75335,1912-01-01,1962-06-01,deceased
43473,70282,75336,1910-01-01,1935-06-01,deceased
43474,65065,70472,1911-01-01,1944-06-01,deceased
43475,72257,75337,1911-01-01,1942-06-01,deceased
43476,66199,75338,1907-01-01,1922-06-01,deceased
43477,68002,75339,1910-01-01,1951-06-01,deceased
43478,70976,75342,1908-01-01,1958-06-01,deceased
43479,64948,75343,1908-01-01,1947-06-01,deceased
43480,65258,68374,1907-01-01,1935-06-01,deceased
43481,68724,75344,1911-01-01,1932-06-01,deceased
43482,68099,75345,1912-01-01,1962-06-01,deceased
43483,71577,75346,1913-01-01,1934-06-01,deceased
43484,65537,75347,1913-01-01,1949-06-01,deceased
43485,71739,75348,1912-01-01,1937-06-01,deceased
43486,66265,75350,1908-01-01,1940-06-01,deceased
43487,66109,75351,1910-01-01,1954-06-01,deceased
43488,69114,75353,1913-01-01,1948-06-01,deceased
43489,64775,75354,1912-01-01,1965-06-01,deceased
43490,65732,75356,1912-01-01,1975-06-01,deceased
43491,65719,75357,1908-01-01,1929-06-01,deceased
43492,70377,75358,1909-01-01,1948-06-01,deceased
43493,70079,75359,1912-01-01,1953-06-01,deceased
43494,67313,75360,1911-01-01,1933-06-01,deceased
43495,70704,75361,1911-01-01,1954-06-01,deceased
43496,65031,75362,1909-01-01,1965-06-01,deceased
43497,67806,68765,1912-01-01,1930-06-01,deceased
43498,67964,75363,1908-01-01,1925-06-01,deceased
43499,68958,75364,1912-01-01,1942-06-01,deceased
43500,68372,75365,1910-01-01,1955-06-01,deceased
43501,69251,75366,1912-01-01,1938-06-01,deceased
43502,68164,75367,1908-01-01,1956-06-01,deceased
43503,67743,75368,1909-01-01,1946-06-01,deceased
43504,71541,75369,1912-01-01,1927-06-01,deceased
43505,66961,75370,1909-01-01,1952-06-01,deceased
43506,71984,75371,1911-01-01,1939-06-01,deceased
43507,69751,65283,1913-01-01,1936-06-01,deceased
43508,71102,75372,1908-01-01,1931-06-01,deceased
43509,70528,75373,1907-01-01,1944-06-01,deceased
43510,70568,75374,1911-01-01,1930-06-01,deceased
43511,68240,75375,1911-01-01,1951-06-01,deceased
43512,65400,75376,1907-01-01,1940-06-01,deceased
43513,71757,75377,1908-01-01,1966-06-01,deceased
43514,70834,75378,1907-01-01,1928-06-01,deceased
43515,67761,75379,1913-01-01,1957-06-01,deceased
43516,67528,75380,1909-01-01,1942-06-01,deceased
43517,70545,75381,1909-01-01,1930-06-01,deceased
43518,71111,69717,1908-01-01,1935-06-01,deceased
43519,71095,75383,1913-01-01,1934-06-01,deceased
43520,66504,75384,1909-01-01,1935-06-01,deceased
43521,67203,75385,1910-01-01,1944-06-01,deceased
43522,71863,75386,1913-01-01,1955-06-01,deceased
43523,66938,75387,1907-01-01,1938-06-01,deceased
43524,65675,75388,1908-01-01,1939-06-01,deceased
43525,65949,75389,1907-01-01,1947-06-01,deceased
43526,69478,75390,1908-01-01,1926-06-01,deceased
43527,69580,75391,1907-01-01,1932-06-01,deceased
43528,65476,75392,1907-01-01,1927-06-01,deceased
43529,65998,75393,1910-01-01,1928-06-01,deceased
43530,65393,75394,1911-01-01,1935-06-01,deceased
43531,70480,75395,1907-01-01,1948-06-01,deceased
43532,70721,75396,1911-01-01,1962-06-01,deceased
43533,68643,75397,1913-01-01,1945-06-01,deceased
43534,66630,65720,1909-01-01,1946-06-01,deceased
43535,70758,64700,1912-01-01,1937-06-01,deceased
43536,72020,75398,1913-01-01,1970-06-01,deceased
43537,68689,75399,1912-01-01,1938-06-01,deceased
43538,65354,75400,1908-01-01,1974-06-01,deceased
43539,69837,75401,1913-01-01,1957-06-01,deceased
43540,71846,75403,1911-01-01,1932-06-01,deceased
43541,64659,75404,1913-01-01,1942-06-01,deceased
43542,65628,75405,1907-01-01,1928-06-01,deceased
43543,71613,75406,1909-01-01,1931-06-01,deceased
43544,69474,75407,1908-01-01,1948-06-01,deceased
43545,69326,75408,1907-01-01,1928-06-01,deceased
43546,65152,75409,1908-01-01,1933-06-01,deceased
43547,64738,75410,1909-01-01,1966-06-01,deceased
43548,69821,75411,1907-01-01,1929-06-01,deceased
43549,68152,75412,1908-01-01,1928-06-01,deceased
43550,68313,75413,1912-01-01,1953-06-01,deceased
43551,70362,75414,1907-01-01,1937-06-01,deceased
43552,69980,75415,1912-01-01,1939-06-01,deceased
43553,68666,75416,1909-01-01,1925-06-01,deceased
43554,70313,75417,1911-01-01,1960-06-01,deceased
43555,65123,75419,1908-01-01,1926-06-01,deceased
43556,67296,75420,1911-01-01,1942-06-01,deceased
43557,69688,75422,1908-01-01,1963-06-01,deceased
43558,69316,75423,1913-01-01,1934-06-01,deceased
43559,64666,75425,1913-01-01,1944-06-01,deceased
43560,70088,75427,1912-01-01,1936-06-01,deceased
43561,67027,75428,1909-01-01,1964-06-01,deceased
43562,68604,75429,1907-01-01,1942-06-01,deceased
43563,70714,75430,1912-01-01,1932-06-01,deceased
43564,72062,75431,1910-01-01,1951-06-01,deceased
43565,71355,64599,1907-01-01,1972-06-01,deceased
43566,65865,75432,1907-01-01,1960-06-01,deceased
43567,65338,70852,1909-01-01,1932-06-01,deceased
43568,69921,75433,1912-01-01,1969-06-01,deceased
43569,72243,75434,1907-01-01,1928-06-01,deceased
43570,70405,75435,1912-01-01,1929-06-01,deceased
43571,69662,75436,1907-01-01,1931-06-01,deceased
43572,71163,75437,1909-01-01,1934-06-01,deceased
43573,68144,75438,1913-01-01,1940-06-01,deceased
43574,67091,75439,1912-01-01,1975-06-01,deceased
43575,72334,75441,1911-01-01,1929-06-01,deceased
43576,69876,75442,1910-01-01,1946-06-01,deceased
43577,70164,75443,1909-01-01,1938-06-01,deceased
43578,65379,70685,1911-01-01,1955-06-01,deceased
43579,65006,75444,1913-01-01,1932-06-01,deceased
43580,68119,68576,1912-01-01,1953-06-01,deceased
43581,72347,75445,1909-01-01,1971-06-01,deceased
43582,64734,75446,1908-01-01,1942-06-01,deceased
43583,69626,75447,1911-01-01,1972-06-01,deceased
43584,64625,75448,1912-01-01,1945-06-01,deceased
43585,71065,66067,1907-01-01,1954-06-01,deceased
43586,70579,75449,1912-01-01,1946-06-01,deceased
43587,66712,75450,1909-01-01,1938-06-01,deceased
43588,69775,75451,1913-01-01,1949-06-01,deceased
43589,65990,75452,1912-01-01,1931-06-01,deceased
43590,66236,75453,1909-01-01,1949-06-01,deceased
43591,67087,75454,1912-01-01,1946-06-01,deceased
43592,65904,75455,1913-01-01,1931-06-01,deceased
43593,67099,75457,1913-01-01,1944-06-01,deceased
43594,67820,75459,1910-01-01,1960-06-01,deceased
43595,72302,75460,1913-01-01,1932-06-01,deceased
43596,69302,75461,1911-01-01,1957-06-01,deceased
43597,64908,75462,1909-01-01,1968-06-01,deceased
43598,72393,75463,1912-01-01,1937-06-01,deceased
43599,66041,75464,1908-01-01,1939-06-01,deceased
43600,71016,75465,1907-01-01,1938-06-01,deceased
43601,66009,70068,1908-01-01,1954-06-01,deceased
43602,69575,75466,1912-01-01,1958-06-01,deceased
43603,65895,75467,1907-01-01,1930-06-01,deceased
43604,72150,75468,1912-01-01,1935-06-01,deceased
43605,72310,75469,1909-01-01,1939-06-01,deceased
43606,67300,75470,1911-01-01,1955-06-01,deceased
43607,69652,75471,1910-01-01,1967-06-01,deceased
43608,65030,72164,1910-01-01,1958-06-01,deceased
43609,69864,75472,1907-01-01,1950-06-01,deceased
43610,64813,75473,1908-01-01,1940-06-01,deceased
43611,71981,75474,1911-01-01,1963-06-01,deceased
43612,71771,75475,1909-01-01,1953-06-01,deceased
43613,71055,75477,1909-01-01,1927-06-01,deceased
43614,65971,75478,1910-01-01,1950-06-01,deceased
43615,68613,75479,1911-01-01,1946-06-01,deceased
43616,67600,75480,1907-01-01,1939-06-01,deceased
43617,66412,75481,1907-01-01,1936-06-01,deceased
43618,68262,75482,1912-01-01,1953-06-01,deceased
43619,70615,75483,1912-01-01,1937-06-01,deceased
43620,65651,75484,1912-01-01,1940-06-01,deceased
43621,68273,75485,1907-01-01,1926-06-01,deceased
43622,68060,75486,1910-01-01,1930-06-01,deceased
43623,71705,75487,1912-01-01,1937-06-01,deceased
43624,70786,75488,1907-01-01,1932-06-01,deceased
43625,68463,75489,1910-01-01,1952-06-01,deceased
43626,66089,75490,1912-01-01,1959-06-01,deceased
43627,66781,75491,1910-01-01,1950-06-01,deceased
43628,67043,75494,1908-01-01,1926-06-01,deceased
43629,67844,75495,1910-01-01,1943-06-01,deceased
43630,67977,75496,1909-01-01,1924-06-01,deceased
43631,72217,75497,1909-01-01,1938-06-01,deceased
43632,64651,75498,1910-01-01,1943-06-01,deceased
43633,71397,75500,1909-01-01,1937-06-01,deceased
43634,64694,75501,1907-01-01,1941-06-01,deceased
43635,72041,75504,1911-01-01,1930-06-01,deceased
43636,68289,75505,1913-01-01,1963-06-01,deceased
43637,69334,75506,1911-01-01,1958-06-01,deceased
43638,66574,67484,1907-01-01,1966-06-01,deceased
43639,69049,75507,1909-01-01,1963-06-01,deceased
43640,72304,75508,1913-01-01,1951-06-01,deceased
43641,65310,75509,1907-01-01,1927-06-01,deceased
43642,71608,75510,1908-01-01,1940-06-01,deceased
43643,69171,75511,1912-01-01,1968-06-01,deceased
43644,65673,75512,1912-01-01,1968-06-01,deceased
43645,69339,66371,1910-01-01,1951-06-01,deceased
43646,65277,75513,1911-01-01,1966-06-01,deceased
43647,67480,75515,1912-01-01,1954-06-01,deceased
43648,69549,75516,1908-01-01,1938-06-01,deceased
43649,71867,75517,1910-01-01,1959-06-01,deceased
43650,69159,66146,1908-01-01,1935-06-01,deceased
43651,72421,66437,1909-01-01,1950-06-01,deceased
43652,69920,75518,1913-01-01,1935-06-01,deceased
43653,70115,75519,1907-01-01,1934-06-01,deceased
43654,68629,75520,1908-01-01,1930-06-01,deceased
43655,72145,75521,1913-01-01,1933-06-01,deceased
43656,67457,75522,1911-01-01,1952-06-01,deceased
43657,69756,66102,1912-01-01,1945-06-01,deceased
43658,71582,75523,1913-01-01,1953-06-01,deceased
43659,72259,75524,1909-01-01,1939-06-01,deceased
43660,64859,75525,1911-01-01,1972-06-01,deceased
43661,70226,75526,1911-01-01,1968-06-01,deceased
43662,71196,75527,1912-01-01,1948-06-01,deceased
43663,69459,75528,1909-01-01,1963-06-01,deceased
43664,71522,75529,1911-01-01,1962-06-01,deceased
43665,64658,67642,1912-01-01,1972-06-01,deceased
43666,65978,75530,1911-01-01,1949-06-01,deceased
43667,70931,66307,1909-01-01,1961-06-01,deceased
43668,67931,75531,1908-01-01,1953-06-01,deceased
43669,68842,75532,1910-01-01,1938-06-01,deceased
43670,65775,70717,1913-01-01,1955-06-01,deceased
43671,65750,66048,1909-01-01,1937-06-01,deceased
43672,67879,75533,1909-01-01,1950-06-01,deceased
43673,72146,75534,1907-01-01,1931-06-01,deceased
43674,72293,75535,1910-01-01,1957-06-01,deceased
43675,72254,75536,1913-01-01,1953-06-01,deceased
43676,65733,75537,1911-01-01,1956-06-01,deceased
43677,67954,75538,1909-01-01,1934-06-01,deceased
43678,72136,75539,1907-01-01,1942-06-01,deceased
43679,70864,75540,1909-01-01,1956-06-01,deceased
43680,70279,75542,1911-01-01,1955-06-01,deceased
43681,70280,75543,1913-01-01,1936-06-01,deceased
43682,70779,71003,1913-01-01,1965-06-01,deceased
43683,65653,71646,1907-01-01,1966-06-01,deceased
43684,65582,75544,1911-01-01,1943-06-01,deceased
43685,65924,75545,1907-01-01,1947-06-01,deceased
43686,70672,75547,1908-01-01,1932-06-01,deceased
43687,69895,75548,1908-01-01,1922-06-01,deceased
43688,67332,75549,1910-01-01,1945-06-01,deceased
43689,66340,75550,1910-01-01,1963-06-01,deceased
43690,66306,75551,1907-01-01,1932-06-01,deceased
43691,70113,75552,1912-01-01,1937-06-01,deceased
43692,71287,75553,1910-01-01,1933-06-01,deceased
43693,70339,69214,1911-01-01,1959-06-01,deceased
43694,71256,75554,1908-01-01,1930-06-01,deceased
43695,67680,72371,1911-01-01,1937-06-01,deceased
43696,69714,75555,1909-01-01,1935-06-01,deceased
43697,67360,75556,1913-01-01,1946-06-01,deceased
43698,65167,75558,1913-01-01,1959-06-01,deceased
43699,64559,75559,1909-01-01,1964-06-01,deceased
43700,65881,75560,1911-01-01,1936-06-01,deceased
43701,68790,75561,1908-01-01,1953-06-01,deceased
43702,70576,75562,1909-01-01,1929-06-01,deceased
43703,71191,75564,1909-01-01,1939-06-01,deceased
43704,65541,75565,1912-01-01,1967-06-01,deceased
43705,69253,75566,1909-01-01,1949-06-01,deceased
43706,70762,66148,1909-01-01,1930-06-01,deceased
43707,66336,75567,1912-01-01,1937-06-01,deceased
43708,70858,75569,1908-01-01,1953-06-01,deceased
43709,69440,75570,1913-01-01,1958-06-01,deceased
43710,66850,75571,1913-01-01,1960-06-01,deceased
43711,69085,75572,1910-01-01,1925-06-01,deceased
43712,69645,75573,1912-01-01,1926-06-01,deceased
43713,69122,75574,1908-01-01,1932-06-01,deceased
43714,69987,75576,1907-01-01,1961-06-01,deceased
43715,68278,65180,1912-01-01,1961-06-01,deceased
43716,69403,75578,1911-01-01,1932-06-01,deceased
43717,69163,75579,1912-01-01,1936-06-01,deceased
43718,66790,75580,1912-01-01,1942-06-01,deceased
43719,66919,75581,1910-01-01,1931-06-01,deceased
43720,70465,75582,1913-01-01,1935-06-01,deceased
43721,67571,65174,1910-01-01,1928-06-01,deceased
43722,67644,75583,1907-01-01,1951-06-01,deceased
43723,69852,75585,1907-01-01,1944-06-01,deceased
43724,67064,75586,1912-01-01,1934-06-01,deceased
43725,70573,75587,1911-01-01,1948-06-01,deceased
43726,65960,75588,1907-01-01,1928-06-01,deceased
43727,65579,75589,1910-01-01,1965-06-01,deceased
43728,71343,69438,1907-01-01,1948-06-01,deceased
43729,71069,75591,1907-01-01,1955-06-01,deceased
43730,64760,75592,1913-01-01,1970-06-01,deceased
43731,70286,75593,1907-01-01,1946-06-01,deceased
43732,67293,75594,1908-01-01,1930-06-01,deceased
43733,64881,75596,1910-01-01,1962-06-01,deceased
43734,69151,75597,1909-01-01,1928-06-01,deceased
43735,71550,75598,1912-01-01,1942-06-01,deceased
43736,65249,75600,1907-01-01,1938-06-01,deceased
43737,67469,75601,1911-01-01,1931-06-01,deceased
43738,66441,75602,1907-01-01,1936-06-01,deceased
43739,68692,75604,1910-01-01,1929-06-01,deceased
43740,69464,75605,1909-01-01,1961-06-01,deceased
43741,67626,75606,1910-01-01,1940-06-01,deceased
43742,69544,75608,1911-01-01,1935-06-01,deceased
43743,69700,75609,1913-01-01,1945-06-01,deceased
43744,72344,75610,1910-01-01,1952-06-01,deceased
43745,69886,75611,1907-01-01,1938-06-01,deceased
43746,72239,75612,1907-01-01,1933-06-01,deceased
43747,69290,75613,1912-01-01,1956-06-01,deceased
43748,64638,75614,1913-01-01,1929-06-01,deceased
43749,66904,75615,1910-01-01,1956-06-01,deceased
43750,65184,75617,1910-01-01,1937-06-01,deceased
43751,71642,69073,1909-01-01,1963-06-01,deceased
43752,64722,75618,1908-01-01,1928-06-01,deceased
43753,71447,69894,1913-01-01,1937-06-01,deceased
43754,70383,75619,1911-01-01,1943-06-01,deceased
43755,67815,75620,1907-01-01,1954-06-01,deceased
43756,70463,75621,1909-01-01,1930-06-01,deceased
43757,66240,75622,1912-01-01,1968-06-01,deceased
43758,68238,75623,1911-01-01,1926-06-01,deceased
43759,68407,75624,1910-01-01,1931-06-01,deceased
43760,66205,75625,1912-01-01,1963-06-01,deceased
43761,69285,75626,1909-01-01,1970-06-01,deceased
43762,69021,75627,1912-01-01,1941-06-01,deceased
43763,68874,75628,1907-01-01,1936-06-01,deceased
43764,69071,75629,1911-01-01,1925-06-01,deceased
43765,67410,65790,1911-01-01,1951-06-01,deceased
43766,64593,75630,1913-01-01,1949-06-01,deceased
43767,64744,75631,1913-01-01,1954-06-01,deceased
43768,71105,75632,1909-01-01,1944-06-01,deceased
43769,69973,75633,1913-01-01,1941-06-01,deceased
43770,66147,75634,1912-01-01,1946-06-01,deceased
43771,68316,75636,1908-01-01,1928-06-01,deceased
43772,71600,75637,1911-01-01,1951-06-01,deceased
43773,65346,75638,1912-01-01,1933-06-01,deceased
43774,70466,75639,1909-01-01,1942-06-01,deceased
43775,69078,75640,1913-01-01,1945-06-01,deceased
43776,72176,75641,1910-01-01,1936-06-01,deceased
43777,66120,75642,1912-01-01,1942-06-01,deceased
43778,70693,75643,1910-01-01,1939-06-01,deceased
43779,69791,75644,1907-01-01,1939-06-01,deceased
43780,66411,75645,1908-01-01,1933-06-01,deceased
43781,70926,75647,1908-01-01,1948-06-01,deceased
43782,70108,75648,1907-01-01,1957-06-01,deceased
43783,66641,75649,1907-01-01,1953-06-01,deceased
43784,65549,75651,1911-01-01,1956-06-01,deceased
43785,64903,75652,1911-01-01,1961-06-01,deceased
43786,66594,66829,1908-01-01,1956-06-01,deceased
43787,64752,75653,1908-01-01,1948-06-01,deceased
43788,70533,75654,1910-01-01,1928-06-01,deceased
43789,65390,75655,1911-01-01,1939-06-01,deceased
43790,66586,75656,1913-01-01,1954-06-01,deceased
43791,69681,75657,1910-01-01,1935-06-01,deceased
43792,71224,75658,1907-01-01,1948-06-01,deceased
43793,72141,75659,1908-01-01,1954-06-01,deceased
43794,65529,68590,1911-01-01,1933-06-01,deceased
43795,69075,75660,1911-01-01,1939-06-01,deceased
43796,67328,75661,1911-01-01,1932-06-01,deceased
43797,70330,66286,1912-01-01,1933-06-01,deceased
43798,68975,75662,1912-01-01,1937-06-01,deceased
43799,69739,75663,1913-01-01,1937-06-01,deceased
43800,71949,75664,1913-01-01,1943-06-01,deceased
43801,65295,75665,1910-01-01,1935-06-01,deceased
43802,66136,75666,1910-01-01,1937-06-01,deceased
43803,67576,75668,1907-01-01,1947-06-01,deceased
43804,66311,75669,1912-01-01,1939-06-01,deceased
43805,71364,75670,1912-01-01,1961-06-01,deceased
43806,66876,75671,1908-01-01,1950-06-01,deceased
43807,68615,75672,1907-01-01,1924-06-01,deceased
43808,69333,75673,1909-01-01,1939-06-01,deceased
43809,68210,75674,1911-01-01,1953-06-01,deceased
43810,67379,75675,1913-01-01,1955-06-01,deceased
43811,71164,65273,1907-01-01,1935-06-01,deceased
43812,68741,75676,1908-01-01,1953-06-01,deceased
43813,70975,75678,1911-01-01,1958-06-01,deceased
43814,71546,75679,1910-01-01,1947-06-01,deceased
43815,67161,75680,1913-01-01,1951-06-01,deceased
43816,66552,75681,1911-01-01,1942-06-01,deceased
43817,69086,75682,1907-01-01,1926-06-01,deceased
43818,70260,75683,1913-01-01,1931-06-01,deceased
43819,65591,75684,1912-01-01,1949-06-01,deceased
43820,67686,75686,1907-01-01,1936-06-01,deceased
43821,66742,75687,1909-01-01,1958-06-01,deceased
43822,66294,75688,1909-01-01,1975-06-01,deceased
43823,66097,75690,1913-01-01,1940-06-01,deceased
43824,70254,75691,1909-01-01,1934-06-01,deceased
43825,70396,75692,1911-01-01,1947-06-01,deceased
43826,69986,72437,1911-01-01,1977-06-01,deceased
43827,68767,75693,1910-01-01,1971-06-01,deceased
43828,71409,75694,1913-01-01,1950-06-01,deceased
43829,70594,75695,1911-01-01,1936-06-01,deceased
43830,68507,75696,1912-01-01,1930-06-01,deceased
43831,65304,75697,1912-01-01,1941-06-01,deceased
43832,66255,75698,1910-01-01,1933-06-01,deceased
43833,68183,75700,1911-01-01,1943-06-01,deceased
43834,67892,75701,1910-01-01,1939-06-01,deceased
43835,65836,75702,1909-01-01,1969-06-01,deceased
43836,71805,75703,1907-01-01,1942-06-01,deceased
43837,66830,75704,1913-01-01,1939-06-01,deceased
43838,69432,75705,1908-01-01,1926-06-01,deceased
43839,69586,75706,1911-01-01,1935-06-01,deceased
43840,66211,75707,1908-01-01,1935-06-01,deceased
43841,68847,75708,1911-01-01,1939-06-01,deceased
43842,72227,75709,1912-01-01,1939-06-01,deceased
43843,66756,70128,1908-01-01,1926-06-01,deceased
43844,65716,75710,1910-01-01,1939-06-01,deceased
43845,70435,75711,1911-01-01,1933-06-01,deceased
43846,65791,75712,1910-01-01,1952-06-01,deceased
43847,66882,75713,1912-01-01,1946-06-01,deceased
43848,66216,75714,1910-01-01,1933-06-01,deceased
43849,70683,75715,1908-01-01,1941-06-01,deceased
43850,70753,67920,1907-01-01,1942-06-01,deceased
43851,67929,75716,1909-01-01,1946-06-01,deceased
43852,65058,75718,1907-01-01,1933-06-01,deceased
43853,71494,75719,1911-01-01,1969-06-01,deceased
43854,71768,75720,1907-01-01,1967-06-01,deceased
43855,71998,75721,1909-01-01,1937-06-01,deceased
43856,65459,75723,1912-01-01,1945-06-01,deceased
43857,69407,75724,1909-01-01,1929-06-01,deceased
43858,72199,75725,1907-01-01,1961-06-01,deceased
43859,67324,75726,1908-01-01,1928-06-01,deceased
43860,68924,66019,1910-01-01,1928-06-01,deceased
43861,71133,70413,1908-01-01,1959-06-01,deceased
43862,68607,75729,1909-01-01,1944-06-01,deceased
43863,70450,75730,1907-01-01,1943-06-01,deceased
43864,70006,75731,1908-01-01,1930-06-01,deceased
43865,64702,75732,1912-01-01,1932-06-01,deceased
43866,64677,75733,1912-01-01,1927-06-01,deceased
43867,65739,75734,1911-01-01,1950-06-01,deceased
43868,64878,75735,1909-01-01,1952-06-01,deceased
43869,66164,71512,1909-01-01,1934-06-01,deceased
43870,66072,75736,1910-01-01,1946-06-01,deceased
43871,64654,75737,1909-01-01,1935-06-01,deceased
43872,65766,75738,1910-01-01,1948-06-01,deceased
43873,65049,67433,1911-01-01,1954-06-01,deceased
43874,66145,75739,1910-01-01,1933-06-01,deceased
43875,66922,75740,1908-01-01,1930-06-01,deceased
43876,65655,64996,1907-01-01,1933-06-01,deceased
43877,66129,75742,1907-01-01,1946-06-01,deceased
43878,69975,71521,1912-01-01,1962-06-01,deceased
43879,67462,75743,1912-01-01,1940-06-01,deceased
43880,65935,75744,1913-01-01,1938-06-01,deceased
43881,71563,68369,1907-01-01,1950-06-01,deceased
43882,71212,75746,1908-01-01,1945-06-01,deceased
43883,67995,75747,1908-01-01,1929-06-01,deceased
43884,65718,75748,1910-01-01,1950-06-01,deceased
43885,68493,75749,1907-01-01,1936-06-01,deceased
43886,67543,75750,1907-01-01,1962-06-01,deceased
43887,71648,75751,1913-01-01,1972-06-01,deceased
43888,71668,75752,1909-01-01,1962-06-01,deceased
43889,70726,75753,1913-01-01,1944-06-01,deceased
43890,70448,75754,1913-01-01,1960-06-01,deceased
43891,65384,75756,1907-01-01,1959-06-01,deceased
43892,68621,75757,1909-01-01,1933-06-01,deceased
43893,70742,75758,1910-01-01,1959-06-01,deceased
43894,65072,75759,1911-01-01,1957-06-01,deceased
43895,72043,75760,1912-01-01,1933-06-01,deceased
43896,69694,75761,1908-01-01,1939-06-01,deceased
43897,66866,75764,1912-01-01,1930-06-01,deceased
43898,66113,75765,1908-01-01,1936-06-01,deceased
43899,65922,66845,1907-01-01,1935-06-01,deceased
43900,69175,75766,1909-01-01,1940-06-01,deceased
43901,70863,75767,1908-01-01,1931-06-01,deceased
43902,69240,75768,1913-01-01,1960-06-01,deceased
43903,67202,75769,1908-01-01,1947-06-01,deceased
43904,66184,75770,1910-01-01,1955-06-01,deceased
43905,72463,75771,1908-01-01,1934-06-01,deceased
43906,64555,75772,1912-01-01,1942-06-01,deceased
43907,66046,75773,1909-01-01,1947-06-01,deceased
43908,68220,75774,1908-01-01,1952-06-01,deceased
43909,70626,75775,1910-01-01,1928-06-01,deceased
43910,71296,75776,1912-01-01,1969-06-01,deceased
43911,68192,75777,1911-01-01,1936-06-01,deceased
43912,67479,75778,1909-01-01,1956-06-01,deceased
43913,69003,75779,1913-01-01,1938-06-01,deceased
43914,70157,75780,1912-01-01,1940-06-01,deceased
43915,66056,75781,1913-01-01,1960-06-01,deceased
43916,71755,65440,1909-01-01,1930-06-01,deceased
43917,68285,65846,1912-01-01,1970-06-01,deceased
43918,70373,70628,1913-01-01,1945-06-01,deceased
43919,69804,75786,1907-01-01,1934-06-01,deceased
43920,71873,75787,1913-01-01,1933-06-01,deceased
43921,68503,75788,1910-01-01,1964-06-01,deceased
43922,66993,75789,1908-01-01,1967-06-01,deceased
43923,71302,75790,1912-01-01,1931-06-01,deceased
43924,66433,75791,1910-01-01,1946-06-01,deceased
43925,70760,75792,1909-01-01,1968-06-01,deceased
43926,66858,75793,1912-01-01,1938-06-01,deceased
43927,72225,75794,1909-01-01,1929-06-01,deceased
43928,68025,66688,1909-01-01,1942-06-01,deceased
43929,65081,75797,1909-01-01,1935-06-01,deceased
43930,69183,69274,1910-01-01,1960-06-01,deceased
43931,69999,75798,1910-01-01,1944-06-01,deceased
43932,70215,75799,1911-01-01,1947-06-01,deceased
43933,71329,75800,1913-01-01,1968-06-01,deceased
43934,72048,75801,1907-01-01,1951-06-01,deceased
43935,65576,69964,1907-01-01,1968-06-01,deceased
43936,72418,66706,1910-01-01,1948-06-01,deceased
43937,71074,75802,1910-01-01,1929-06-01,deceased
43938,72432,75803,1908-01-01,1929-06-01,deceased
43939,70316,75804,1907-01-01,1945-06-01,deceased
43940,68064,75805,1910-01-01,1943-06-01,deceased
43941,71886,75806,1912-01-01,1941-06-01,deceased
43942,70602,75807,1909-01-01,1935-06-01,deceased
43943,72333,75808,1907-01-01,1956-06-01,deceased
43944,67912,75809,1911-01-01,1928-06-01,deceased
43945,67792,75810,1912-01-01,1938-06-01,deceased
43946,69401,75811,1912-01-01,1947-06-01,deceased
43947,66778,75812,1912-01-01,1939-06-01,deceased
43948,70005,75813,1913-01-01,1969-06-01,deceased
43949,66305,75814,1910-01-01,1933-06-01,deceased
43950,65014,75815,1913-01-01,1949-06-01,deceased
43951,69709,75816,1912-01-01,1931-06-01,deceased
43952,65762,66895,1911-01-01,1932-06-01,deceased
43953,65178,75817,1909-01-01,1955-06-01,deceased
43954,69169,75818,1913-01-01,1940-06-01,deceased
43955,70230,75819,1913-01-01,1941-06-01,deceased
43956,69204,75820,1910-01-01,1950-06-01,deceased
43957,71284,75821,1909-01-01,1929-06-01,deceased
43958,64705,75822,1911-01-01,1951-06-01,deceased
43959,65043,75824,1913-01-01,1960-06-01,deceased
43960,66497,75825,1911-01-01,1962-06-01,deceased
43961,69915,75826,1913-01-01,1950-06-01,deceased
43962,65603,75827,1909-01-01,1932-06-01,deceased
43963,69218,75829,1909-01-01,1966-06-01,deceased
43964,68940,75831,1913-01-01,1931-06-01,deceased
43965,65405,75832,1908-01-01,1927-06-01,deceased
43966,67880,75833,1910-01-01,1940-06-01,deceased
43967,64682,66249,1910-01-01,1936-06-01,deceased
43968,65516,75834,1908-01-01,1949-06-01,deceased
43969,71140,75835,1911-01-01,1947-06-01,deceased
43970,71604,75836,1911-01-01,1939-06-01,deceased
43971,67603,75837,1912-01-01,1952-06-01,deceased
43972,69568,75838,1908-01-01,1943-06-01,deceased
43973,65882,75839,1910-01-01,1952-06-01,deceased
43974,72038,75840,1910-01-01,1969-06-01,deceased
43975,70999,67604,1910-01-01,1929-06-01,deceased
43976,68206,75841,1909-01-01,1951-06-01,deceased
43977,67157,75844,1911-01-01,1931-06-01,deceased
43978,65361,75846,1911-01-01,1934-06-01,deceased
43979,65478,75848,1911-01-01,1936-06-01,deceased
43980,66058,75849,1909-01-01,1934-06-01,deceased
43981,66640,75850,1913-01-01,1939-06-01,deceased
43982,67938,75851,1909-01-01,1936-06-01,deceased
43983,67331,75852,1909-01-01,1965-06-01,deceased
43984,65017,75853,1909-01-01,1931-06-01,deceased
43985,68349,75854,1909-01-01,1936-06-01,deceased
43986,71823,75855,1910-01-01,1929-06-01,deceased
